{"Time":"2026-10-10T00:15:56.679771-04:00","Action":"start","Package":"fairdrop/internal/server"}
{"Time":"2026-10-10T00:15:56.942109-04:00","Action":"run","Package":"fairdrop/internal/server","Test":"TestNaturalCompletionWaitsForHTTPFinalization"}
{"Time":"2026-10-10T00:15:56.942206-04:00","Action":"output","Package":"fairdrop/internal/server","Test":"TestNaturalCompletionWaitsForHTTPFinalization","Output":"=== RUN   TestNaturalCompletionWaitsForHTTPFinalization\n","OutputType":"frame"}
{"Time":"2026-10-10T00:15:56.942245-04:00","Action":"run","Package":"fairdrop/internal/server","Test":"TestNaturalCompletionWaitsForHTTPFinalization/file/success"}
{"Time":"2026-10-10T00:15:56.942258-04:00","Action":"output","Package":"fairdrop/internal/server","Test":"TestNaturalCompletionWaitsForHTTPFinalization/file/success","Output":"=== RUN   TestNaturalCompletionWaitsForHTTPFinalization/file/success\n","OutputType":"frame"}
{"Time":"2026-10-10T00:15:56.94411-04:00","Action":"output","Package":"fairdrop/internal/server","Test":"TestNaturalCompletionWaitsForHTTPFinalization/file/success","Output":"--- PASS: TestNaturalCompletionWaitsForHTTPFinalization/file/success (0.00s)\n","OutputType":"frame"}
{"Time":"2026-10-10T00:15:56.944129-04:00","Action":"pass","Package":"fairdrop/internal/server","Test":"TestNaturalCompletionWaitsForHTTPFinalization/file/success","Elapsed":0}
{"Time":"2026-10-10T00:15:56.944146-04:00","Action":"run","Package":"fairdrop/internal/server","Test":"TestNaturalCompletionWaitsForHTTPFinalization/file/write-error"}
{"Time":"2026-10-10T00:15:56.94415-04:00","Action":"output","Package":"fairdrop/internal/server","Test":"TestNaturalCompletionWaitsForHTTPFinalization/file/write-error","Output":"=== RUN   TestNaturalCompletionWaitsForHTTPFinalization/file/write-error\n","OutputType":"frame"}
{"Time":"2026-10-10T00:15:56.944694-04:00","Action":"output","Package":"fairdrop/internal/server","Test":"TestNaturalCompletionWaitsForHTTPFinalization/file/write-error","Output":"--- PASS: TestNaturalCompletionWaitsForHTTPFinalization/file/write-error (0.00s)\n","OutputType":"frame"}
{"Time":"2026-10-10T00:15:56.944703-04:00","Action":"pass","Package":"fairdrop/internal/server","Test":"TestNaturalCompletionWaitsForHTTPFinalization/file/write-error","Elapsed":0}
{"Time":"2026-10-10T00:15:56.944717-04:00","Action":"run","Package":"fairdrop/internal/server","Test":"TestNaturalCompletionWaitsForHTTPFinalization/file/short-write"}
{"Time":"2026-10-10T00:15:56.944722-04:00","Action":"output","Package":"fairdrop/internal/server","Test":"TestNaturalCompletionWaitsForHTTPFinalization/file/short-write","Output":"=== RUN   TestNaturalCompletionWaitsForHTTPFinalization/file/short-write\n","OutputType":"frame"}
{"Time":"2026-10-10T00:15:56.94514-04:00","Action":"output","Package":"fairdrop/internal/server","Test":"TestNaturalCompletionWaitsForHTTPFinalization/file/short-write","Output":"--- PASS: TestNaturalCompletionWaitsForHTTPFinalization/file/short-write (0.00s)\n","OutputType":"frame"}
{"Time":"2026-10-10T00:15:56.945147-04:00","Action":"pass","Package":"fairdrop/internal/server","Test":"TestNaturalCompletionWaitsForHTTPFinalization/file/short-write","Elapsed":0}
{"Time":"2026-10-10T00:15:56.945152-04:00","Action":"run","Package":"fairdrop/internal/server","Test":"TestNaturalCompletionWaitsForHTTPFinalization/file/cancel"}
{"Time":"2026-10-10T00:15:56.945155-04:00","Action":"output","Package":"fairdrop/internal/server","Test":"TestNaturalCompletionWaitsForHTTPFinalization/file/cancel","Output":"=== RUN   TestNaturalCompletionWaitsForHTTPFinalization/file/cancel\n","OutputType":"frame"}
{"Time":"2026-10-10T00:15:56.945542-04:00","Action":"output","Package":"fairdrop/internal/server","Test":"TestNaturalCompletionWaitsForHTTPFinalization/file/cancel","Output":"--- PASS: TestNaturalCompletionWaitsForHTTPFinalization/file/cancel (0.00s)\n","OutputType":"frame"}
{"Time":"2026-10-10T00:15:56.945588-04:00","Action":"pass","Package":"fairdrop/internal/server","Test":"TestNaturalCompletionWaitsForHTTPFinalization/file/cancel","Elapsed":0}
{"Time":"2026-10-10T00:15:56.9456-04:00","Action":"run","Package":"fairdrop/internal/server","Test":"TestNaturalCompletionWaitsForHTTPFinalization/file/disconnect"}
{"Time":"2026-10-10T00:15:56.945637-04:00","Action":"output","Package":"fairdrop/internal/server","Test":"TestNaturalCompletionWaitsForHTTPFinalization/file/disconnect","Output":"=== RUN   TestNaturalCompletionWaitsForHTTPFinalization/file/disconnect\n","OutputType":"frame"}
{"Time":"2026-10-10T00:15:56.997093-04:00","Action":"output","Package":"fairdrop/internal/server","Test":"TestNaturalCompletionWaitsForHTTPFinalization/file/disconnect","Output":"--- PASS: TestNaturalCompletionWaitsForHTTPFinalization/file/disconnect (0.05s)\n","OutputType":"frame"}
{"Time":"2026-10-10T00:15:56.997128-04:00","Action":"pass","Package":"fairdrop/internal/server","Test":"TestNaturalCompletionWaitsForHTTPFinalization/file/disconnect","Elapsed":0.05}
{"Time":"2026-10-10T00:15:56.997347-04:00","Action":"run","Package":"fairdrop/internal/server","Test":"TestNaturalCompletionWaitsForHTTPFinalization/chunked/success"}
{"Time":"2026-10-10T00:15:56.997355-04:00","Action":"output","Package":"fairdrop/internal/server","Test":"TestNaturalCompletionWaitsForHTTPFinalization/chunked/success","Output":"=== RUN   TestNaturalCompletionWaitsForHTTPFinalization/chunked/success\n","OutputType":"frame"}
{"Time":"2026-10-10T00:15:56.997647-04:00","Action":"output","Package":"fairdrop/internal/server","Test":"TestNaturalCompletionWaitsForHTTPFinalization/chunked/success","Output":"--- PASS: TestNaturalCompletionWaitsForHTTPFinalization/chunked/success (0.00s)\n","OutputType":"frame"}
{"Time":"2026-10-10T00:15:56.997657-04:00","Action":"pass","Package":"fairdrop/internal/server","Test":"TestNaturalCompletionWaitsForHTTPFinalization/chunked/success","Elapsed":0}
{"Time":"2026-10-10T00:15:56.997663-04:00","Action":"run","Package":"fairdrop/internal/server","Test":"TestNaturalCompletionWaitsForHTTPFinalization/chunked/write-error"}
{"Time":"2026-10-10T00:15:56.997667-04:00","Action":"output","Package":"fairdrop/internal/server","Test":"TestNaturalCompletionWaitsForHTTPFinalization/chunked/write-error","Output":"=== RUN   TestNaturalCompletionWaitsForHTTPFinalization/chunked/write-error\n","OutputType":"frame"}
{"Time":"2026-10-10T00:15:56.998133-04:00","Action":"output","Package":"fairdrop/internal/server","Test":"TestNaturalCompletionWaitsForHTTPFinalization/chunked/write-error","Output":"--- PASS: TestNaturalCompletionWaitsForHTTPFinalization/chunked/write-error (0.00s)\n","OutputType":"frame"}
{"Time":"2026-10-10T00:15:56.998205-04:00","Action":"pass","Package":"fairdrop/internal/server","Test":"TestNaturalCompletionWaitsForHTTPFinalization/chunked/write-error","Elapsed":0}
{"Time":"2026-10-10T00:15:56.998212-04:00","Action":"run","Package":"fairdrop/internal/server","Test":"TestNaturalCompletionWaitsForHTTPFinalization/chunked/short-write"}
{"Time":"2026-10-10T00:15:56.998217-04:00","Action":"output","Package":"fairdrop/internal/server","Test":"TestNaturalCompletionWaitsForHTTPFinalization/chunked/short-write","Output":"=== RUN   TestNaturalCompletionWaitsForHTTPFinalization/chunked/short-write\n","OutputType":"frame"}
{"Time":"2026-10-10T00:15:56.998585-04:00","Action":"output","Package":"fairdrop/internal/server","Test":"TestNaturalCompletionWaitsForHTTPFinalization/chunked/short-write","Output":"--- PASS: TestNaturalCompletionWaitsForHTTPFinalization/chunked/short-write (0.00s)\n","OutputType":"frame"}
{"Time":"2026-10-10T00:15:56.998595-04:00","Action":"pass","Package":"fairdrop/internal/server","Test":"TestNaturalCompletionWaitsForHTTPFinalization/chunked/short-write","Elapsed":0}
{"Time":"2026-10-10T00:15:56.998601-04:00","Action":"run","Package":"fairdrop/internal/server","Test":"TestNaturalCompletionWaitsForHTTPFinalization/chunked/cancel"}
{"Time":"2026-10-10T00:15:56.998606-04:00","Action":"output","Package":"fairdrop/internal/server","Test":"TestNaturalCompletionWaitsForHTTPFinalization/chunked/cancel","Output":"=== RUN   TestNaturalCompletionWaitsForHTTPFinalization/chunked/cancel\n","OutputType":"frame"}
{"Time":"2026-10-10T00:15:56.998966-04:00","Action":"output","Package":"fairdrop/internal/server","Test":"TestNaturalCompletionWaitsForHTTPFinalization/chunked/cancel","Output":"--- PASS: TestNaturalCompletionWaitsForHTTPFinalization/chunked/cancel (0.00s)\n","OutputType":"frame"}
{"Time":"2026-10-10T00:15:56.998983-04:00","Action":"pass","Package":"fairdrop/internal/server","Test":"TestNaturalCompletionWaitsForHTTPFinalization/chunked/cancel","Elapsed":0}
{"Time":"2026-10-10T00:15:56.998989-04:00","Action":"run","Package":"fairdrop/internal/server","Test":"TestNaturalCompletionWaitsForHTTPFinalization/chunked/disconnect"}
{"Time":"2026-10-10T00:15:56.998998-04:00","Action":"output","Package":"fairdrop/internal/server","Test":"TestNaturalCompletionWaitsForHTTPFinalization/chunked/disconnect","Output":"=== RUN   TestNaturalCompletionWaitsForHTTPFinalization/chunked/disconnect\n","OutputType":"frame"}
{"Time":"2026-10-10T00:15:57.050513-04:00","Action":"output","Package":"fairdrop/internal/server","Test":"TestNaturalCompletionWaitsForHTTPFinalization/chunked/disconnect","Output":"--- PASS: TestNaturalCompletionWaitsForHTTPFinalization/chunked/disconnect (0.05s)\n","OutputType":"frame"}
{"Time":"2026-10-10T00:15:57.050531-04:00","Action":"pass","Package":"fairdrop/internal/server","Test":"TestNaturalCompletionWaitsForHTTPFinalization/chunked/disconnect","Elapsed":0.05}
{"Time":"2026-10-10T00:15:57.050538-04:00","Action":"output","Package":"fairdrop/internal/server","Test":"TestNaturalCompletionWaitsForHTTPFinalization","Output":"--- PASS: TestNaturalCompletionWaitsForHTTPFinalization (0.11s)\n","OutputType":"frame"}
{"Time":"2026-10-10T00:15:57.050543-04:00","Action":"pass","Package":"fairdrop/internal/server","Test":"TestNaturalCompletionWaitsForHTTPFinalization","Elapsed":0.11}
{"Time":"2026-10-10T00:15:57.050548-04:00","Action":"output","Package":"fairdrop/internal/server","Output":"PASS\n","OutputType":"frame"}
{"Time":"2026-10-10T00:15:57.051509-04:00","Action":"output","Package":"fairdrop/internal/server","Output":"ok  \tfairdrop/internal/server\t0.371s\n"}
{"Time":"2026-10-10T00:15:57.051522-04:00","Action":"pass","Package":"fairdrop/internal/server","Elapsed":0.372}
BASELINE PASSED: TestNaturalCompletionWaitsForHTTPFinalization (structured test and package pass)
{"Time":"2026-10-10T00:15:57.7312-04:00","Action":"start","Package":"fairdrop/internal/server"}
{"Time":"2026-10-10T00:15:58.010902-04:00","Action":"run","Package":"fairdrop/internal/server","Test":"TestPreparationFailureFinalizes410BeforeTerminalTeardown"}
{"Time":"2026-10-10T00:15:58.011101-04:00","Action":"output","Package":"fairdrop/internal/server","Test":"TestPreparationFailureFinalizes410BeforeTerminalTeardown","Output":"=== RUN   TestPreparationFailureFinalizes410BeforeTerminalTeardown\n","OutputType":"frame"}
{"Time":"2026-10-10T00:15:58.014192-04:00","Action":"output","Package":"fairdrop/internal/server","Test":"TestPreparationFailureFinalizes410BeforeTerminalTeardown","Output":"--- PASS: TestPreparationFailureFinalizes410BeforeTerminalTeardown (0.00s)\n","OutputType":"frame"}
{"Time":"2026-10-10T00:15:58.014221-04:00","Action":"pass","Package":"fairdrop/internal/server","Test":"TestPreparationFailureFinalizes410BeforeTerminalTeardown","Elapsed":0}
{"Time":"2026-10-10T00:15:58.014248-04:00","Action":"output","Package":"fairdrop/internal/server","Output":"PASS\n","OutputType":"frame"}
{"Time":"2026-10-10T00:15:58.014969-04:00","Action":"output","Package":"fairdrop/internal/server","Output":"ok  \tfairdrop/internal/server\t0.283s\n"}
{"Time":"2026-10-10T00:15:58.01499-04:00","Action":"pass","Package":"fairdrop/internal/server","Elapsed":0.284}
BASELINE PASSED: TestPreparationFailureFinalizes410BeforeTerminalTeardown (structured test and package pass)
{"Time":"2026-10-10T00:15:58.550719-04:00","Action":"start","Package":"fairdrop/internal/server"}
{"Time":"2026-10-10T00:15:58.814245-04:00","Action":"run","Package":"fairdrop/internal/server","Test":"TestHTTPRejectionsPreserveTCPHalfClose"}
{"Time":"2026-10-10T00:15:58.814393-04:00","Action":"output","Package":"fairdrop/internal/server","Test":"TestHTTPRejectionsPreserveTCPHalfClose","Output":"=== RUN   TestHTTPRejectionsPreserveTCPHalfClose\n","OutputType":"frame"}
{"Time":"2026-10-10T00:15:58.814475-04:00","Action":"run","Package":"fairdrop/internal/server","Test":"TestHTTPRejectionsPreserveTCPHalfClose/unread-body"}
{"Time":"2026-10-10T00:15:58.8145-04:00","Action":"output","Package":"fairdrop/internal/server","Test":"TestHTTPRejectionsPreserveTCPHalfClose/unread-body","Output":"=== RUN   TestHTTPRejectionsPreserveTCPHalfClose/unread-body\n","OutputType":"frame"}
{"Time":"2026-10-10T00:15:59.316516-04:00","Action":"output","Package":"fairdrop/internal/server","Test":"TestHTTPRejectionsPreserveTCPHalfClose/unread-body","Output":"--- PASS: TestHTTPRejectionsPreserveTCPHalfClose/unread-body (0.50s)\n","OutputType":"frame"}
{"Time":"2026-10-10T00:15:59.316574-04:00","Action":"pass","Package":"fairdrop/internal/server","Test":"TestHTTPRejectionsPreserveTCPHalfClose/unread-body","Elapsed":0.5}
{"Time":"2026-10-10T00:15:59.3166-04:00","Action":"run","Package":"fairdrop/internal/server","Test":"TestHTTPRejectionsPreserveTCPHalfClose/oversized-header"}
{"Time":"2026-10-10T00:15:59.316606-04:00","Action":"output","Package":"fairdrop/internal/server","Test":"TestHTTPRejectionsPreserveTCPHalfClose/oversized-header","Output":"=== RUN   TestHTTPRejectionsPreserveTCPHalfClose/oversized-header\n","OutputType":"frame"}
{"Time":"2026-10-10T00:15:59.818539-04:00","Action":"output","Package":"fairdrop/internal/server","Test":"TestHTTPRejectionsPreserveTCPHalfClose/oversized-header","Output":"--- PASS: TestHTTPRejectionsPreserveTCPHalfClose/oversized-header (0.50s)\n","OutputType":"frame"}
{"Time":"2026-10-10T00:15:59.818823-04:00","Action":"pass","Package":"fairdrop/internal/server","Test":"TestHTTPRejectionsPreserveTCPHalfClose/oversized-header","Elapsed":0.5}
{"Time":"2026-10-10T00:15:59.819021-04:00","Action":"output","Package":"fairdrop/internal/server","Test":"TestHTTPRejectionsPreserveTCPHalfClose","Output":"--- PASS: TestHTTPRejectionsPreserveTCPHalfClose (1.00s)\n","OutputType":"frame"}
{"Time":"2026-10-10T00:15:59.819079-04:00","Action":"pass","Package":"fairdrop/internal/server","Test":"TestHTTPRejectionsPreserveTCPHalfClose","Elapsed":1}
{"Time":"2026-10-10T00:15:59.819121-04:00","Action":"output","Package":"fairdrop/internal/server","Output":"PASS\n","OutputType":"frame"}
{"Time":"2026-10-10T00:15:59.822478-04:00","Action":"output","Package":"fairdrop/internal/server","Output":"ok  \tfairdrop/internal/server\t1.271s\n"}
{"Time":"2026-10-10T00:15:59.822607-04:00","Action":"pass","Package":"fairdrop/internal/server","Elapsed":1.272}
BASELINE PASSED: TestHTTPRejectionsPreserveTCPHalfClose (structured test and package pass)
{"Time":"2026-10-10T00:16:00.179126-04:00","Action":"start","Package":"fairdrop/internal/stream"}
{"Time":"2026-10-10T00:16:00.409208-04:00","Action":"run","Package":"fairdrop/internal/stream","Test":"TestWriteToConcurrentCallersStreamExactlyOnce"}
{"Time":"2026-10-10T00:16:00.409351-04:00","Action":"output","Package":"fairdrop/internal/stream","Test":"TestWriteToConcurrentCallersStreamExactlyOnce","Output":"=== RUN   TestWriteToConcurrentCallersStreamExactlyOnce\n","OutputType":"frame"}
{"Time":"2026-10-10T00:16:00.409418-04:00","Action":"run","Package":"fairdrop/internal/stream","Test":"TestWriteToConcurrentCallersStreamExactlyOnce/file"}
{"Time":"2026-10-10T00:16:00.409431-04:00","Action":"output","Package":"fairdrop/internal/stream","Test":"TestWriteToConcurrentCallersStreamExactlyOnce/file","Output":"=== RUN   TestWriteToConcurrentCallersStreamExactlyOnce/file\n","OutputType":"frame"}
{"Time":"2026-10-10T00:16:00.411531-04:00","Action":"output","Package":"fairdrop/internal/stream","Test":"TestWriteToConcurrentCallersStreamExactlyOnce/file","Output":"--- PASS: TestWriteToConcurrentCallersStreamExactlyOnce/file (0.00s)\n","OutputType":"frame"}
{"Time":"2026-10-10T00:16:00.41158-04:00","Action":"pass","Package":"fairdrop/internal/stream","Test":"TestWriteToConcurrentCallersStreamExactlyOnce/file","Elapsed":0}
{"Time":"2026-10-10T00:16:00.411611-04:00","Action":"run","Package":"fairdrop/internal/stream","Test":"TestWriteToConcurrentCallersStreamExactlyOnce/folder"}
{"Time":"2026-10-10T00:16:00.411628-04:00","Action":"output","Package":"fairdrop/internal/stream","Test":"TestWriteToConcurrentCallersStreamExactlyOnce/folder","Output":"=== RUN   TestWriteToConcurrentCallersStreamExactlyOnce/folder\n","OutputType":"frame"}
{"Time":"2026-10-10T00:16:00.415128-04:00","Action":"output","Package":"fairdrop/internal/stream","Test":"TestWriteToConcurrentCallersStreamExactlyOnce/folder","Output":"--- PASS: TestWriteToConcurrentCallersStreamExactlyOnce/folder (0.00s)\n","OutputType":"frame"}
{"Time":"2026-10-10T00:16:00.415152-04:00","Action":"pass","Package":"fairdrop/internal/stream","Test":"TestWriteToConcurrentCallersStreamExactlyOnce/folder","Elapsed":0}
{"Time":"2026-10-10T00:16:00.415165-04:00","Action":"output","Package":"fairdrop/internal/stream","Test":"TestWriteToConcurrentCallersStreamExactlyOnce","Output":"--- PASS: TestWriteToConcurrentCallersStreamExactlyOnce (0.01s)\n","OutputType":"frame"}
{"Time":"2026-10-10T00:16:00.41519-04:00","Action":"pass","Package":"fairdrop/internal/stream","Test":"TestWriteToConcurrentCallersStreamExactlyOnce","Elapsed":0.01}
{"Time":"2026-10-10T00:16:00.415208-04:00","Action":"output","Package":"fairdrop/internal/stream","Output":"PASS\n","OutputType":"frame"}
{"Time":"2026-10-10T00:16:00.416454-04:00","Action":"output","Package":"fairdrop/internal/stream","Output":"ok  \tfairdrop/internal/stream\t0.237s\n"}
{"Time":"2026-10-10T00:16:00.416492-04:00","Action":"pass","Package":"fairdrop/internal/stream","Elapsed":0.237}
BASELINE PASSED: TestWriteToConcurrentCallersStreamExactlyOnce (structured test and package pass)
{"Time":"2026-10-10T00:16:01.085367-04:00","Action":"start","Package":"fairdrop"}
{"Time":"2026-10-10T00:16:01.381469-04:00","Action":"run","Package":"fairdrop","Test":"TestStageTransferRefusesSelectedSymlinkAndPreservesTraversalRefusals"}
{"Time":"2026-10-10T00:16:01.381627-04:00","Action":"output","Package":"fairdrop","Test":"TestStageTransferRefusesSelectedSymlinkAndPreservesTraversalRefusals","Output":"=== RUN   TestStageTransferRefusesSelectedSymlinkAndPreservesTraversalRefusals\n","OutputType":"frame"}
{"Time":"2026-10-10T00:16:01.382812-04:00","Action":"run","Package":"fairdrop","Test":"TestStageTransferRefusesSelectedSymlinkAndPreservesTraversalRefusals/directory-link"}
{"Time":"2026-10-10T00:16:01.382837-04:00","Action":"output","Package":"fairdrop","Test":"TestStageTransferRefusesSelectedSymlinkAndPreservesTraversalRefusals/directory-link","Output":"=== RUN   TestStageTransferRefusesSelectedSymlinkAndPreservesTraversalRefusals/directory-link\n","OutputType":"frame"}
{"Time":"2026-10-10T00:16:01.383996-04:00","Action":"output","Package":"fairdrop","Test":"TestStageTransferRefusesSelectedSymlinkAndPreservesTraversalRefusals/directory-link","Output":"--- PASS: TestStageTransferRefusesSelectedSymlinkAndPreservesTraversalRefusals/directory-link (0.00s)\n","OutputType":"frame"}
{"Time":"2026-10-10T00:16:01.384022-04:00","Action":"pass","Package":"fairdrop","Test":"TestStageTransferRefusesSelectedSymlinkAndPreservesTraversalRefusals/directory-link","Elapsed":0}
{"Time":"2026-10-10T00:16:01.384058-04:00","Action":"run","Package":"fairdrop","Test":"TestStageTransferRefusesSelectedSymlinkAndPreservesTraversalRefusals/file-link"}
{"Time":"2026-10-10T00:16:01.384069-04:00","Action":"output","Package":"fairdrop","Test":"TestStageTransferRefusesSelectedSymlinkAndPreservesTraversalRefusals/file-link","Output":"=== RUN   TestStageTransferRefusesSelectedSymlinkAndPreservesTraversalRefusals/file-link\n","OutputType":"frame"}
{"Time":"2026-10-10T00:16:01.384226-04:00","Action":"output","Package":"fairdrop","Test":"TestStageTransferRefusesSelectedSymlinkAndPreservesTraversalRefusals/file-link","Output":"--- PASS: TestStageTransferRefusesSelectedSymlinkAndPreservesTraversalRefusals/file-link (0.00s)\n","OutputType":"frame"}
{"Time":"2026-10-10T00:16:01.384239-04:00","Action":"pass","Package":"fairdrop","Test":"TestStageTransferRefusesSelectedSymlinkAndPreservesTraversalRefusals/file-link","Elapsed":0}
{"Time":"2026-10-10T00:16:01.384249-04:00","Action":"run","Package":"fairdrop","Test":"TestStageTransferRefusesSelectedSymlinkAndPreservesTraversalRefusals/trailing-link"}
{"Time":"2026-10-10T00:16:01.384257-04:00","Action":"output","Package":"fairdrop","Test":"TestStageTransferRefusesSelectedSymlinkAndPreservesTraversalRefusals/trailing-link","Output":"=== RUN   TestStageTransferRefusesSelectedSymlinkAndPreservesTraversalRefusals/trailing-link\n","OutputType":"frame"}
{"Time":"2026-10-10T00:16:01.3844-04:00","Action":"output","Package":"fairdrop","Test":"TestStageTransferRefusesSelectedSymlinkAndPreservesTraversalRefusals/trailing-link","Output":"--- PASS: TestStageTransferRefusesSelectedSymlinkAndPreservesTraversalRefusals/trailing-link (0.00s)\n","OutputType":"frame"}
{"Time":"2026-10-10T00:16:01.384413-04:00","Action":"pass","Package":"fairdrop","Test":"TestStageTransferRefusesSelectedSymlinkAndPreservesTraversalRefusals/trailing-link","Elapsed":0}
{"Time":"2026-10-10T00:16:01.384432-04:00","Action":"run","Package":"fairdrop","Test":"TestStageTransferRefusesSelectedSymlinkAndPreservesTraversalRefusals/link-dot"}
{"Time":"2026-10-10T00:16:01.384441-04:00","Action":"output","Package":"fairdrop","Test":"TestStageTransferRefusesSelectedSymlinkAndPreservesTraversalRefusals/link-dot","Output":"=== RUN   TestStageTransferRefusesSelectedSymlinkAndPreservesTraversalRefusals/link-dot\n","OutputType":"frame"}
{"Time":"2026-10-10T00:16:01.38461-04:00","Action":"output","Package":"fairdrop","Test":"TestStageTransferRefusesSelectedSymlinkAndPreservesTraversalRefusals/link-dot","Output":"--- PASS: TestStageTransferRefusesSelectedSymlinkAndPreservesTraversalRefusals/link-dot (0.00s)\n","OutputType":"frame"}
{"Time":"2026-10-10T00:16:01.384658-04:00","Action":"pass","Package":"fairdrop","Test":"TestStageTransferRefusesSelectedSymlinkAndPreservesTraversalRefusals/link-dot","Elapsed":0}
{"Time":"2026-10-10T00:16:01.384668-04:00","Action":"run","Package":"fairdrop","Test":"TestStageTransferRefusesSelectedSymlinkAndPreservesTraversalRefusals/link-parent"}
{"Time":"2026-10-10T00:16:01.384675-04:00","Action":"output","Package":"fairdrop","Test":"TestStageTransferRefusesSelectedSymlinkAndPreservesTraversalRefusals/link-parent","Output":"=== RUN   TestStageTransferRefusesSelectedSymlinkAndPreservesTraversalRefusals/link-parent\n","OutputType":"frame"}
{"Time":"2026-10-10T00:16:01.384764-04:00","Action":"output","Package":"fairdrop","Test":"TestStageTransferRefusesSelectedSymlinkAndPreservesTraversalRefusals/link-parent","Output":"--- PASS: TestStageTransferRefusesSelectedSymlinkAndPreservesTraversalRefusals/link-parent (0.00s)\n","OutputType":"frame"}
{"Time":"2026-10-10T00:16:01.384775-04:00","Action":"pass","Package":"fairdrop","Test":"TestStageTransferRefusesSelectedSymlinkAndPreservesTraversalRefusals/link-parent","Elapsed":0}
{"Time":"2026-10-10T00:16:01.384782-04:00","Action":"run","Package":"fairdrop","Test":"TestStageTransferRefusesSelectedSymlinkAndPreservesTraversalRefusals/trailing-file"}
{"Time":"2026-10-10T00:16:01.384789-04:00","Action":"output","Package":"fairdrop","Test":"TestStageTransferRefusesSelectedSymlinkAndPreservesTraversalRefusals/trailing-file","Output":"=== RUN   TestStageTransferRefusesSelectedSymlinkAndPreservesTraversalRefusals/trailing-file\n","OutputType":"frame"}
{"Time":"2026-10-10T00:16:01.385011-04:00","Action":"output","Package":"fairdrop","Test":"TestStageTransferRefusesSelectedSymlinkAndPreservesTraversalRefusals/trailing-file","Output":"--- PASS: TestStageTransferRefusesSelectedSymlinkAndPreservesTraversalRefusals/trailing-file (0.00s)\n","OutputType":"frame"}
{"Time":"2026-10-10T00:16:01.38503-04:00","Action":"pass","Package":"fairdrop","Test":"TestStageTransferRefusesSelectedSymlinkAndPreservesTraversalRefusals/trailing-file","Elapsed":0}
{"Time":"2026-10-10T00:16:01.385038-04:00","Action":"run","Package":"fairdrop","Test":"TestStageTransferRefusesSelectedSymlinkAndPreservesTraversalRefusals/file-parent"}
{"Time":"2026-10-10T00:16:01.385045-04:00","Action":"output","Package":"fairdrop","Test":"TestStageTransferRefusesSelectedSymlinkAndPreservesTraversalRefusals/file-parent","Output":"=== RUN   TestStageTransferRefusesSelectedSymlinkAndPreservesTraversalRefusals/file-parent\n","OutputType":"frame"}
{"Time":"2026-10-10T00:16:01.385311-04:00","Action":"output","Package":"fairdrop","Test":"TestStageTransferRefusesSelectedSymlinkAndPreservesTraversalRefusals/file-parent","Output":"--- PASS: TestStageTransferRefusesSelectedSymlinkAndPreservesTraversalRefusals/file-parent (0.00s)\n","OutputType":"frame"}
{"Time":"2026-10-10T00:16:01.385322-04:00","Action":"pass","Package":"fairdrop","Test":"TestStageTransferRefusesSelectedSymlinkAndPreservesTraversalRefusals/file-parent","Elapsed":0}
{"Time":"2026-10-10T00:16:01.386167-04:00","Action":"output","Package":"fairdrop","Test":"TestStageTransferRefusesSelectedSymlinkAndPreservesTraversalRefusals","Output":"--- PASS: TestStageTransferRefusesSelectedSymlinkAndPreservesTraversalRefusals (0.00s)\n","OutputType":"frame"}
{"Time":"2026-10-10T00:16:01.38619-04:00","Action":"pass","Package":"fairdrop","Test":"TestStageTransferRefusesSelectedSymlinkAndPreservesTraversalRefusals","Elapsed":0}
{"Time":"2026-10-10T00:16:01.386202-04:00","Action":"output","Package":"fairdrop","Output":"PASS\n","OutputType":"frame"}
{"Time":"2026-10-10T00:16:01.387264-04:00","Action":"output","Package":"fairdrop","Output":"ok  \tfairdrop\t0.302s\n"}
{"Time":"2026-10-10T00:16:01.387293-04:00","Action":"pass","Package":"fairdrop","Elapsed":0.302}
BASELINE PASSED: TestStageTransferRefusesSelectedSymlinkAndPreservesTraversalRefusals (structured test and package pass)
{"Time":"2026-10-10T00:16:02.026282-04:00","Action":"start","Package":"fairdrop"}
{"Time":"2026-10-10T00:16:02.315179-04:00","Action":"run","Package":"fairdrop","Test":"TestSelectionResolutionHonoursAdmissionAndCancellation"}
{"Time":"2026-10-10T00:16:02.31532-04:00","Action":"output","Package":"fairdrop","Test":"TestSelectionResolutionHonoursAdmissionAndCancellation","Output":"=== RUN   TestSelectionResolutionHonoursAdmissionAndCancellation\n","OutputType":"frame"}
{"Time":"2026-10-10T00:16:02.315403-04:00","Action":"run","Package":"fairdrop","Test":"TestSelectionResolutionHonoursAdmissionAndCancellation/caller"}
{"Time":"2026-10-10T00:16:02.315423-04:00","Action":"output","Package":"fairdrop","Test":"TestSelectionResolutionHonoursAdmissionAndCancellation/caller","Output":"=== RUN   TestSelectionResolutionHonoursAdmissionAndCancellation/caller\n","OutputType":"frame"}
{"Time":"2026-10-10T00:16:02.316325-04:00","Action":"output","Package":"fairdrop","Test":"TestSelectionResolutionHonoursAdmissionAndCancellation/caller","Output":"--- PASS: TestSelectionResolutionHonoursAdmissionAndCancellation/caller (0.00s)\n","OutputType":"frame"}
{"Time":"2026-10-10T00:16:02.316375-04:00","Action":"pass","Package":"fairdrop","Test":"TestSelectionResolutionHonoursAdmissionAndCancellation/caller","Elapsed":0}
{"Time":"2026-10-10T00:16:02.316418-04:00","Action":"run","Package":"fairdrop","Test":"TestSelectionResolutionHonoursAdmissionAndCancellation/cancel"}
{"Time":"2026-10-10T00:16:02.316432-04:00","Action":"output","Package":"fairdrop","Test":"TestSelectionResolutionHonoursAdmissionAndCancellation/cancel","Output":"=== RUN   TestSelectionResolutionHonoursAdmissionAndCancellation/cancel\n","OutputType":"frame"}
{"Time":"2026-10-10T00:16:02.316456-04:00","Action":"output","Package":"fairdrop","Test":"TestSelectionResolutionHonoursAdmissionAndCancellation/cancel","Output":"--- PASS: TestSelectionResolutionHonoursAdmissionAndCancellation/cancel (0.00s)\n","OutputType":"frame"}
{"Time":"2026-10-10T00:16:02.316471-04:00","Action":"pass","Package":"fairdrop","Test":"TestSelectionResolutionHonoursAdmissionAndCancellation/cancel","Elapsed":0}
{"Time":"2026-10-10T00:16:02.316483-04:00","Action":"run","Package":"fairdrop","Test":"TestSelectionResolutionHonoursAdmissionAndCancellation/shutdown"}
{"Time":"2026-10-10T00:16:02.316493-04:00","Action":"output","Package":"fairdrop","Test":"TestSelectionResolutionHonoursAdmissionAndCancellation/shutdown","Output":"=== RUN   TestSelectionResolutionHonoursAdmissionAndCancellation/shutdown\n","OutputType":"frame"}
{"Time":"2026-10-10T00:16:02.316528-04:00","Action":"output","Package":"fairdrop","Test":"TestSelectionResolutionHonoursAdmissionAndCancellation/shutdown","Output":"--- PASS: TestSelectionResolutionHonoursAdmissionAndCancellation/shutdown (0.00s)\n","OutputType":"frame"}
{"Time":"2026-10-10T00:16:02.316541-04:00","Action":"pass","Package":"fairdrop","Test":"TestSelectionResolutionHonoursAdmissionAndCancellation/shutdown","Elapsed":0}
{"Time":"2026-10-10T00:16:02.316553-04:00","Action":"output","Package":"fairdrop","Test":"TestSelectionResolutionHonoursAdmissionAndCancellation","Output":"--- PASS: TestSelectionResolutionHonoursAdmissionAndCancellation (0.00s)\n","OutputType":"frame"}
{"Time":"2026-10-10T00:16:02.316562-04:00","Action":"pass","Package":"fairdrop","Test":"TestSelectionResolutionHonoursAdmissionAndCancellation","Elapsed":0}
{"Time":"2026-10-10T00:16:02.31657-04:00","Action":"output","Package":"fairdrop","Output":"PASS\n","OutputType":"frame"}
{"Time":"2026-10-10T00:16:02.317724-04:00","Action":"output","Package":"fairdrop","Output":"ok  \tfairdrop\t0.291s\n"}
{"Time":"2026-10-10T00:16:02.317759-04:00","Action":"pass","Package":"fairdrop","Elapsed":0.291}
BASELINE PASSED: TestSelectionResolutionHonoursAdmissionAndCancellation (structured test and package pass)
{"Time":"2026-10-10T00:16:02.951242-04:00","Action":"start","Package":"fairdrop"}
{"Time":"2026-10-10T00:16:03.228313-04:00","Action":"run","Package":"fairdrop","Test":"TestSelectionResolutionCancellationImmediatelyBeforeResult"}
{"Time":"2026-10-10T00:16:03.228487-04:00","Action":"output","Package":"fairdrop","Test":"TestSelectionResolutionCancellationImmediatelyBeforeResult","Output":"=== RUN   TestSelectionResolutionCancellationImmediatelyBeforeResult\n","OutputType":"frame"}
{"Time":"2026-10-10T00:16:03.228806-04:00","Action":"output","Package":"fairdrop","Test":"TestSelectionResolutionCancellationImmediatelyBeforeResult","Output":"--- PASS: TestSelectionResolutionCancellationImmediatelyBeforeResult (0.00s)\n","OutputType":"frame"}
{"Time":"2026-10-10T00:16:03.228866-04:00","Action":"pass","Package":"fairdrop","Test":"TestSelectionResolutionCancellationImmediatelyBeforeResult","Elapsed":0}
{"Time":"2026-10-10T00:16:03.22891-04:00","Action":"output","Package":"fairdrop","Output":"PASS\n","OutputType":"frame"}
{"Time":"2026-10-10T00:16:03.230094-04:00","Action":"output","Package":"fairdrop","Output":"ok  \tfairdrop\t0.279s\n"}
{"Time":"2026-10-10T00:16:03.230121-04:00","Action":"pass","Package":"fairdrop","Elapsed":0.279}
BASELINE PASSED: TestSelectionResolutionCancellationImmediatelyBeforeResult (structured test and package pass)
{"Time":"2026-10-10T00:16:03.878598-04:00","Action":"start","Package":"fairdrop"}
{"Time":"2026-10-10T00:16:04.177272-04:00","Action":"run","Package":"fairdrop","Test":"TestSelectionResolutionCancellationAtResolverReturn"}
{"Time":"2026-10-10T00:16:04.177445-04:00","Action":"output","Package":"fairdrop","Test":"TestSelectionResolutionCancellationAtResolverReturn","Output":"=== RUN   TestSelectionResolutionCancellationAtResolverReturn\n","OutputType":"frame"}
{"Time":"2026-10-10T00:16:04.177862-04:00","Action":"output","Package":"fairdrop","Test":"TestSelectionResolutionCancellationAtResolverReturn","Output":"--- PASS: TestSelectionResolutionCancellationAtResolverReturn (0.00s)\n","OutputType":"frame"}
{"Time":"2026-10-10T00:16:04.177889-04:00","Action":"pass","Package":"fairdrop","Test":"TestSelectionResolutionCancellationAtResolverReturn","Elapsed":0}
{"Time":"2026-10-10T00:16:04.177928-04:00","Action":"output","Package":"fairdrop","Output":"PASS\n","OutputType":"frame"}
{"Time":"2026-10-10T00:16:04.179047-04:00","Action":"output","Package":"fairdrop","Output":"ok  \tfairdrop\t0.300s\n"}
{"Time":"2026-10-10T00:16:04.179113-04:00","Action":"pass","Package":"fairdrop","Elapsed":0.301}
BASELINE PASSED: TestSelectionResolutionCancellationAtResolverReturn (structured test and package pass)
{"Time":"2026-10-10T00:16:04.813682-04:00","Action":"start","Package":"fairdrop"}
{"Time":"2026-10-10T00:16:05.077276-04:00","Action":"run","Package":"fairdrop","Test":"TestNativeRootEscapeRemainsPathUnsupported"}
{"Time":"2026-10-10T00:16:05.077349-04:00","Action":"output","Package":"fairdrop","Test":"TestNativeRootEscapeRemainsPathUnsupported","Output":"=== RUN   TestNativeRootEscapeRemainsPathUnsupported\n","OutputType":"frame"}
{"Time":"2026-10-10T00:16:05.077811-04:00","Action":"run","Package":"fairdrop","Test":"TestNativeRootEscapeRemainsPathUnsupported/0"}
{"Time":"2026-10-10T00:16:05.077824-04:00","Action":"output","Package":"fairdrop","Test":"TestNativeRootEscapeRemainsPathUnsupported/0","Output":"=== RUN   TestNativeRootEscapeRemainsPathUnsupported/0\n","OutputType":"frame"}
{"Time":"2026-10-10T00:16:05.078272-04:00","Action":"output","Package":"fairdrop","Test":"TestNativeRootEscapeRemainsPathUnsupported/0","Output":"--- PASS: TestNativeRootEscapeRemainsPathUnsupported/0 (0.00s)\n","OutputType":"frame"}
{"Time":"2026-10-10T00:16:05.078281-04:00","Action":"pass","Package":"fairdrop","Test":"TestNativeRootEscapeRemainsPathUnsupported/0","Elapsed":0}
{"Time":"2026-10-10T00:16:05.078514-04:00","Action":"output","Package":"fairdrop","Test":"TestNativeRootEscapeRemainsPathUnsupported","Output":"--- PASS: TestNativeRootEscapeRemainsPathUnsupported (0.00s)\n","OutputType":"frame"}
{"Time":"2026-10-10T00:16:05.078521-04:00","Action":"pass","Package":"fairdrop","Test":"TestNativeRootEscapeRemainsPathUnsupported","Elapsed":0}
{"Time":"2026-10-10T00:16:05.078539-04:00","Action":"output","Package":"fairdrop","Output":"PASS\n","OutputType":"frame"}
{"Time":"2026-10-10T00:16:05.079137-04:00","Action":"output","Package":"fairdrop","Output":"ok  \tfairdrop\t0.265s\n"}
{"Time":"2026-10-10T00:16:05.079148-04:00","Action":"pass","Package":"fairdrop","Elapsed":0.265}
BASELINE PASSED: TestNativeRootEscapeRemainsPathUnsupported (structured test and package pass)
{"Time":"2026-10-10T00:16:05.439374-04:00","Action":"start","Package":"fairdrop/internal/server"}
{"Time":"2026-10-10T00:16:05.714047-04:00","Action":"run","Package":"fairdrop/internal/server","Test":"TestHeaderOnlyFinalizationWaitsAndRetainsFailureCodes"}
{"Time":"2026-10-10T00:16:05.714205-04:00","Action":"output","Package":"fairdrop/internal/server","Test":"TestHeaderOnlyFinalizationWaitsAndRetainsFailureCodes","Output":"=== RUN   TestHeaderOnlyFinalizationWaitsAndRetainsFailureCodes\n","OutputType":"frame"}
{"Time":"2026-10-10T00:16:05.7143-04:00","Action":"run","Package":"fairdrop/internal/server","Test":"TestHeaderOnlyFinalizationWaitsAndRetainsFailureCodes/empty-file/success"}
{"Time":"2026-10-10T00:16:05.714316-04:00","Action":"output","Package":"fairdrop/internal/server","Test":"TestHeaderOnlyFinalizationWaitsAndRetainsFailureCodes/empty-file/success","Output":"=== RUN   TestHeaderOnlyFinalizationWaitsAndRetainsFailureCodes/empty-file/success\n","OutputType":"frame"}
{"Time":"2026-10-10T00:16:05.716548-04:00","Action":"output","Package":"fairdrop/internal/server","Test":"TestHeaderOnlyFinalizationWaitsAndRetainsFailureCodes/empty-file/success","Output":"--- PASS: TestHeaderOnlyFinalizationWaitsAndRetainsFailureCodes/empty-file/success (0.00s)\n","OutputType":"frame"}
{"Time":"2026-10-10T00:16:05.716597-04:00","Action":"pass","Package":"fairdrop/internal/server","Test":"TestHeaderOnlyFinalizationWaitsAndRetainsFailureCodes/empty-file/success","Elapsed":0}
{"Time":"2026-10-10T00:16:05.716635-04:00","Action":"run","Package":"fairdrop/internal/server","Test":"TestHeaderOnlyFinalizationWaitsAndRetainsFailureCodes/empty-file/write-error"}
{"Time":"2026-10-10T00:16:05.71665-04:00","Action":"output","Package":"fairdrop/internal/server","Test":"TestHeaderOnlyFinalizationWaitsAndRetainsFailureCodes/empty-file/write-error","Output":"=== RUN   TestHeaderOnlyFinalizationWaitsAndRetainsFailureCodes/empty-file/write-error\n","OutputType":"frame"}
{"Time":"2026-10-10T00:16:05.717201-04:00","Action":"output","Package":"fairdrop/internal/server","Test":"TestHeaderOnlyFinalizationWaitsAndRetainsFailureCodes/empty-file/write-error","Output":"--- PASS: TestHeaderOnlyFinalizationWaitsAndRetainsFailureCodes/empty-file/write-error (0.00s)\n","OutputType":"frame"}
{"Time":"2026-10-10T00:16:05.717223-04:00","Action":"pass","Package":"fairdrop/internal/server","Test":"TestHeaderOnlyFinalizationWaitsAndRetainsFailureCodes/empty-file/write-error","Elapsed":0}
{"Time":"2026-10-10T00:16:05.717244-04:00","Action":"run","Package":"fairdrop/internal/server","Test":"TestHeaderOnlyFinalizationWaitsAndRetainsFailureCodes/empty-file/short-write"}
{"Time":"2026-10-10T00:16:05.717253-04:00","Action":"output","Package":"fairdrop/internal/server","Test":"TestHeaderOnlyFinalizationWaitsAndRetainsFailureCodes/empty-file/short-write","Output":"=== RUN   TestHeaderOnlyFinalizationWaitsAndRetainsFailureCodes/empty-file/short-write\n","OutputType":"frame"}
{"Time":"2026-10-10T00:16:05.717604-04:00","Action":"output","Package":"fairdrop/internal/server","Test":"TestHeaderOnlyFinalizationWaitsAndRetainsFailureCodes/empty-file/short-write","Output":"--- PASS: TestHeaderOnlyFinalizationWaitsAndRetainsFailureCodes/empty-file/short-write (0.00s)\n","OutputType":"frame"}
{"Time":"2026-10-10T00:16:05.717643-04:00","Action":"pass","Package":"fairdrop/internal/server","Test":"TestHeaderOnlyFinalizationWaitsAndRetainsFailureCodes/empty-file/short-write","Elapsed":0}
{"Time":"2026-10-10T00:16:05.717658-04:00","Action":"run","Package":"fairdrop/internal/server","Test":"TestHeaderOnlyFinalizationWaitsAndRetainsFailureCodes/empty-file/cancel"}
{"Time":"2026-10-10T00:16:05.717681-04:00","Action":"output","Package":"fairdrop/internal/server","Test":"TestHeaderOnlyFinalizationWaitsAndRetainsFailureCodes/empty-file/cancel","Output":"=== RUN   TestHeaderOnlyFinalizationWaitsAndRetainsFailureCodes/empty-file/cancel\n","OutputType":"frame"}
{"Time":"2026-10-10T00:16:05.718046-04:00","Action":"output","Package":"fairdrop/internal/server","Test":"TestHeaderOnlyFinalizationWaitsAndRetainsFailureCodes/empty-file/cancel","Output":"--- PASS: TestHeaderOnlyFinalizationWaitsAndRetainsFailureCodes/empty-file/cancel (0.00s)\n","OutputType":"frame"}
{"Time":"2026-10-10T00:16:05.718102-04:00","Action":"pass","Package":"fairdrop/internal/server","Test":"TestHeaderOnlyFinalizationWaitsAndRetainsFailureCodes/empty-file/cancel","Elapsed":0}
{"Time":"2026-10-10T00:16:05.71811-04:00","Action":"run","Package":"fairdrop/internal/server","Test":"TestHeaderOnlyFinalizationWaitsAndRetainsFailureCodes/preparation-failure/success"}
{"Time":"2026-10-10T00:16:05.718114-04:00","Action":"output","Package":"fairdrop/internal/server","Test":"TestHeaderOnlyFinalizationWaitsAndRetainsFailureCodes/preparation-failure/success","Output":"=== RUN   TestHeaderOnlyFinalizationWaitsAndRetainsFailureCodes/preparation-failure/success\n","OutputType":"frame"}
{"Time":"2026-10-10T00:16:05.718436-04:00","Action":"output","Package":"fairdrop/internal/server","Test":"TestHeaderOnlyFinalizationWaitsAndRetainsFailureCodes/preparation-failure/success","Output":"--- PASS: TestHeaderOnlyFinalizationWaitsAndRetainsFailureCodes/preparation-failure/success (0.00s)\n","OutputType":"frame"}
{"Time":"2026-10-10T00:16:05.71845-04:00","Action":"pass","Package":"fairdrop/internal/server","Test":"TestHeaderOnlyFinalizationWaitsAndRetainsFailureCodes/preparation-failure/success","Elapsed":0}
{"Time":"2026-10-10T00:16:05.718456-04:00","Action":"run","Package":"fairdrop/internal/server","Test":"TestHeaderOnlyFinalizationWaitsAndRetainsFailureCodes/preparation-failure/write-error"}
{"Time":"2026-10-10T00:16:05.718459-04:00","Action":"output","Package":"fairdrop/internal/server","Test":"TestHeaderOnlyFinalizationWaitsAndRetainsFailureCodes/preparation-failure/write-error","Output":"=== RUN   TestHeaderOnlyFinalizationWaitsAndRetainsFailureCodes/preparation-failure/write-error\n","OutputType":"frame"}
{"Time":"2026-10-10T00:16:05.718743-04:00","Action":"output","Package":"fairdrop/internal/server","Test":"TestHeaderOnlyFinalizationWaitsAndRetainsFailureCodes/preparation-failure/write-error","Output":"--- PASS: TestHeaderOnlyFinalizationWaitsAndRetainsFailureCodes/preparation-failure/write-error (0.00s)\n","OutputType":"frame"}
{"Time":"2026-10-10T00:16:05.718752-04:00","Action":"pass","Package":"fairdrop/internal/server","Test":"TestHeaderOnlyFinalizationWaitsAndRetainsFailureCodes/preparation-failure/write-error","Elapsed":0}
{"Time":"2026-10-10T00:16:05.718756-04:00","Action":"run","Package":"fairdrop/internal/server","Test":"TestHeaderOnlyFinalizationWaitsAndRetainsFailureCodes/preparation-failure/short-write"}
{"Time":"2026-10-10T00:16:05.718759-04:00","Action":"output","Package":"fairdrop/internal/server","Test":"TestHeaderOnlyFinalizationWaitsAndRetainsFailureCodes/preparation-failure/short-write","Output":"=== RUN   TestHeaderOnlyFinalizationWaitsAndRetainsFailureCodes/preparation-failure/short-write\n","OutputType":"frame"}
{"Time":"2026-10-10T00:16:05.718988-04:00","Action":"output","Package":"fairdrop/internal/server","Test":"TestHeaderOnlyFinalizationWaitsAndRetainsFailureCodes/preparation-failure/short-write","Output":"--- PASS: TestHeaderOnlyFinalizationWaitsAndRetainsFailureCodes/preparation-failure/short-write (0.00s)\n","OutputType":"frame"}
{"Time":"2026-10-10T00:16:05.718995-04:00","Action":"pass","Package":"fairdrop/internal/server","Test":"TestHeaderOnlyFinalizationWaitsAndRetainsFailureCodes/preparation-failure/short-write","Elapsed":0}
{"Time":"2026-10-10T00:16:05.718999-04:00","Action":"run","Package":"fairdrop/internal/server","Test":"TestHeaderOnlyFinalizationWaitsAndRetainsFailureCodes/preparation-failure/cancel"}
{"Time":"2026-10-10T00:16:05.719002-04:00","Action":"output","Package":"fairdrop/internal/server","Test":"TestHeaderOnlyFinalizationWaitsAndRetainsFailureCodes/preparation-failure/cancel","Output":"=== RUN   TestHeaderOnlyFinalizationWaitsAndRetainsFailureCodes/preparation-failure/cancel\n","OutputType":"frame"}
{"Time":"2026-10-10T00:16:05.719257-04:00","Action":"output","Package":"fairdrop/internal/server","Test":"TestHeaderOnlyFinalizationWaitsAndRetainsFailureCodes/preparation-failure/cancel","Output":"--- PASS: TestHeaderOnlyFinalizationWaitsAndRetainsFailureCodes/preparation-failure/cancel (0.00s)\n","OutputType":"frame"}
{"Time":"2026-10-10T00:16:05.71927-04:00","Action":"pass","Package":"fairdrop/internal/server","Test":"TestHeaderOnlyFinalizationWaitsAndRetainsFailureCodes/preparation-failure/cancel","Elapsed":0}
{"Time":"2026-10-10T00:16:05.719274-04:00","Action":"output","Package":"fairdrop/internal/server","Test":"TestHeaderOnlyFinalizationWaitsAndRetainsFailureCodes","Output":"--- PASS: TestHeaderOnlyFinalizationWaitsAndRetainsFailureCodes (0.01s)\n","OutputType":"frame"}
{"Time":"2026-10-10T00:16:05.719281-04:00","Action":"pass","Package":"fairdrop/internal/server","Test":"TestHeaderOnlyFinalizationWaitsAndRetainsFailureCodes","Elapsed":0.01}
{"Time":"2026-10-10T00:16:05.719288-04:00","Action":"output","Package":"fairdrop/internal/server","Output":"PASS\n","OutputType":"frame"}
{"Time":"2026-10-10T00:16:05.719909-04:00","Action":"output","Package":"fairdrop/internal/server","Output":"ok  \tfairdrop/internal/server\t0.280s\n"}
{"Time":"2026-10-10T00:16:05.719923-04:00","Action":"pass","Package":"fairdrop/internal/server","Elapsed":0.281}
BASELINE PASSED: TestHeaderOnlyFinalizationWaitsAndRetainsFailureCodes (structured test and package pass)
{"Time":"2026-10-10T00:16:06.338791-04:00","Action":"start","Package":"fairdrop"}
{"Time":"2026-10-10T00:16:06.623825-04:00","Action":"run","Package":"fairdrop","Test":"TestVerifyWorkflowExecutesGateCommandsInActiveFields"}
{"Time":"2026-10-10T00:16:06.623889-04:00","Action":"output","Package":"fairdrop","Test":"TestVerifyWorkflowExecutesGateCommandsInActiveFields","Output":"=== RUN   TestVerifyWorkflowExecutesGateCommandsInActiveFields\n","OutputType":"frame"}
{"Time":"2026-10-10T00:16:06.626313-04:00","Action":"output","Package":"fairdrop","Test":"TestVerifyWorkflowExecutesGateCommandsInActiveFields","Output":"--- PASS: TestVerifyWorkflowExecutesGateCommandsInActiveFields (0.00s)\n","OutputType":"frame"}
{"Time":"2026-10-10T00:16:06.626331-04:00","Action":"pass","Package":"fairdrop","Test":"TestVerifyWorkflowExecutesGateCommandsInActiveFields","Elapsed":0}
{"Time":"2026-10-10T00:16:06.626349-04:00","Action":"output","Package":"fairdrop","Output":"PASS\n","OutputType":"frame"}
{"Time":"2026-10-10T00:16:06.627734-04:00","Action":"output","Package":"fairdrop","Output":"ok  \tfairdrop\t0.289s\n"}
{"Time":"2026-10-10T00:16:06.627762-04:00","Action":"pass","Package":"fairdrop","Elapsed":0.289}
BASELINE PASSED: TestVerifyWorkflowExecutesGateCommandsInActiveFields (structured test and package pass)
{"Time":"2026-10-10T00:16:07.254245-04:00","Action":"start","Package":"fairdrop"}
{"Time":"2026-10-10T00:16:07.527954-04:00","Action":"run","Package":"fairdrop","Test":"TestVerifyWorkflowLinuxJobIsAdapterVerificationOnly"}
{"Time":"2026-10-10T00:16:07.528026-04:00","Action":"output","Package":"fairdrop","Test":"TestVerifyWorkflowLinuxJobIsAdapterVerificationOnly","Output":"=== RUN   TestVerifyWorkflowLinuxJobIsAdapterVerificationOnly\n","OutputType":"frame"}
{"Time":"2026-10-10T00:16:07.528147-04:00","Action":"output","Package":"fairdrop","Test":"TestVerifyWorkflowLinuxJobIsAdapterVerificationOnly","Output":"--- PASS: TestVerifyWorkflowLinuxJobIsAdapterVerificationOnly (0.00s)\n","OutputType":"frame"}
{"Time":"2026-10-10T00:16:07.528167-04:00","Action":"pass","Package":"fairdrop","Test":"TestVerifyWorkflowLinuxJobIsAdapterVerificationOnly","Elapsed":0}
{"Time":"2026-10-10T00:16:07.528187-04:00","Action":"output","Package":"fairdrop","Output":"PASS\n","OutputType":"frame"}
{"Time":"2026-10-10T00:16:07.528972-04:00","Action":"output","Package":"fairdrop","Output":"ok  \tfairdrop\t0.274s\n"}
{"Time":"2026-10-10T00:16:07.52899-04:00","Action":"pass","Package":"fairdrop","Elapsed":0.275}
BASELINE PASSED: TestVerifyWorkflowLinuxJobIsAdapterVerificationOnly (structured test and package pass)
{"Time":"2026-10-10T00:16:08.145562-04:00","Action":"start","Package":"fairdrop"}
{"Time":"2026-10-10T00:16:08.412022-04:00","Action":"run","Package":"fairdrop","Test":"TestVerifyWorkflowPinsNativeProofGatesToTheirJobsAndPlatforms"}
{"Time":"2026-10-10T00:16:08.412138-04:00","Action":"output","Package":"fairdrop","Test":"TestVerifyWorkflowPinsNativeProofGatesToTheirJobsAndPlatforms","Output":"=== RUN   TestVerifyWorkflowPinsNativeProofGatesToTheirJobsAndPlatforms\n","OutputType":"frame"}
{"Time":"2026-10-10T00:16:08.412663-04:00","Action":"output","Package":"fairdrop","Test":"TestVerifyWorkflowPinsNativeProofGatesToTheirJobsAndPlatforms","Output":"--- PASS: TestVerifyWorkflowPinsNativeProofGatesToTheirJobsAndPlatforms (0.00s)\n","OutputType":"frame"}
{"Time":"2026-10-10T00:16:08.412679-04:00","Action":"pass","Package":"fairdrop","Test":"TestVerifyWorkflowPinsNativeProofGatesToTheirJobsAndPlatforms","Elapsed":0}
{"Time":"2026-10-10T00:16:08.412704-04:00","Action":"output","Package":"fairdrop","Output":"PASS\n","OutputType":"frame"}
{"Time":"2026-10-10T00:16:08.414335-04:00","Action":"output","Package":"fairdrop","Output":"ok  \tfairdrop\t0.268s\n"}
{"Time":"2026-10-10T00:16:08.414383-04:00","Action":"pass","Package":"fairdrop","Elapsed":0.269}
BASELINE PASSED: TestVerifyWorkflowPinsNativeProofGatesToTheirJobsAndPlatforms (structured test and package pass)
{"Time":"2026-10-10T00:16:08.665398-04:00","Action":"start","Package":"fairdrop/internal/source"}
{"Time":"2026-10-10T00:16:08.881087-04:00","Action":"run","Package":"fairdrop/internal/source","Test":"TestDirectoryHandleBudgetIncludesAncestorsAndPreparedPin"}
{"Time":"2026-10-10T00:16:08.881271-04:00","Action":"output","Package":"fairdrop/internal/source","Test":"TestDirectoryHandleBudgetIncludesAncestorsAndPreparedPin","Output":"=== RUN   TestDirectoryHandleBudgetIncludesAncestorsAndPreparedPin\n","OutputType":"frame"}
{"Time":"2026-10-10T00:16:08.881369-04:00","Action":"run","Package":"fairdrop/internal/source","Test":"TestDirectoryHandleBudgetIncludesAncestorsAndPreparedPin/53"}
{"Time":"2026-10-10T00:16:08.881385-04:00","Action":"output","Package":"fairdrop/internal/source","Test":"TestDirectoryHandleBudgetIncludesAncestorsAndPreparedPin/53","Output":"=== RUN   TestDirectoryHandleBudgetIncludesAncestorsAndPreparedPin/53\n","OutputType":"frame"}
{"Time":"2026-10-10T00:16:08.88186-04:00","Action":"output","Package":"fairdrop/internal/source","Test":"TestDirectoryHandleBudgetIncludesAncestorsAndPreparedPin/53","Output":"--- PASS: TestDirectoryHandleBudgetIncludesAncestorsAndPreparedPin/53 (0.00s)\n","OutputType":"frame"}
{"Time":"2026-10-10T00:16:08.88189-04:00","Action":"pass","Package":"fairdrop/internal/source","Test":"TestDirectoryHandleBudgetIncludesAncestorsAndPreparedPin/53","Elapsed":0}
{"Time":"2026-10-10T00:16:08.881917-04:00","Action":"run","Package":"fairdrop/internal/source","Test":"TestDirectoryHandleBudgetIncludesAncestorsAndPreparedPin/54"}
{"Time":"2026-10-10T00:16:08.881929-04:00","Action":"output","Package":"fairdrop/internal/source","Test":"TestDirectoryHandleBudgetIncludesAncestorsAndPreparedPin/54","Output":"=== RUN   TestDirectoryHandleBudgetIncludesAncestorsAndPreparedPin/54\n","OutputType":"frame"}
{"Time":"2026-10-10T00:16:08.882388-04:00","Action":"output","Package":"fairdrop/internal/source","Test":"TestDirectoryHandleBudgetIncludesAncestorsAndPreparedPin/54","Output":"--- PASS: TestDirectoryHandleBudgetIncludesAncestorsAndPreparedPin/54 (0.00s)\n","OutputType":"frame"}
{"Time":"2026-10-10T00:16:08.882407-04:00","Action":"pass","Package":"fairdrop/internal/source","Test":"TestDirectoryHandleBudgetIncludesAncestorsAndPreparedPin/54","Elapsed":0}
{"Time":"2026-10-10T00:16:08.882432-04:00","Action":"output","Package":"fairdrop/internal/source","Test":"TestDirectoryHandleBudgetIncludesAncestorsAndPreparedPin","Output":"--- PASS: TestDirectoryHandleBudgetIncludesAncestorsAndPreparedPin (0.00s)\n","OutputType":"frame"}
{"Time":"2026-10-10T00:16:08.882446-04:00","Action":"pass","Package":"fairdrop/internal/source","Test":"TestDirectoryHandleBudgetIncludesAncestorsAndPreparedPin","Elapsed":0}
{"Time":"2026-10-10T00:16:08.882457-04:00","Action":"output","Package":"fairdrop/internal/source","Output":"PASS\n","OutputType":"frame"}
{"Time":"2026-10-10T00:16:08.883688-04:00","Action":"output","Package":"fairdrop/internal/source","Output":"ok  \tfairdrop/internal/source\t0.218s\n"}
{"Time":"2026-10-10T00:16:08.883728-04:00","Action":"pass","Package":"fairdrop/internal/source","Elapsed":0.218}
BASELINE PASSED: TestDirectoryHandleBudgetIncludesAncestorsAndPreparedPin (structured test and package pass)
{"Time":"2026-10-10T00:16:09.11689-04:00","Action":"start","Package":"fairdrop/internal/source"}
{"Time":"2026-10-10T00:16:09.320064-04:00","Action":"run","Package":"fairdrop/internal/source","Test":"TestLexicalHandleBudgetRefusesBeforeSearchOpen"}
{"Time":"2026-10-10T00:16:09.320248-04:00","Action":"output","Package":"fairdrop/internal/source","Test":"TestLexicalHandleBudgetRefusesBeforeSearchOpen","Output":"=== RUN   TestLexicalHandleBudgetRefusesBeforeSearchOpen\n","OutputType":"frame"}
{"Time":"2026-10-10T00:16:09.320477-04:00","Action":"output","Package":"fairdrop/internal/source","Test":"TestLexicalHandleBudgetRefusesBeforeSearchOpen","Output":"--- PASS: TestLexicalHandleBudgetRefusesBeforeSearchOpen (0.00s)\n","OutputType":"frame"}
{"Time":"2026-10-10T00:16:09.320506-04:00","Action":"pass","Package":"fairdrop/internal/source","Test":"TestLexicalHandleBudgetRefusesBeforeSearchOpen","Elapsed":0}
{"Time":"2026-10-10T00:16:09.320543-04:00","Action":"output","Package":"fairdrop/internal/source","Output":"PASS\n","OutputType":"frame"}
{"Time":"2026-10-10T00:16:09.321451-04:00","Action":"output","Package":"fairdrop/internal/source","Output":"ok  \tfairdrop/internal/source\t0.204s\n"}
{"Time":"2026-10-10T00:16:09.321501-04:00","Action":"pass","Package":"fairdrop/internal/source","Elapsed":0.205}
BASELINE PASSED: TestLexicalHandleBudgetRefusesBeforeSearchOpen (structured test and package pass)
{"Time":"2026-10-10T00:16:09.563978-04:00","Action":"start","Package":"fairdrop/internal/source"}
{"Time":"2026-10-10T00:16:09.777604-04:00","Action":"run","Package":"fairdrop/internal/source","Test":"TestPreparedDirectoryOwnsOnlyLazyPinAndRejectsReplacement"}
{"Time":"2026-10-10T00:16:09.777748-04:00","Action":"output","Package":"fairdrop/internal/source","Test":"TestPreparedDirectoryOwnsOnlyLazyPinAndRejectsReplacement","Output":"=== RUN   TestPreparedDirectoryOwnsOnlyLazyPinAndRejectsReplacement\n","OutputType":"frame"}
{"Time":"2026-10-10T00:16:09.777891-04:00","Action":"output","Package":"fairdrop/internal/source","Test":"TestPreparedDirectoryOwnsOnlyLazyPinAndRejectsReplacement","Output":"--- PASS: TestPreparedDirectoryOwnsOnlyLazyPinAndRejectsReplacement (0.00s)\n","OutputType":"frame"}
{"Time":"2026-10-10T00:16:09.777923-04:00","Action":"pass","Package":"fairdrop/internal/source","Test":"TestPreparedDirectoryOwnsOnlyLazyPinAndRejectsReplacement","Elapsed":0}
{"Time":"2026-10-10T00:16:09.777952-04:00","Action":"output","Package":"fairdrop/internal/source","Output":"PASS\n","OutputType":"frame"}
{"Time":"2026-10-10T00:16:09.778903-04:00","Action":"output","Package":"fairdrop/internal/source","Output":"ok  \tfairdrop/internal/source\t0.214s\n"}
{"Time":"2026-10-10T00:16:09.778932-04:00","Action":"pass","Package":"fairdrop/internal/source","Elapsed":0.215}
BASELINE PASSED: TestPreparedDirectoryOwnsOnlyLazyPinAndRejectsReplacement (structured test and package pass)
{"Time":"2026-10-10T00:16:10.015803-04:00","Action":"start","Package":"fairdrop/internal/source"}
{"Time":"2026-10-10T00:16:10.233254-04:00","Action":"run","Package":"fairdrop/internal/source","Test":"TestPreparedDirectoryNativeReplacementNeverReadsNewBytes"}
{"Time":"2026-10-10T00:16:10.233459-04:00","Action":"output","Package":"fairdrop/internal/source","Test":"TestPreparedDirectoryNativeReplacementNeverReadsNewBytes","Output":"=== RUN   TestPreparedDirectoryNativeReplacementNeverReadsNewBytes\n","OutputType":"frame"}
{"Time":"2026-10-10T00:16:10.236489-04:00","Action":"output","Package":"fairdrop/internal/source","Test":"TestPreparedDirectoryNativeReplacementNeverReadsNewBytes","Output":"--- PASS: TestPreparedDirectoryNativeReplacementNeverReadsNewBytes (0.00s)\n","OutputType":"frame"}
{"Time":"2026-10-10T00:16:10.236541-04:00","Action":"pass","Package":"fairdrop/internal/source","Test":"TestPreparedDirectoryNativeReplacementNeverReadsNewBytes","Elapsed":0}
{"Time":"2026-10-10T00:16:10.236594-04:00","Action":"output","Package":"fairdrop/internal/source","Output":"PASS\n","OutputType":"frame"}
{"Time":"2026-10-10T00:16:10.237521-04:00","Action":"output","Package":"fairdrop/internal/source","Output":"ok  \tfairdrop/internal/source\t0.221s\n"}
{"Time":"2026-10-10T00:16:10.237567-04:00","Action":"pass","Package":"fairdrop/internal/source","Elapsed":0.222}
BASELINE PASSED: TestPreparedDirectoryNativeReplacementNeverReadsNewBytes (structured test and package pass)
{"Time":"2026-10-10T00:16:10.474887-04:00","Action":"start","Package":"fairdrop/internal/source"}
{"Time":"2026-10-10T00:16:10.676418-04:00","Action":"run","Package":"fairdrop/internal/source","Test":"TestPreparedDirectoryClosesWithoutWalkingAndOnPreparationFailure"}
{"Time":"2026-10-10T00:16:10.676496-04:00","Action":"output","Package":"fairdrop/internal/source","Test":"TestPreparedDirectoryClosesWithoutWalkingAndOnPreparationFailure","Output":"=== RUN   TestPreparedDirectoryClosesWithoutWalkingAndOnPreparationFailure\n","OutputType":"frame"}
{"Time":"2026-10-10T00:16:10.676545-04:00","Action":"output","Package":"fairdrop/internal/source","Test":"TestPreparedDirectoryClosesWithoutWalkingAndOnPreparationFailure","Output":"--- PASS: TestPreparedDirectoryClosesWithoutWalkingAndOnPreparationFailure (0.00s)\n","OutputType":"frame"}
{"Time":"2026-10-10T00:16:10.676557-04:00","Action":"pass","Package":"fairdrop/internal/source","Test":"TestPreparedDirectoryClosesWithoutWalkingAndOnPreparationFailure","Elapsed":0}
{"Time":"2026-10-10T00:16:10.676569-04:00","Action":"output","Package":"fairdrop/internal/source","Output":"PASS\n","OutputType":"frame"}
{"Time":"2026-10-10T00:16:10.676941-04:00","Action":"output","Package":"fairdrop/internal/source","Output":"ok  \tfairdrop/internal/source\t0.202s\n"}
{"Time":"2026-10-10T00:16:10.676964-04:00","Action":"pass","Package":"fairdrop/internal/source","Elapsed":0.202}
BASELINE PASSED: TestPreparedDirectoryClosesWithoutWalkingAndOnPreparationFailure (structured test and package pass)
{"Time":"2026-10-10T00:16:10.896554-04:00","Action":"start","Package":"fairdrop/internal/source"}
{"Time":"2026-10-10T00:16:11.097554-04:00","Action":"run","Package":"fairdrop/internal/source","Test":"TestPreparedCloseJoinsActiveWalk"}
{"Time":"2026-10-10T00:16:11.097763-04:00","Action":"output","Package":"fairdrop/internal/source","Test":"TestPreparedCloseJoinsActiveWalk","Output":"=== RUN   TestPreparedCloseJoinsActiveWalk\n","OutputType":"frame"}
{"Time":"2026-10-10T00:16:11.097964-04:00","Action":"output","Package":"fairdrop/internal/source","Test":"TestPreparedCloseJoinsActiveWalk","Output":"--- PASS: TestPreparedCloseJoinsActiveWalk (0.00s)\n","OutputType":"frame"}
{"Time":"2026-10-10T00:16:11.097993-04:00","Action":"pass","Package":"fairdrop/internal/source","Test":"TestPreparedCloseJoinsActiveWalk","Elapsed":0}
{"Time":"2026-10-10T00:16:11.098026-04:00","Action":"output","Package":"fairdrop/internal/source","Output":"PASS\n","OutputType":"frame"}
{"Time":"2026-10-10T00:16:11.09896-04:00","Action":"output","Package":"fairdrop/internal/source","Output":"ok  \tfairdrop/internal/source\t0.202s\n"}
{"Time":"2026-10-10T00:16:11.098996-04:00","Action":"pass","Package":"fairdrop/internal/source","Elapsed":0.202}
BASELINE PASSED: TestPreparedCloseJoinsActiveWalk (structured test and package pass)
{"Time":"2026-10-10T00:16:11.335166-04:00","Action":"start","Package":"fairdrop/internal/source"}
{"Time":"2026-10-10T00:16:11.535721-04:00","Action":"run","Package":"fairdrop/internal/source","Test":"TestBorrowedReaderRevocationJoinsAnInFlightRead"}
{"Time":"2026-10-10T00:16:11.535803-04:00","Action":"output","Package":"fairdrop/internal/source","Test":"TestBorrowedReaderRevocationJoinsAnInFlightRead","Output":"=== RUN   TestBorrowedReaderRevocationJoinsAnInFlightRead\n","OutputType":"frame"}
{"Time":"2026-10-10T00:16:11.53585-04:00","Action":"output","Package":"fairdrop/internal/source","Test":"TestBorrowedReaderRevocationJoinsAnInFlightRead","Output":"--- PASS: TestBorrowedReaderRevocationJoinsAnInFlightRead (0.00s)\n","OutputType":"frame"}
{"Time":"2026-10-10T00:16:11.535857-04:00","Action":"pass","Package":"fairdrop/internal/source","Test":"TestBorrowedReaderRevocationJoinsAnInFlightRead","Elapsed":0}
{"Time":"2026-10-10T00:16:11.535872-04:00","Action":"output","Package":"fairdrop/internal/source","Output":"PASS\n","OutputType":"frame"}
{"Time":"2026-10-10T00:16:11.53624-04:00","Action":"output","Package":"fairdrop/internal/source","Output":"ok  \tfairdrop/internal/source\t0.201s\n"}
{"Time":"2026-10-10T00:16:11.536272-04:00","Action":"pass","Package":"fairdrop/internal/source","Elapsed":0.201}
BASELINE PASSED: TestBorrowedReaderRevocationJoinsAnInFlightRead (structured test and package pass)
{"Time":"2026-10-10T00:16:11.76041-04:00","Action":"start","Package":"fairdrop/internal/source"}
{"Time":"2026-10-10T00:16:11.961343-04:00","Action":"run","Package":"fairdrop/internal/source","Test":"TestWalkRevokesBorrowBeforeOwnedClose"}
{"Time":"2026-10-10T00:16:11.961492-04:00","Action":"output","Package":"fairdrop/internal/source","Test":"TestWalkRevokesBorrowBeforeOwnedClose","Output":"=== RUN   TestWalkRevokesBorrowBeforeOwnedClose\n","OutputType":"frame"}
{"Time":"2026-10-10T00:16:11.961624-04:00","Action":"output","Package":"fairdrop/internal/source","Test":"TestWalkRevokesBorrowBeforeOwnedClose","Output":"--- PASS: TestWalkRevokesBorrowBeforeOwnedClose (0.00s)\n","OutputType":"frame"}
{"Time":"2026-10-10T00:16:11.961652-04:00","Action":"pass","Package":"fairdrop/internal/source","Test":"TestWalkRevokesBorrowBeforeOwnedClose","Elapsed":0}
{"Time":"2026-10-10T00:16:11.961699-04:00","Action":"output","Package":"fairdrop/internal/source","Output":"PASS\n","OutputType":"frame"}
{"Time":"2026-10-10T00:16:11.962545-04:00","Action":"output","Package":"fairdrop/internal/source","Output":"ok  \tfairdrop/internal/source\t0.202s\n"}
{"Time":"2026-10-10T00:16:11.96258-04:00","Action":"pass","Package":"fairdrop/internal/source","Elapsed":0.202}
BASELINE PASSED: TestWalkRevokesBorrowBeforeOwnedClose (structured test and package pass)
{"Time":"2026-10-10T00:16:12.202784-04:00","Action":"start","Package":"fairdrop/internal/source"}
{"Time":"2026-10-10T00:16:12.387022-04:00","Action":"run","Package":"fairdrop/internal/source","Test":"TestSourceArithmeticAndBatchFaultsArePhaseCorrect"}
{"Time":"2026-10-10T00:16:12.387101-04:00","Action":"output","Package":"fairdrop/internal/source","Test":"TestSourceArithmeticAndBatchFaultsArePhaseCorrect","Output":"=== RUN   TestSourceArithmeticAndBatchFaultsArePhaseCorrect\n","OutputType":"frame"}
{"Time":"2026-10-10T00:16:12.38714-04:00","Action":"run","Package":"fairdrop/internal/source","Test":"TestSourceArithmeticAndBatchFaultsArePhaseCorrect/negative"}
{"Time":"2026-10-10T00:16:12.38715-04:00","Action":"output","Package":"fairdrop/internal/source","Test":"TestSourceArithmeticAndBatchFaultsArePhaseCorrect/negative","Output":"=== RUN   TestSourceArithmeticAndBatchFaultsArePhaseCorrect/negative\n","OutputType":"frame"}
{"Time":"2026-10-10T00:16:12.387177-04:00","Action":"output","Package":"fairdrop/internal/source","Test":"TestSourceArithmeticAndBatchFaultsArePhaseCorrect/negative","Output":"--- PASS: TestSourceArithmeticAndBatchFaultsArePhaseCorrect/negative (0.00s)\n","OutputType":"frame"}
{"Time":"2026-10-10T00:16:12.387184-04:00","Action":"pass","Package":"fairdrop/internal/source","Test":"TestSourceArithmeticAndBatchFaultsArePhaseCorrect/negative","Elapsed":0}
{"Time":"2026-10-10T00:16:12.387198-04:00","Action":"run","Package":"fairdrop/internal/source","Test":"TestSourceArithmeticAndBatchFaultsArePhaseCorrect/overflow"}
{"Time":"2026-10-10T00:16:12.387202-04:00","Action":"output","Package":"fairdrop/internal/source","Test":"TestSourceArithmeticAndBatchFaultsArePhaseCorrect/overflow","Output":"=== RUN   TestSourceArithmeticAndBatchFaultsArePhaseCorrect/overflow\n","OutputType":"frame"}
{"Time":"2026-10-10T00:16:12.387212-04:00","Action":"output","Package":"fairdrop/internal/source","Test":"TestSourceArithmeticAndBatchFaultsArePhaseCorrect/overflow","Output":"--- PASS: TestSourceArithmeticAndBatchFaultsArePhaseCorrect/overflow (0.00s)\n","OutputType":"frame"}
{"Time":"2026-10-10T00:16:12.387216-04:00","Action":"pass","Package":"fairdrop/internal/source","Test":"TestSourceArithmeticAndBatchFaultsArePhaseCorrect/overflow","Elapsed":0}
{"Time":"2026-10-10T00:16:12.38722-04:00","Action":"run","Package":"fairdrop/internal/source","Test":"TestSourceArithmeticAndBatchFaultsArePhaseCorrect/batch"}
{"Time":"2026-10-10T00:16:12.387223-04:00","Action":"output","Package":"fairdrop/internal/source","Test":"TestSourceArithmeticAndBatchFaultsArePhaseCorrect/batch","Output":"=== RUN   TestSourceArithmeticAndBatchFaultsArePhaseCorrect/batch\n","OutputType":"frame"}
{"Time":"2026-10-10T00:16:12.387227-04:00","Action":"output","Package":"fairdrop/internal/source","Test":"TestSourceArithmeticAndBatchFaultsArePhaseCorrect/batch","Output":"--- PASS: TestSourceArithmeticAndBatchFaultsArePhaseCorrect/batch (0.00s)\n","OutputType":"frame"}
{"Time":"2026-10-10T00:16:12.387236-04:00","Action":"pass","Package":"fairdrop/internal/source","Test":"TestSourceArithmeticAndBatchFaultsArePhaseCorrect/batch","Elapsed":0}
{"Time":"2026-10-10T00:16:12.38724-04:00","Action":"run","Package":"fairdrop/internal/source","Test":"TestSourceArithmeticAndBatchFaultsArePhaseCorrect/root-file"}
{"Time":"2026-10-10T00:16:12.387243-04:00","Action":"output","Package":"fairdrop/internal/source","Test":"TestSourceArithmeticAndBatchFaultsArePhaseCorrect/root-file","Output":"=== RUN   TestSourceArithmeticAndBatchFaultsArePhaseCorrect/root-file\n","OutputType":"frame"}
{"Time":"2026-10-10T00:16:12.387248-04:00","Action":"output","Package":"fairdrop/internal/source","Test":"TestSourceArithmeticAndBatchFaultsArePhaseCorrect/root-file","Output":"--- PASS: TestSourceArithmeticAndBatchFaultsArePhaseCorrect/root-file (0.00s)\n","OutputType":"frame"}
{"Time":"2026-10-10T00:16:12.387251-04:00","Action":"pass","Package":"fairdrop/internal/source","Test":"TestSourceArithmeticAndBatchFaultsArePhaseCorrect/root-file","Elapsed":0}
{"Time":"2026-10-10T00:16:12.387259-04:00","Action":"output","Package":"fairdrop/internal/source","Test":"TestSourceArithmeticAndBatchFaultsArePhaseCorrect","Output":"--- PASS: TestSourceArithmeticAndBatchFaultsArePhaseCorrect (0.00s)\n","OutputType":"frame"}
{"Time":"2026-10-10T00:16:12.387285-04:00","Action":"pass","Package":"fairdrop/internal/source","Test":"TestSourceArithmeticAndBatchFaultsArePhaseCorrect","Elapsed":0}
{"Time":"2026-10-10T00:16:12.387288-04:00","Action":"output","Package":"fairdrop/internal/source","Output":"PASS\n","OutputType":"frame"}
{"Time":"2026-10-10T00:16:12.387687-04:00","Action":"output","Package":"fairdrop/internal/source","Output":"ok  \tfairdrop/internal/source\t0.185s\n"}
{"Time":"2026-10-10T00:16:12.387696-04:00","Action":"pass","Package":"fairdrop/internal/source","Elapsed":0.185}
BASELINE PASSED: TestSourceArithmeticAndBatchFaultsArePhaseCorrect (structured test and package pass)
{"Time":"2026-10-10T00:16:12.615849-04:00","Action":"start","Package":"fairdrop/internal/source"}
{"Time":"2026-10-10T00:16:12.820741-04:00","Action":"run","Package":"fairdrop/internal/source","Test":"TestSourceRefusesUnsafeNamesAndCountsUnportableOnes"}
{"Time":"2026-10-10T00:16:12.820832-04:00","Action":"output","Package":"fairdrop/internal/source","Test":"TestSourceRefusesUnsafeNamesAndCountsUnportableOnes","Output":"=== RUN   TestSourceRefusesUnsafeNamesAndCountsUnportableOnes\n","OutputType":"frame"}
{"Time":"2026-10-10T00:16:12.820904-04:00","Action":"run","Package":"fairdrop/internal/source","Test":"TestSourceRefusesUnsafeNamesAndCountsUnportableOnes/bad\\u202e.txt"}
{"Time":"2026-10-10T00:16:12.820922-04:00","Action":"output","Package":"fairdrop/internal/source","Test":"TestSourceRefusesUnsafeNamesAndCountsUnportableOnes/bad\\u202e.txt","Output":"=== RUN   TestSourceRefusesUnsafeNamesAndCountsUnportableOnes/bad\\u202e.txt\n","OutputType":"frame"}
{"Time":"2026-10-10T00:16:12.821047-04:00","Action":"output","Package":"fairdrop/internal/source","Test":"TestSourceRefusesUnsafeNamesAndCountsUnportableOnes/bad\\u202e.txt","Output":"--- PASS: TestSourceRefusesUnsafeNamesAndCountsUnportableOnes/bad\\u202e.txt (0.00s)\n","OutputType":"frame"}
{"Time":"2026-10-10T00:16:12.821103-04:00","Action":"pass","Package":"fairdrop/internal/source","Test":"TestSourceRefusesUnsafeNamesAndCountsUnportableOnes/bad\\u202e.txt","Elapsed":0}
{"Time":"2026-10-10T00:16:12.82114-04:00","Action":"run","Package":"fairdrop/internal/source","Test":"TestSourceRefusesUnsafeNamesAndCountsUnportableOnes/bad\\x01.txt"}
{"Time":"2026-10-10T00:16:12.821153-04:00","Action":"output","Package":"fairdrop/internal/source","Test":"TestSourceRefusesUnsafeNamesAndCountsUnportableOnes/bad\\x01.txt","Output":"=== RUN   TestSourceRefusesUnsafeNamesAndCountsUnportableOnes/bad\\x01.txt\n","OutputType":"frame"}
{"Time":"2026-10-10T00:16:12.821183-04:00","Action":"output","Package":"fairdrop/internal/source","Test":"TestSourceRefusesUnsafeNamesAndCountsUnportableOnes/bad\\x01.txt","Output":"--- PASS: TestSourceRefusesUnsafeNamesAndCountsUnportableOnes/bad\\x01.txt (0.00s)\n","OutputType":"frame"}
{"Time":"2026-10-10T00:16:12.821197-04:00","Action":"pass","Package":"fairdrop/internal/source","Test":"TestSourceRefusesUnsafeNamesAndCountsUnportableOnes/bad\\x01.txt","Elapsed":0}
{"Time":"2026-10-10T00:16:12.821207-04:00","Action":"run","Package":"fairdrop/internal/source","Test":"TestSourceRefusesUnsafeNamesAndCountsUnportableOnes/C:evil.txt"}
{"Time":"2026-10-10T00:16:12.821221-04:00","Action":"output","Package":"fairdrop/internal/source","Test":"TestSourceRefusesUnsafeNamesAndCountsUnportableOnes/C:evil.txt","Output":"=== RUN   TestSourceRefusesUnsafeNamesAndCountsUnportableOnes/C:evil.txt\n","OutputType":"frame"}
{"Time":"2026-10-10T00:16:12.821233-04:00","Action":"output","Package":"fairdrop/internal/source","Test":"TestSourceRefusesUnsafeNamesAndCountsUnportableOnes/C:evil.txt","Output":"--- PASS: TestSourceRefusesUnsafeNamesAndCountsUnportableOnes/C:evil.txt (0.00s)\n","OutputType":"frame"}
{"Time":"2026-10-10T00:16:12.821244-04:00","Action":"pass","Package":"fairdrop/internal/source","Test":"TestSourceRefusesUnsafeNamesAndCountsUnportableOnes/C:evil.txt","Elapsed":0}
{"Time":"2026-10-10T00:16:12.821258-04:00","Action":"run","Package":"fairdrop/internal/source","Test":"TestSourceRefusesUnsafeNamesAndCountsUnportableOnes/NUL_.txt"}
{"Time":"2026-10-10T00:16:12.821268-04:00","Action":"output","Package":"fairdrop/internal/source","Test":"TestSourceRefusesUnsafeNamesAndCountsUnportableOnes/NUL_.txt","Output":"=== RUN   TestSourceRefusesUnsafeNamesAndCountsUnportableOnes/NUL_.txt\n","OutputType":"frame"}
{"Time":"2026-10-10T00:16:12.821281-04:00","Action":"output","Package":"fairdrop/internal/source","Test":"TestSourceRefusesUnsafeNamesAndCountsUnportableOnes/NUL_.txt","Output":"--- PASS: TestSourceRefusesUnsafeNamesAndCountsUnportableOnes/NUL_.txt (0.00s)\n","OutputType":"frame"}
{"Time":"2026-10-10T00:16:12.821292-04:00","Action":"pass","Package":"fairdrop/internal/source","Test":"TestSourceRefusesUnsafeNamesAndCountsUnportableOnes/NUL_.txt","Elapsed":0}
{"Time":"2026-10-10T00:16:12.82133-04:00","Action":"run","Package":"fairdrop/internal/source","Test":"TestSourceRefusesUnsafeNamesAndCountsUnportableOnes/COM¹.txt"}
{"Time":"2026-10-10T00:16:12.821338-04:00","Action":"output","Package":"fairdrop/internal/source","Test":"TestSourceRefusesUnsafeNamesAndCountsUnportableOnes/COM¹.txt","Output":"=== RUN   TestSourceRefusesUnsafeNamesAndCountsUnportableOnes/COM¹.txt\n","OutputType":"frame"}
{"Time":"2026-10-10T00:16:12.821348-04:00","Action":"output","Package":"fairdrop/internal/source","Test":"TestSourceRefusesUnsafeNamesAndCountsUnportableOnes/COM¹.txt","Output":"--- PASS: TestSourceRefusesUnsafeNamesAndCountsUnportableOnes/COM¹.txt (0.00s)\n","OutputType":"frame"}
{"Time":"2026-10-10T00:16:12.821356-04:00","Action":"pass","Package":"fairdrop/internal/source","Test":"TestSourceRefusesUnsafeNamesAndCountsUnportableOnes/COM¹.txt","Elapsed":0}
{"Time":"2026-10-10T00:16:12.821365-04:00","Action":"run","Package":"fairdrop/internal/source","Test":"TestSourceRefusesUnsafeNamesAndCountsUnportableOnes/LPT³"}
{"Time":"2026-10-10T00:16:12.821372-04:00","Action":"output","Package":"fairdrop/internal/source","Test":"TestSourceRefusesUnsafeNamesAndCountsUnportableOnes/LPT³","Output":"=== RUN   TestSourceRefusesUnsafeNamesAndCountsUnportableOnes/LPT³\n","OutputType":"frame"}
{"Time":"2026-10-10T00:16:12.821385-04:00","Action":"output","Package":"fairdrop/internal/source","Test":"TestSourceRefusesUnsafeNamesAndCountsUnportableOnes/LPT³","Output":"--- PASS: TestSourceRefusesUnsafeNamesAndCountsUnportableOnes/LPT³ (0.00s)\n","OutputType":"frame"}
{"Time":"2026-10-10T00:16:12.821393-04:00","Action":"pass","Package":"fairdrop/internal/source","Test":"TestSourceRefusesUnsafeNamesAndCountsUnportableOnes/LPT³","Elapsed":0}
{"Time":"2026-10-10T00:16:12.821401-04:00","Action":"run","Package":"fairdrop/internal/source","Test":"TestSourceRefusesUnsafeNamesAndCountsUnportableOnes/bad\u003c"}
{"Time":"2026-10-10T00:16:12.821412-04:00","Action":"output","Package":"fairdrop/internal/source","Test":"TestSourceRefusesUnsafeNamesAndCountsUnportableOnes/bad\u003c","Output":"=== RUN   TestSourceRefusesUnsafeNamesAndCountsUnportableOnes/bad\u003c\n","OutputType":"frame"}
{"Time":"2026-10-10T00:16:12.821421-04:00","Action":"output","Package":"fairdrop/internal/source","Test":"TestSourceRefusesUnsafeNamesAndCountsUnportableOnes/bad\u003c","Output":"--- PASS: TestSourceRefusesUnsafeNamesAndCountsUnportableOnes/bad\u003c (0.00s)\n","OutputType":"frame"}
{"Time":"2026-10-10T00:16:12.82143-04:00","Action":"pass","Package":"fairdrop/internal/source","Test":"TestSourceRefusesUnsafeNamesAndCountsUnportableOnes/bad\u003c","Elapsed":0}
{"Time":"2026-10-10T00:16:12.821437-04:00","Action":"run","Package":"fairdrop/internal/source","Test":"TestSourceRefusesUnsafeNamesAndCountsUnportableOnes/bad\u003e"}
{"Time":"2026-10-10T00:16:12.82145-04:00","Action":"output","Package":"fairdrop/internal/source","Test":"TestSourceRefusesUnsafeNamesAndCountsUnportableOnes/bad\u003e","Output":"=== RUN   TestSourceRefusesUnsafeNamesAndCountsUnportableOnes/bad\u003e\n","OutputType":"frame"}
{"Time":"2026-10-10T00:16:12.821462-04:00","Action":"output","Package":"fairdrop/internal/source","Test":"TestSourceRefusesUnsafeNamesAndCountsUnportableOnes/bad\u003e","Output":"--- PASS: TestSourceRefusesUnsafeNamesAndCountsUnportableOnes/bad\u003e (0.00s)\n","OutputType":"frame"}
{"Time":"2026-10-10T00:16:12.821471-04:00","Action":"pass","Package":"fairdrop/internal/source","Test":"TestSourceRefusesUnsafeNamesAndCountsUnportableOnes/bad\u003e","Elapsed":0}
{"Time":"2026-10-10T00:16:12.821478-04:00","Action":"run","Package":"fairdrop/internal/source","Test":"TestSourceRefusesUnsafeNamesAndCountsUnportableOnes/bad|"}
{"Time":"2026-10-10T00:16:12.821485-04:00","Action":"output","Package":"fairdrop/internal/source","Test":"TestSourceRefusesUnsafeNamesAndCountsUnportableOnes/bad|","Output":"=== RUN   TestSourceRefusesUnsafeNamesAndCountsUnportableOnes/bad|\n","OutputType":"frame"}
{"Time":"2026-10-10T00:16:12.821507-04:00","Action":"output","Package":"fairdrop/internal/source","Test":"TestSourceRefusesUnsafeNamesAndCountsUnportableOnes/bad|","Output":"--- PASS: TestSourceRefusesUnsafeNamesAndCountsUnportableOnes/bad| (0.00s)\n","OutputType":"frame"}
{"Time":"2026-10-10T00:16:12.821517-04:00","Action":"pass","Package":"fairdrop/internal/source","Test":"TestSourceRefusesUnsafeNamesAndCountsUnportableOnes/bad|","Elapsed":0}
{"Time":"2026-10-10T00:16:12.821525-04:00","Action":"run","Package":"fairdrop/internal/source","Test":"TestSourceRefusesUnsafeNamesAndCountsUnportableOnes/bad?"}
{"Time":"2026-10-10T00:16:12.821531-04:00","Action":"output","Package":"fairdrop/internal/source","Test":"TestSourceRefusesUnsafeNamesAndCountsUnportableOnes/bad?","Output":"=== RUN   TestSourceRefusesUnsafeNamesAndCountsUnportableOnes/bad?\n","OutputType":"frame"}
{"Time":"2026-10-10T00:16:12.82154-04:00","Action":"output","Package":"fairdrop/internal/source","Test":"TestSourceRefusesUnsafeNamesAndCountsUnportableOnes/bad?","Output":"--- PASS: TestSourceRefusesUnsafeNamesAndCountsUnportableOnes/bad? (0.00s)\n","OutputType":"frame"}
{"Time":"2026-10-10T00:16:12.821548-04:00","Action":"pass","Package":"fairdrop/internal/source","Test":"TestSourceRefusesUnsafeNamesAndCountsUnportableOnes/bad?","Elapsed":0}
{"Time":"2026-10-10T00:16:12.821555-04:00","Action":"run","Package":"fairdrop/internal/source","Test":"TestSourceRefusesUnsafeNamesAndCountsUnportableOnes/bad*"}
{"Time":"2026-10-10T00:16:12.821561-04:00","Action":"output","Package":"fairdrop/internal/source","Test":"TestSourceRefusesUnsafeNamesAndCountsUnportableOnes/bad*","Output":"=== RUN   TestSourceRefusesUnsafeNamesAndCountsUnportableOnes/bad*\n","OutputType":"frame"}
{"Time":"2026-10-10T00:16:12.821569-04:00","Action":"output","Package":"fairdrop/internal/source","Test":"TestSourceRefusesUnsafeNamesAndCountsUnportableOnes/bad*","Output":"--- PASS: TestSourceRefusesUnsafeNamesAndCountsUnportableOnes/bad* (0.00s)\n","OutputType":"frame"}
{"Time":"2026-10-10T00:16:12.821576-04:00","Action":"pass","Package":"fairdrop/internal/source","Test":"TestSourceRefusesUnsafeNamesAndCountsUnportableOnes/bad*","Elapsed":0}
{"Time":"2026-10-10T00:16:12.821583-04:00","Action":"run","Package":"fairdrop/internal/source","Test":"TestSourceRefusesUnsafeNamesAndCountsUnportableOnes/ab:cd"}
{"Time":"2026-10-10T00:16:12.821591-04:00","Action":"output","Package":"fairdrop/internal/source","Test":"TestSourceRefusesUnsafeNamesAndCountsUnportableOnes/ab:cd","Output":"=== RUN   TestSourceRefusesUnsafeNamesAndCountsUnportableOnes/ab:cd\n","OutputType":"frame"}
{"Time":"2026-10-10T00:16:12.821616-04:00","Action":"output","Package":"fairdrop/internal/source","Test":"TestSourceRefusesUnsafeNamesAndCountsUnportableOnes/ab:cd","Output":"--- PASS: TestSourceRefusesUnsafeNamesAndCountsUnportableOnes/ab:cd (0.00s)\n","OutputType":"frame"}
{"Time":"2026-10-10T00:16:12.821625-04:00","Action":"pass","Package":"fairdrop/internal/source","Test":"TestSourceRefusesUnsafeNamesAndCountsUnportableOnes/ab:cd","Elapsed":0}
{"Time":"2026-10-10T00:16:12.821632-04:00","Action":"run","Package":"fairdrop/internal/source","Test":"TestSourceRefusesUnsafeNamesAndCountsUnportableOnes/bad\""}
{"Time":"2026-10-10T00:16:12.821639-04:00","Action":"output","Package":"fairdrop/internal/source","Test":"TestSourceRefusesUnsafeNamesAndCountsUnportableOnes/bad\"","Output":"=== RUN   TestSourceRefusesUnsafeNamesAndCountsUnportableOnes/bad\"\n","OutputType":"frame"}
{"Time":"2026-10-10T00:16:12.821648-04:00","Action":"output","Package":"fairdrop/internal/source","Test":"TestSourceRefusesUnsafeNamesAndCountsUnportableOnes/bad\"","Output":"--- PASS: TestSourceRefusesUnsafeNamesAndCountsUnportableOnes/bad\" (0.00s)\n","OutputType":"frame"}
{"Time":"2026-10-10T00:16:12.821656-04:00","Action":"pass","Package":"fairdrop/internal/source","Test":"TestSourceRefusesUnsafeNamesAndCountsUnportableOnes/bad\"","Elapsed":0}
{"Time":"2026-10-10T00:16:12.821663-04:00","Action":"run","Package":"fairdrop/internal/source","Test":"TestSourceRefusesUnsafeNamesAndCountsUnportableOnes/tail."}
{"Time":"2026-10-10T00:16:12.821678-04:00","Action":"output","Package":"fairdrop/internal/source","Test":"TestSourceRefusesUnsafeNamesAndCountsUnportableOnes/tail.","Output":"=== RUN   TestSourceRefusesUnsafeNamesAndCountsUnportableOnes/tail.\n","OutputType":"frame"}
{"Time":"2026-10-10T00:16:12.821687-04:00","Action":"output","Package":"fairdrop/internal/source","Test":"TestSourceRefusesUnsafeNamesAndCountsUnportableOnes/tail.","Output":"--- PASS: TestSourceRefusesUnsafeNamesAndCountsUnportableOnes/tail. (0.00s)\n","OutputType":"frame"}
{"Time":"2026-10-10T00:16:12.821695-04:00","Action":"pass","Package":"fairdrop/internal/source","Test":"TestSourceRefusesUnsafeNamesAndCountsUnportableOnes/tail.","Elapsed":0}
{"Time":"2026-10-10T00:16:12.821702-04:00","Action":"run","Package":"fairdrop/internal/source","Test":"TestSourceRefusesUnsafeNamesAndCountsUnportableOnes/tail_"}
{"Time":"2026-10-10T00:16:12.82171-04:00","Action":"output","Package":"fairdrop/internal/source","Test":"TestSourceRefusesUnsafeNamesAndCountsUnportableOnes/tail_","Output":"=== RUN   TestSourceRefusesUnsafeNamesAndCountsUnportableOnes/tail_\n","OutputType":"frame"}
{"Time":"2026-10-10T00:16:12.821718-04:00","Action":"output","Package":"fairdrop/internal/source","Test":"TestSourceRefusesUnsafeNamesAndCountsUnportableOnes/tail_","Output":"--- PASS: TestSourceRefusesUnsafeNamesAndCountsUnportableOnes/tail_ (0.00s)\n","OutputType":"frame"}
{"Time":"2026-10-10T00:16:12.821725-04:00","Action":"pass","Package":"fairdrop/internal/source","Test":"TestSourceRefusesUnsafeNamesAndCountsUnportableOnes/tail_","Elapsed":0}
{"Time":"2026-10-10T00:16:12.821733-04:00","Action":"output","Package":"fairdrop/internal/source","Test":"TestSourceRefusesUnsafeNamesAndCountsUnportableOnes","Output":"--- PASS: TestSourceRefusesUnsafeNamesAndCountsUnportableOnes (0.00s)\n","OutputType":"frame"}
{"Time":"2026-10-10T00:16:12.821756-04:00","Action":"pass","Package":"fairdrop/internal/source","Test":"TestSourceRefusesUnsafeNamesAndCountsUnportableOnes","Elapsed":0}
{"Time":"2026-10-10T00:16:12.821763-04:00","Action":"output","Package":"fairdrop/internal/source","Output":"PASS\n","OutputType":"frame"}
{"Time":"2026-10-10T00:16:12.822424-04:00","Action":"output","Package":"fairdrop/internal/source","Output":"ok  \tfairdrop/internal/source\t0.206s\n"}
{"Time":"2026-10-10T00:16:12.822454-04:00","Action":"pass","Package":"fairdrop/internal/source","Elapsed":0.207}
BASELINE PASSED: TestSourceRefusesUnsafeNamesAndCountsUnportableOnes (structured test and package pass)
{"Time":"2026-10-10T00:16:13.08335-04:00","Action":"start","Package":"fairdrop/internal/transfer"}
{"Time":"2026-10-10T00:16:13.305544-04:00","Action":"run","Package":"fairdrop/internal/transfer","Test":"TestSafeArchiveSegmentRefusesOnlyDangerousNames"}
{"Time":"2026-10-10T00:16:13.305678-04:00","Action":"output","Package":"fairdrop/internal/transfer","Test":"TestSafeArchiveSegmentRefusesOnlyDangerousNames","Output":"=== RUN   TestSafeArchiveSegmentRefusesOnlyDangerousNames\n","OutputType":"frame"}
{"Time":"2026-10-10T00:16:13.305742-04:00","Action":"output","Package":"fairdrop/internal/transfer","Test":"TestSafeArchiveSegmentRefusesOnlyDangerousNames","Output":"--- PASS: TestSafeArchiveSegmentRefusesOnlyDangerousNames (0.00s)\n","OutputType":"frame"}
{"Time":"2026-10-10T00:16:13.305791-04:00","Action":"pass","Package":"fairdrop/internal/transfer","Test":"TestSafeArchiveSegmentRefusesOnlyDangerousNames","Elapsed":0}
{"Time":"2026-10-10T00:16:13.305815-04:00","Action":"output","Package":"fairdrop/internal/transfer","Output":"PASS\n","OutputType":"frame"}
{"Time":"2026-10-10T00:16:13.306606-04:00","Action":"output","Package":"fairdrop/internal/transfer","Output":"ok  \tfairdrop/internal/transfer\t0.223s\n"}
{"Time":"2026-10-10T00:16:13.306645-04:00","Action":"pass","Package":"fairdrop/internal/transfer","Elapsed":0.223}
BASELINE PASSED: TestSafeArchiveSegmentRefusesOnlyDangerousNames (structured test and package pass)
{"Time":"2026-10-10T00:16:13.565419-04:00","Action":"start","Package":"fairdrop/internal/transfer"}
{"Time":"2026-10-10T00:16:13.780116-04:00","Action":"run","Package":"fairdrop/internal/transfer","Test":"TestPortableArchiveSegmentNamesWhatWindowsCannotSave"}
{"Time":"2026-10-10T00:16:13.780332-04:00","Action":"output","Package":"fairdrop/internal/transfer","Test":"TestPortableArchiveSegmentNamesWhatWindowsCannotSave","Output":"=== RUN   TestPortableArchiveSegmentNamesWhatWindowsCannotSave\n","OutputType":"frame"}
{"Time":"2026-10-10T00:16:13.780463-04:00","Action":"output","Package":"fairdrop/internal/transfer","Test":"TestPortableArchiveSegmentNamesWhatWindowsCannotSave","Output":"--- PASS: TestPortableArchiveSegmentNamesWhatWindowsCannotSave (0.00s)\n","OutputType":"frame"}
{"Time":"2026-10-10T00:16:13.780495-04:00","Action":"pass","Package":"fairdrop/internal/transfer","Test":"TestPortableArchiveSegmentNamesWhatWindowsCannotSave","Elapsed":0}
{"Time":"2026-10-10T00:16:13.780536-04:00","Action":"output","Package":"fairdrop/internal/transfer","Output":"PASS\n","OutputType":"frame"}
{"Time":"2026-10-10T00:16:13.781558-04:00","Action":"output","Package":"fairdrop/internal/transfer","Output":"ok  \tfairdrop/internal/transfer\t0.216s\n"}
{"Time":"2026-10-10T00:16:13.781623-04:00","Action":"pass","Package":"fairdrop/internal/transfer","Elapsed":0.216}
BASELINE PASSED: TestPortableArchiveSegmentNamesWhatWindowsCannotSave (structured test and package pass)
{"Time":"2026-10-10T00:16:14.117169-04:00","Action":"start","Package":"fairdrop/internal/stream"}
{"Time":"2026-10-10T00:16:14.35164-04:00","Action":"run","Package":"fairdrop/internal/stream","Test":"TestPreparedArchiveNativeRootReplacementIsRefused"}
{"Time":"2026-10-10T00:16:14.351815-04:00","Action":"output","Package":"fairdrop/internal/stream","Test":"TestPreparedArchiveNativeRootReplacementIsRefused","Output":"=== RUN   TestPreparedArchiveNativeRootReplacementIsRefused\n","OutputType":"frame"}
{"Time":"2026-10-10T00:16:14.355511-04:00","Action":"output","Package":"fairdrop/internal/stream","Test":"TestPreparedArchiveNativeRootReplacementIsRefused","Output":"--- PASS: TestPreparedArchiveNativeRootReplacementIsRefused (0.00s)\n","OutputType":"frame"}
{"Time":"2026-10-10T00:16:14.355553-04:00","Action":"pass","Package":"fairdrop/internal/stream","Test":"TestPreparedArchiveNativeRootReplacementIsRefused","Elapsed":0}
{"Time":"2026-10-10T00:16:14.355605-04:00","Action":"output","Package":"fairdrop/internal/stream","Output":"PASS\n","OutputType":"frame"}
{"Time":"2026-10-10T00:16:14.35666-04:00","Action":"output","Package":"fairdrop/internal/stream","Output":"ok  \tfairdrop/internal/stream\t0.239s\n"}
{"Time":"2026-10-10T00:16:14.35669-04:00","Action":"pass","Package":"fairdrop/internal/stream","Elapsed":0.24}
BASELINE PASSED: TestPreparedArchiveNativeRootReplacementIsRefused (structured test and package pass)
{"Time":"2026-10-10T00:16:14.703311-04:00","Action":"start","Package":"fairdrop/internal/stream"}
{"Time":"2026-10-10T00:16:14.934623-04:00","Action":"run","Package":"fairdrop/internal/stream","Test":"TestArchiveNamesAreRejectedOnlyWhenUnsafe"}
{"Time":"2026-10-10T00:16:14.934814-04:00","Action":"output","Package":"fairdrop/internal/stream","Test":"TestArchiveNamesAreRejectedOnlyWhenUnsafe","Output":"=== RUN   TestArchiveNamesAreRejectedOnlyWhenUnsafe\n","OutputType":"frame"}
{"Time":"2026-10-10T00:16:14.934913-04:00","Action":"output","Package":"fairdrop/internal/stream","Test":"TestArchiveNamesAreRejectedOnlyWhenUnsafe","Output":"--- PASS: TestArchiveNamesAreRejectedOnlyWhenUnsafe (0.00s)\n","OutputType":"frame"}
{"Time":"2026-10-10T00:16:14.934932-04:00","Action":"pass","Package":"fairdrop/internal/stream","Test":"TestArchiveNamesAreRejectedOnlyWhenUnsafe","Elapsed":0}
{"Time":"2026-10-10T00:16:14.935003-04:00","Action":"output","Package":"fairdrop/internal/stream","Output":"PASS\n","OutputType":"frame"}
{"Time":"2026-10-10T00:16:14.936365-04:00","Action":"output","Package":"fairdrop/internal/stream","Output":"ok  \tfairdrop/internal/stream\t0.233s\n"}
{"Time":"2026-10-10T00:16:14.936416-04:00","Action":"pass","Package":"fairdrop/internal/stream","Elapsed":0.233}
BASELINE PASSED: TestArchiveNamesAreRejectedOnlyWhenUnsafe (structured test and package pass)
{"Time":"2026-10-10T00:16:15.273669-04:00","Action":"start","Package":"fairdrop/internal/stream"}
{"Time":"2026-10-10T00:16:15.497731-04:00","Action":"run","Package":"fairdrop/internal/stream","Test":"TestPrepareSanitizesEveryArchiveRootItAccepts"}
{"Time":"2026-10-10T00:16:15.497835-04:00","Action":"output","Package":"fairdrop/internal/stream","Test":"TestPrepareSanitizesEveryArchiveRootItAccepts","Output":"=== RUN   TestPrepareSanitizesEveryArchiveRootItAccepts\n","OutputType":"frame"}
{"Time":"2026-10-10T00:16:15.497878-04:00","Action":"output","Package":"fairdrop/internal/stream","Test":"TestPrepareSanitizesEveryArchiveRootItAccepts","Output":"--- PASS: TestPrepareSanitizesEveryArchiveRootItAccepts (0.00s)\n","OutputType":"frame"}
{"Time":"2026-10-10T00:16:15.497884-04:00","Action":"pass","Package":"fairdrop/internal/stream","Test":"TestPrepareSanitizesEveryArchiveRootItAccepts","Elapsed":0}
{"Time":"2026-10-10T00:16:15.497897-04:00","Action":"output","Package":"fairdrop/internal/stream","Output":"PASS\n","OutputType":"frame"}
{"Time":"2026-10-10T00:16:15.498352-04:00","Action":"output","Package":"fairdrop/internal/stream","Output":"ok  \tfairdrop/internal/stream\t0.224s\n"}
{"Time":"2026-10-10T00:16:15.498375-04:00","Action":"pass","Package":"fairdrop/internal/stream","Elapsed":0.225}
BASELINE PASSED: TestPrepareSanitizesEveryArchiveRootItAccepts (structured test and package pass)
{"Time":"2026-10-10T00:16:15.815436-04:00","Action":"start","Package":"fairdrop/internal/stream"}
{"Time":"2026-10-10T00:16:16.031503-04:00","Action":"run","Package":"fairdrop/internal/stream","Test":"TestArchiveEmitsExplicitPortableModes"}
{"Time":"2026-10-10T00:16:16.03171-04:00","Action":"output","Package":"fairdrop/internal/stream","Test":"TestArchiveEmitsExplicitPortableModes","Output":"=== RUN   TestArchiveEmitsExplicitPortableModes\n","OutputType":"frame"}
{"Time":"2026-10-10T00:16:16.033455-04:00","Action":"output","Package":"fairdrop/internal/stream","Test":"TestArchiveEmitsExplicitPortableModes","Output":"--- PASS: TestArchiveEmitsExplicitPortableModes (0.00s)\n","OutputType":"frame"}
{"Time":"2026-10-10T00:16:16.033493-04:00","Action":"pass","Package":"fairdrop/internal/stream","Test":"TestArchiveEmitsExplicitPortableModes","Elapsed":0}
{"Time":"2026-10-10T00:16:16.033548-04:00","Action":"output","Package":"fairdrop/internal/stream","Output":"PASS\n","OutputType":"frame"}
{"Time":"2026-10-10T00:16:16.034763-04:00","Action":"output","Package":"fairdrop/internal/stream","Output":"ok  \tfairdrop/internal/stream\t0.219s\n"}
{"Time":"2026-10-10T00:16:16.034791-04:00","Action":"pass","Package":"fairdrop/internal/stream","Elapsed":0.219}
BASELINE PASSED: TestArchiveEmitsExplicitPortableModes (structured test and package pass)
{"Time":"2026-10-10T00:16:16.365105-04:00","Action":"start","Package":"fairdrop/internal/stream"}
{"Time":"2026-10-10T00:16:16.602407-04:00","Action":"run","Package":"fairdrop/internal/stream","Test":"TestEmptyReadGuardsFailOnRead101AndResetOnProgress"}
{"Time":"2026-10-10T00:16:16.602583-04:00","Action":"output","Package":"fairdrop/internal/stream","Test":"TestEmptyReadGuardsFailOnRead101AndResetOnProgress","Output":"=== RUN   TestEmptyReadGuardsFailOnRead101AndResetOnProgress\n","OutputType":"frame"}
{"Time":"2026-10-10T00:16:16.602698-04:00","Action":"run","Package":"fairdrop/internal/stream","Test":"TestEmptyReadGuardsFailOnRead101AndResetOnProgress/drain/stalled"}
{"Time":"2026-10-10T00:16:16.60272-04:00","Action":"output","Package":"fairdrop/internal/stream","Test":"TestEmptyReadGuardsFailOnRead101AndResetOnProgress/drain/stalled","Output":"=== RUN   TestEmptyReadGuardsFailOnRead101AndResetOnProgress/drain/stalled\n","OutputType":"frame"}
{"Time":"2026-10-10T00:16:16.60278-04:00","Action":"output","Package":"fairdrop/internal/stream","Test":"TestEmptyReadGuardsFailOnRead101AndResetOnProgress/drain/stalled","Output":"--- PASS: TestEmptyReadGuardsFailOnRead101AndResetOnProgress/drain/stalled (0.00s)\n","OutputType":"frame"}
{"Time":"2026-10-10T00:16:16.602807-04:00","Action":"pass","Package":"fairdrop/internal/stream","Test":"TestEmptyReadGuardsFailOnRead101AndResetOnProgress/drain/stalled","Elapsed":0}
{"Time":"2026-10-10T00:16:16.60283-04:00","Action":"run","Package":"fairdrop/internal/stream","Test":"TestEmptyReadGuardsFailOnRead101AndResetOnProgress/drain/progress"}
{"Time":"2026-10-10T00:16:16.602841-04:00","Action":"output","Package":"fairdrop/internal/stream","Test":"TestEmptyReadGuardsFailOnRead101AndResetOnProgress/drain/progress","Output":"=== RUN   TestEmptyReadGuardsFailOnRead101AndResetOnProgress/drain/progress\n","OutputType":"frame"}
{"Time":"2026-10-10T00:16:16.602914-04:00","Action":"output","Package":"fairdrop/internal/stream","Test":"TestEmptyReadGuardsFailOnRead101AndResetOnProgress/drain/progress","Output":"--- PASS: TestEmptyReadGuardsFailOnRead101AndResetOnProgress/drain/progress (0.00s)\n","OutputType":"frame"}
{"Time":"2026-10-10T00:16:16.602955-04:00","Action":"pass","Package":"fairdrop/internal/stream","Test":"TestEmptyReadGuardsFailOnRead101AndResetOnProgress/drain/progress","Elapsed":0}
{"Time":"2026-10-10T00:16:16.602987-04:00","Action":"run","Package":"fairdrop/internal/stream","Test":"TestEmptyReadGuardsFailOnRead101AndResetOnProgress/entry/stalled"}
{"Time":"2026-10-10T00:16:16.603004-04:00","Action":"output","Package":"fairdrop/internal/stream","Test":"TestEmptyReadGuardsFailOnRead101AndResetOnProgress/entry/stalled","Output":"=== RUN   TestEmptyReadGuardsFailOnRead101AndResetOnProgress/entry/stalled\n","OutputType":"frame"}
{"Time":"2026-10-10T00:16:16.603204-04:00","Action":"output","Package":"fairdrop/internal/stream","Test":"TestEmptyReadGuardsFailOnRead101AndResetOnProgress/entry/stalled","Output":"--- PASS: TestEmptyReadGuardsFailOnRead101AndResetOnProgress/entry/stalled (0.00s)\n","OutputType":"frame"}
{"Time":"2026-10-10T00:16:16.603229-04:00","Action":"pass","Package":"fairdrop/internal/stream","Test":"TestEmptyReadGuardsFailOnRead101AndResetOnProgress/entry/stalled","Elapsed":0}
{"Time":"2026-10-10T00:16:16.60325-04:00","Action":"run","Package":"fairdrop/internal/stream","Test":"TestEmptyReadGuardsFailOnRead101AndResetOnProgress/entry/progress"}
{"Time":"2026-10-10T00:16:16.603261-04:00","Action":"output","Package":"fairdrop/internal/stream","Test":"TestEmptyReadGuardsFailOnRead101AndResetOnProgress/entry/progress","Output":"=== RUN   TestEmptyReadGuardsFailOnRead101AndResetOnProgress/entry/progress\n","OutputType":"frame"}
{"Time":"2026-10-10T00:16:16.603276-04:00","Action":"output","Package":"fairdrop/internal/stream","Test":"TestEmptyReadGuardsFailOnRead101AndResetOnProgress/entry/progress","Output":"--- PASS: TestEmptyReadGuardsFailOnRead101AndResetOnProgress/entry/progress (0.00s)\n","OutputType":"frame"}
{"Time":"2026-10-10T00:16:16.603287-04:00","Action":"pass","Package":"fairdrop/internal/stream","Test":"TestEmptyReadGuardsFailOnRead101AndResetOnProgress/entry/progress","Elapsed":0}
{"Time":"2026-10-10T00:16:16.603346-04:00","Action":"run","Package":"fairdrop/internal/stream","Test":"TestEmptyReadGuardsFailOnRead101AndResetOnProgress/file/stalled"}
{"Time":"2026-10-10T00:16:16.603355-04:00","Action":"output","Package":"fairdrop/internal/stream","Test":"TestEmptyReadGuardsFailOnRead101AndResetOnProgress/file/stalled","Output":"=== RUN   TestEmptyReadGuardsFailOnRead101AndResetOnProgress/file/stalled\n","OutputType":"frame"}
{"Time":"2026-10-10T00:16:16.603366-04:00","Action":"output","Package":"fairdrop/internal/stream","Test":"TestEmptyReadGuardsFailOnRead101AndResetOnProgress/file/stalled","Output":"--- PASS: TestEmptyReadGuardsFailOnRead101AndResetOnProgress/file/stalled (0.00s)\n","OutputType":"frame"}
{"Time":"2026-10-10T00:16:16.603375-04:00","Action":"pass","Package":"fairdrop/internal/stream","Test":"TestEmptyReadGuardsFailOnRead101AndResetOnProgress/file/stalled","Elapsed":0}
{"Time":"2026-10-10T00:16:16.603383-04:00","Action":"run","Package":"fairdrop/internal/stream","Test":"TestEmptyReadGuardsFailOnRead101AndResetOnProgress/file/progress"}
{"Time":"2026-10-10T00:16:16.60339-04:00","Action":"output","Package":"fairdrop/internal/stream","Test":"TestEmptyReadGuardsFailOnRead101AndResetOnProgress/file/progress","Output":"=== RUN   TestEmptyReadGuardsFailOnRead101AndResetOnProgress/file/progress\n","OutputType":"frame"}
{"Time":"2026-10-10T00:16:16.603401-04:00","Action":"output","Package":"fairdrop/internal/stream","Test":"TestEmptyReadGuardsFailOnRead101AndResetOnProgress/file/progress","Output":"--- PASS: TestEmptyReadGuardsFailOnRead101AndResetOnProgress/file/progress (0.00s)\n","OutputType":"frame"}
{"Time":"2026-10-10T00:16:16.60341-04:00","Action":"pass","Package":"fairdrop/internal/stream","Test":"TestEmptyReadGuardsFailOnRead101AndResetOnProgress/file/progress","Elapsed":0}
{"Time":"2026-10-10T00:16:16.603419-04:00","Action":"output","Package":"fairdrop/internal/stream","Test":"TestEmptyReadGuardsFailOnRead101AndResetOnProgress","Output":"--- PASS: TestEmptyReadGuardsFailOnRead101AndResetOnProgress (0.00s)\n","OutputType":"frame"}
{"Time":"2026-10-10T00:16:16.603427-04:00","Action":"pass","Package":"fairdrop/internal/stream","Test":"TestEmptyReadGuardsFailOnRead101AndResetOnProgress","Elapsed":0}
{"Time":"2026-10-10T00:16:16.603435-04:00","Action":"output","Package":"fairdrop/internal/stream","Output":"PASS\n","OutputType":"frame"}
{"Time":"2026-10-10T00:16:16.604683-04:00","Action":"output","Package":"fairdrop/internal/stream","Output":"ok  \tfairdrop/internal/stream\t0.239s\n"}
{"Time":"2026-10-10T00:16:16.604721-04:00","Action":"pass","Package":"fairdrop/internal/stream","Elapsed":0.24}
BASELINE PASSED: TestEmptyReadGuardsFailOnRead101AndResetOnProgress (structured test and package pass)
{"Time":"2026-10-10T00:16:16.907622-04:00","Action":"start","Package":"fairdrop/internal/network"}
{"Time":"2026-10-10T00:16:17.120487-04:00","Action":"run","Package":"fairdrop/internal/network","Test":"TestWedgedStopDetachesAndCoalescesWithoutPoisoningSelection"}
{"Time":"2026-10-10T00:16:17.120556-04:00","Action":"output","Package":"fairdrop/internal/network","Test":"TestWedgedStopDetachesAndCoalescesWithoutPoisoningSelection","Output":"=== RUN   TestWedgedStopDetachesAndCoalescesWithoutPoisoningSelection\n","OutputType":"frame"}
{"Time":"2026-10-10T00:16:17.1206-04:00","Action":"output","Package":"fairdrop/internal/network","Test":"TestWedgedStopDetachesAndCoalescesWithoutPoisoningSelection","Output":"=== PAUSE TestWedgedStopDetachesAndCoalescesWithoutPoisoningSelection\n","OutputType":"frame"}
{"Time":"2026-10-10T00:16:17.120606-04:00","Action":"pause","Package":"fairdrop/internal/network","Test":"TestWedgedStopDetachesAndCoalescesWithoutPoisoningSelection"}
{"Time":"2026-10-10T00:16:17.120611-04:00","Action":"cont","Package":"fairdrop/internal/network","Test":"TestWedgedStopDetachesAndCoalescesWithoutPoisoningSelection"}
{"Time":"2026-10-10T00:16:17.120616-04:00","Action":"output","Package":"fairdrop/internal/network","Test":"TestWedgedStopDetachesAndCoalescesWithoutPoisoningSelection","Output":"=== CONT  TestWedgedStopDetachesAndCoalescesWithoutPoisoningSelection\n","OutputType":"frame"}
{"Time":"2026-10-10T00:16:17.12068-04:00","Action":"output","Package":"fairdrop/internal/network","Test":"TestWedgedStopDetachesAndCoalescesWithoutPoisoningSelection","Output":"--- PASS: TestWedgedStopDetachesAndCoalescesWithoutPoisoningSelection (0.00s)\n","OutputType":"frame"}
{"Time":"2026-10-10T00:16:17.120697-04:00","Action":"pass","Package":"fairdrop/internal/network","Test":"TestWedgedStopDetachesAndCoalescesWithoutPoisoningSelection","Elapsed":0}
{"Time":"2026-10-10T00:16:17.120713-04:00","Action":"output","Package":"fairdrop/internal/network","Output":"PASS\n","OutputType":"frame"}
{"Time":"2026-10-10T00:16:17.12126-04:00","Action":"output","Package":"fairdrop/internal/network","Output":"ok  \tfairdrop/internal/network\t0.213s\n"}
{"Time":"2026-10-10T00:16:17.121284-04:00","Action":"pass","Package":"fairdrop/internal/network","Elapsed":0.214}
BASELINE PASSED: TestWedgedStopDetachesAndCoalescesWithoutPoisoningSelection (structured test and package pass)
{"Time":"2026-10-10T00:16:17.408131-04:00","Action":"start","Package":"fairdrop/internal/network"}
{"Time":"2026-10-10T00:16:17.644326-04:00","Action":"run","Package":"fairdrop/internal/network","Test":"TestFailedStartCleanupDoesNotHoldManagerLocksOrAdmitAResponder"}
{"Time":"2026-10-10T00:16:17.644463-04:00","Action":"output","Package":"fairdrop/internal/network","Test":"TestFailedStartCleanupDoesNotHoldManagerLocksOrAdmitAResponder","Output":"=== RUN   TestFailedStartCleanupDoesNotHoldManagerLocksOrAdmitAResponder\n","OutputType":"frame"}
{"Time":"2026-10-10T00:16:17.64454-04:00","Action":"output","Package":"fairdrop/internal/network","Test":"TestFailedStartCleanupDoesNotHoldManagerLocksOrAdmitAResponder","Output":"=== PAUSE TestFailedStartCleanupDoesNotHoldManagerLocksOrAdmitAResponder\n","OutputType":"frame"}
{"Time":"2026-10-10T00:16:17.644557-04:00","Action":"pause","Package":"fairdrop/internal/network","Test":"TestFailedStartCleanupDoesNotHoldManagerLocksOrAdmitAResponder"}
{"Time":"2026-10-10T00:16:17.644571-04:00","Action":"cont","Package":"fairdrop/internal/network","Test":"TestFailedStartCleanupDoesNotHoldManagerLocksOrAdmitAResponder"}
{"Time":"2026-10-10T00:16:17.644583-04:00","Action":"output","Package":"fairdrop/internal/network","Test":"TestFailedStartCleanupDoesNotHoldManagerLocksOrAdmitAResponder","Output":"=== CONT  TestFailedStartCleanupDoesNotHoldManagerLocksOrAdmitAResponder\n","OutputType":"frame"}
{"Time":"2026-10-10T00:16:17.644626-04:00","Action":"output","Package":"fairdrop/internal/network","Test":"TestFailedStartCleanupDoesNotHoldManagerLocksOrAdmitAResponder","Output":"--- PASS: TestFailedStartCleanupDoesNotHoldManagerLocksOrAdmitAResponder (0.00s)\n","OutputType":"frame"}
{"Time":"2026-10-10T00:16:17.644704-04:00","Action":"pass","Package":"fairdrop/internal/network","Test":"TestFailedStartCleanupDoesNotHoldManagerLocksOrAdmitAResponder","Elapsed":0}
{"Time":"2026-10-10T00:16:17.644741-04:00","Action":"output","Package":"fairdrop/internal/network","Output":"PASS\n","OutputType":"frame"}
{"Time":"2026-10-10T00:16:17.645969-04:00","Action":"output","Package":"fairdrop/internal/network","Output":"ok  \tfairdrop/internal/network\t0.238s\n"}
{"Time":"2026-10-10T00:16:17.646004-04:00","Action":"pass","Package":"fairdrop/internal/network","Elapsed":0.238}
BASELINE PASSED: TestFailedStartCleanupDoesNotHoldManagerLocksOrAdmitAResponder (structured test and package pass)
{"Time":"2026-10-10T00:16:17.954296-04:00","Action":"start","Package":"fairdrop/internal/network"}
{"Time":"2026-10-10T00:16:18.184847-04:00","Action":"run","Package":"fairdrop/internal/network","Test":"TestStopBeaconJoinerReceivesTheOwnersCleanupDiagnostic"}
{"Time":"2026-10-10T00:16:18.185068-04:00","Action":"output","Package":"fairdrop/internal/network","Test":"TestStopBeaconJoinerReceivesTheOwnersCleanupDiagnostic","Output":"=== RUN   TestStopBeaconJoinerReceivesTheOwnersCleanupDiagnostic\n","OutputType":"frame"}
{"Time":"2026-10-10T00:16:18.185184-04:00","Action":"output","Package":"fairdrop/internal/network","Test":"TestStopBeaconJoinerReceivesTheOwnersCleanupDiagnostic","Output":"=== PAUSE TestStopBeaconJoinerReceivesTheOwnersCleanupDiagnostic\n","OutputType":"frame"}
{"Time":"2026-10-10T00:16:18.1852-04:00","Action":"pause","Package":"fairdrop/internal/network","Test":"TestStopBeaconJoinerReceivesTheOwnersCleanupDiagnostic"}
{"Time":"2026-10-10T00:16:18.185213-04:00","Action":"cont","Package":"fairdrop/internal/network","Test":"TestStopBeaconJoinerReceivesTheOwnersCleanupDiagnostic"}
{"Time":"2026-10-10T00:16:18.185238-04:00","Action":"output","Package":"fairdrop/internal/network","Test":"TestStopBeaconJoinerReceivesTheOwnersCleanupDiagnostic","Output":"=== CONT  TestStopBeaconJoinerReceivesTheOwnersCleanupDiagnostic\n","OutputType":"frame"}
{"Time":"2026-10-10T00:16:18.185262-04:00","Action":"output","Package":"fairdrop/internal/network","Test":"TestStopBeaconJoinerReceivesTheOwnersCleanupDiagnostic","Output":"--- PASS: TestStopBeaconJoinerReceivesTheOwnersCleanupDiagnostic (0.00s)\n","OutputType":"frame"}
{"Time":"2026-10-10T00:16:18.185275-04:00","Action":"pass","Package":"fairdrop/internal/network","Test":"TestStopBeaconJoinerReceivesTheOwnersCleanupDiagnostic","Elapsed":0}
{"Time":"2026-10-10T00:16:18.185309-04:00","Action":"output","Package":"fairdrop/internal/network","Output":"PASS\n","OutputType":"frame"}
{"Time":"2026-10-10T00:16:18.186458-04:00","Action":"output","Package":"fairdrop/internal/network","Output":"ok  \tfairdrop/internal/network\t0.232s\n"}
{"Time":"2026-10-10T00:16:18.186509-04:00","Action":"pass","Package":"fairdrop/internal/network","Elapsed":0.232}
BASELINE PASSED: TestStopBeaconJoinerReceivesTheOwnersCleanupDiagnostic (structured test and package pass)
{"Time":"2026-10-10T00:16:18.491715-04:00","Action":"start","Package":"fairdrop/internal/network"}
{"Time":"2026-10-10T00:16:18.697232-04:00","Action":"run","Package":"fairdrop/internal/network","Test":"TestStopBeaconJoinsFailedStartCleanupAndRecovery"}
{"Time":"2026-10-10T00:16:18.697317-04:00","Action":"output","Package":"fairdrop/internal/network","Test":"TestStopBeaconJoinsFailedStartCleanupAndRecovery","Output":"=== RUN   TestStopBeaconJoinsFailedStartCleanupAndRecovery\n","OutputType":"frame"}
{"Time":"2026-10-10T00:16:18.697353-04:00","Action":"output","Package":"fairdrop/internal/network","Test":"TestStopBeaconJoinsFailedStartCleanupAndRecovery","Output":"=== PAUSE TestStopBeaconJoinsFailedStartCleanupAndRecovery\n","OutputType":"frame"}
{"Time":"2026-10-10T00:16:18.697359-04:00","Action":"pause","Package":"fairdrop/internal/network","Test":"TestStopBeaconJoinsFailedStartCleanupAndRecovery"}
{"Time":"2026-10-10T00:16:18.697367-04:00","Action":"cont","Package":"fairdrop/internal/network","Test":"TestStopBeaconJoinsFailedStartCleanupAndRecovery"}
{"Time":"2026-10-10T00:16:18.697372-04:00","Action":"output","Package":"fairdrop/internal/network","Test":"TestStopBeaconJoinsFailedStartCleanupAndRecovery","Output":"=== CONT  TestStopBeaconJoinsFailedStartCleanupAndRecovery\n","OutputType":"frame"}
{"Time":"2026-10-10T00:16:18.697393-04:00","Action":"output","Package":"fairdrop/internal/network","Test":"TestStopBeaconJoinsFailedStartCleanupAndRecovery","Output":"--- PASS: TestStopBeaconJoinsFailedStartCleanupAndRecovery (0.00s)\n","OutputType":"frame"}
{"Time":"2026-10-10T00:16:18.697409-04:00","Action":"pass","Package":"fairdrop/internal/network","Test":"TestStopBeaconJoinsFailedStartCleanupAndRecovery","Elapsed":0}
{"Time":"2026-10-10T00:16:18.697417-04:00","Action":"output","Package":"fairdrop/internal/network","Output":"PASS\n","OutputType":"frame"}
{"Time":"2026-10-10T00:16:18.697924-04:00","Action":"output","Package":"fairdrop/internal/network","Output":"ok  \tfairdrop/internal/network\t0.206s\n"}
{"Time":"2026-10-10T00:16:18.697941-04:00","Action":"pass","Package":"fairdrop/internal/network","Elapsed":0.206}
BASELINE PASSED: TestStopBeaconJoinsFailedStartCleanupAndRecovery (structured test and package pass)
{"Time":"2026-10-10T00:16:18.934869-04:00","Action":"start","Package":"fairdrop/internal/transfer"}
{"Time":"2026-10-10T00:16:19.152178-04:00","Action":"run","Package":"fairdrop/internal/transfer","Test":"TestStageRechecksOutstandingCleanupAtAdmission"}
{"Time":"2026-10-10T00:16:19.152365-04:00","Action":"output","Package":"fairdrop/internal/transfer","Test":"TestStageRechecksOutstandingCleanupAtAdmission","Output":"=== RUN   TestStageRechecksOutstandingCleanupAtAdmission\n","OutputType":"frame"}
{"Time":"2026-10-10T00:16:19.152619-04:00","Action":"output","Package":"fairdrop/internal/transfer","Test":"TestStageRechecksOutstandingCleanupAtAdmission","Output":"--- PASS: TestStageRechecksOutstandingCleanupAtAdmission (0.00s)\n","OutputType":"frame"}
{"Time":"2026-10-10T00:16:19.152666-04:00","Action":"pass","Package":"fairdrop/internal/transfer","Test":"TestStageRechecksOutstandingCleanupAtAdmission","Elapsed":0}
{"Time":"2026-10-10T00:16:19.152704-04:00","Action":"output","Package":"fairdrop/internal/transfer","Output":"PASS\n","OutputType":"frame"}
{"Time":"2026-10-10T00:16:19.153612-04:00","Action":"output","Package":"fairdrop/internal/transfer","Output":"ok  \tfairdrop/internal/transfer\t0.218s\n"}
{"Time":"2026-10-10T00:16:19.153654-04:00","Action":"pass","Package":"fairdrop/internal/transfer","Elapsed":0.219}
BASELINE PASSED: TestStageRechecksOutstandingCleanupAtAdmission (structured test and package pass)
{"Time":"2026-10-10T00:16:19.412951-04:00","Action":"start","Package":"fairdrop/internal/transfer"}
{"Time":"2026-10-10T00:16:19.609544-04:00","Action":"run","Package":"fairdrop/internal/transfer","Test":"TestAClaimWhoseStopBeaconTimedOutLeavesItForTeardown"}
{"Time":"2026-10-10T00:16:19.609636-04:00","Action":"output","Package":"fairdrop/internal/transfer","Test":"TestAClaimWhoseStopBeaconTimedOutLeavesItForTeardown","Output":"=== RUN   TestAClaimWhoseStopBeaconTimedOutLeavesItForTeardown\n","OutputType":"frame"}
{"Time":"2026-10-10T00:16:19.61019-04:00","Action":"output","Package":"fairdrop/internal/transfer","Test":"TestAClaimWhoseStopBeaconTimedOutLeavesItForTeardown","Output":"--- PASS: TestAClaimWhoseStopBeaconTimedOutLeavesItForTeardown (0.00s)\n","OutputType":"frame"}
{"Time":"2026-10-10T00:16:19.610206-04:00","Action":"pass","Package":"fairdrop/internal/transfer","Test":"TestAClaimWhoseStopBeaconTimedOutLeavesItForTeardown","Elapsed":0}
{"Time":"2026-10-10T00:16:19.610227-04:00","Action":"output","Package":"fairdrop/internal/transfer","Output":"PASS\n","OutputType":"frame"}
{"Time":"2026-10-10T00:16:19.610735-04:00","Action":"output","Package":"fairdrop/internal/transfer","Output":"ok  \tfairdrop/internal/transfer\t0.198s\n"}
{"Time":"2026-10-10T00:16:19.610761-04:00","Action":"pass","Package":"fairdrop/internal/transfer","Elapsed":0.198}
BASELINE PASSED: TestAClaimWhoseStopBeaconTimedOutLeavesItForTeardown (structured test and package pass)
{"Time":"2026-10-10T00:16:19.847504-04:00","Action":"start","Package":"fairdrop/internal/transfer"}
{"Time":"2026-10-10T00:16:20.076055-04:00","Action":"run","Package":"fairdrop/internal/transfer","Test":"TestTimedOutServerStopFencesNewSessionsUntilTheProductionCallCompletes"}
{"Time":"2026-10-10T00:16:20.076255-04:00","Action":"output","Package":"fairdrop/internal/transfer","Test":"TestTimedOutServerStopFencesNewSessionsUntilTheProductionCallCompletes","Output":"=== RUN   TestTimedOutServerStopFencesNewSessionsUntilTheProductionCallCompletes\n","OutputType":"frame"}
{"Time":"2026-10-10T00:16:20.077388-04:00","Action":"output","Package":"fairdrop/internal/transfer","Test":"TestTimedOutServerStopFencesNewSessionsUntilTheProductionCallCompletes","Output":"--- PASS: TestTimedOutServerStopFencesNewSessionsUntilTheProductionCallCompletes (0.00s)\n","OutputType":"frame"}
{"Time":"2026-10-10T00:16:20.077458-04:00","Action":"pass","Package":"fairdrop/internal/transfer","Test":"TestTimedOutServerStopFencesNewSessionsUntilTheProductionCallCompletes","Elapsed":0}
{"Time":"2026-10-10T00:16:20.077502-04:00","Action":"output","Package":"fairdrop/internal/transfer","Output":"PASS\n","OutputType":"frame"}
{"Time":"2026-10-10T00:16:20.078455-04:00","Action":"output","Package":"fairdrop/internal/transfer","Output":"ok  \tfairdrop/internal/transfer\t0.231s\n"}
{"Time":"2026-10-10T00:16:20.078507-04:00","Action":"pass","Package":"fairdrop/internal/transfer","Elapsed":0.231}
BASELINE PASSED: TestTimedOutServerStopFencesNewSessionsUntilTheProductionCallCompletes (structured test and package pass)
{"Time":"2026-10-10T00:16:20.336563-04:00","Action":"start","Package":"fairdrop/internal/transfer"}
{"Time":"2026-10-10T00:16:20.565455-04:00","Action":"run","Package":"fairdrop/internal/transfer","Test":"TestCoordinatorPropagatesAnInnerUnquiescentServerFailure"}
{"Time":"2026-10-10T00:16:20.565642-04:00","Action":"output","Package":"fairdrop/internal/transfer","Test":"TestCoordinatorPropagatesAnInnerUnquiescentServerFailure","Output":"=== RUN   TestCoordinatorPropagatesAnInnerUnquiescentServerFailure\n","OutputType":"frame"}
{"Time":"2026-10-10T00:16:20.566009-04:00","Action":"output","Package":"fairdrop/internal/transfer","Test":"TestCoordinatorPropagatesAnInnerUnquiescentServerFailure","Output":"--- PASS: TestCoordinatorPropagatesAnInnerUnquiescentServerFailure (0.00s)\n","OutputType":"frame"}
{"Time":"2026-10-10T00:16:20.566031-04:00","Action":"pass","Package":"fairdrop/internal/transfer","Test":"TestCoordinatorPropagatesAnInnerUnquiescentServerFailure","Elapsed":0}
{"Time":"2026-10-10T00:16:20.566058-04:00","Action":"output","Package":"fairdrop/internal/transfer","Output":"PASS\n","OutputType":"frame"}
{"Time":"2026-10-10T00:16:20.566838-04:00","Action":"output","Package":"fairdrop/internal/transfer","Output":"ok  \tfairdrop/internal/transfer\t0.230s\n"}
{"Time":"2026-10-10T00:16:20.566875-04:00","Action":"pass","Package":"fairdrop/internal/transfer","Elapsed":0.23}
BASELINE PASSED: TestCoordinatorPropagatesAnInnerUnquiescentServerFailure (structured test and package pass)
{"Time":"2026-10-10T00:16:20.937243-04:00","Action":"start","Package":"fairdrop/internal/server"}
{"Time":"2026-10-10T00:16:21.201878-04:00","Action":"run","Package":"fairdrop/internal/server","Test":"TestStopReleasesItsMutexBeforeWaitingAndFencesAConcurrentStart"}
{"Time":"2026-10-10T00:16:21.201958-04:00","Action":"output","Package":"fairdrop/internal/server","Test":"TestStopReleasesItsMutexBeforeWaitingAndFencesAConcurrentStart","Output":"=== RUN   TestStopReleasesItsMutexBeforeWaitingAndFencesAConcurrentStart\n","OutputType":"frame"}
{"Time":"2026-10-10T00:16:21.202007-04:00","Action":"output","Package":"fairdrop/internal/server","Test":"TestStopReleasesItsMutexBeforeWaitingAndFencesAConcurrentStart","Output":"=== PAUSE TestStopReleasesItsMutexBeforeWaitingAndFencesAConcurrentStart\n","OutputType":"frame"}
{"Time":"2026-10-10T00:16:21.202013-04:00","Action":"pause","Package":"fairdrop/internal/server","Test":"TestStopReleasesItsMutexBeforeWaitingAndFencesAConcurrentStart"}
{"Time":"2026-10-10T00:16:21.202017-04:00","Action":"cont","Package":"fairdrop/internal/server","Test":"TestStopReleasesItsMutexBeforeWaitingAndFencesAConcurrentStart"}
{"Time":"2026-10-10T00:16:21.202022-04:00","Action":"output","Package":"fairdrop/internal/server","Test":"TestStopReleasesItsMutexBeforeWaitingAndFencesAConcurrentStart","Output":"=== CONT  TestStopReleasesItsMutexBeforeWaitingAndFencesAConcurrentStart\n","OutputType":"frame"}
{"Time":"2026-10-10T00:16:24.205804-04:00","Action":"output","Package":"fairdrop/internal/server","Test":"TestStopReleasesItsMutexBeforeWaitingAndFencesAConcurrentStart","Output":"--- PASS: TestStopReleasesItsMutexBeforeWaitingAndFencesAConcurrentStart (3.00s)\n","OutputType":"frame"}
{"Time":"2026-10-10T00:16:24.206516-04:00","Action":"pass","Package":"fairdrop/internal/server","Test":"TestStopReleasesItsMutexBeforeWaitingAndFencesAConcurrentStart","Elapsed":3}
{"Time":"2026-10-10T00:16:24.206991-04:00","Action":"output","Package":"fairdrop/internal/server","Output":"PASS\n","OutputType":"frame"}
{"Time":"2026-10-10T00:16:24.209236-04:00","Action":"output","Package":"fairdrop/internal/server","Output":"ok  \tfairdrop/internal/server\t3.272s\n"}
{"Time":"2026-10-10T00:16:24.209349-04:00","Action":"pass","Package":"fairdrop/internal/server","Elapsed":3.2720000000000002}
BASELINE PASSED: TestStopReleasesItsMutexBeforeWaitingAndFencesAConcurrentStart (structured test and package pass)
{"Time":"2026-10-10T00:16:24.613747-04:00","Action":"start","Package":"fairdrop/internal/server"}
{"Time":"2026-10-10T00:16:24.877138-04:00","Action":"run","Package":"fairdrop/internal/server","Test":"TestEachServerTeardownWaitIsNamedInIsolation"}
{"Time":"2026-10-10T00:16:24.877306-04:00","Action":"output","Package":"fairdrop/internal/server","Test":"TestEachServerTeardownWaitIsNamedInIsolation","Output":"=== RUN   TestEachServerTeardownWaitIsNamedInIsolation\n","OutputType":"frame"}
{"Time":"2026-10-10T00:16:24.877392-04:00","Action":"run","Package":"fairdrop/internal/server","Test":"TestEachServerTeardownWaitIsNamedInIsolation/accept_loop"}
{"Time":"2026-10-10T00:16:24.877417-04:00","Action":"output","Package":"fairdrop/internal/server","Test":"TestEachServerTeardownWaitIsNamedInIsolation/accept_loop","Output":"=== RUN   TestEachServerTeardownWaitIsNamedInIsolation/accept_loop\n","OutputType":"frame"}
{"Time":"2026-10-10T00:16:24.878452-04:00","Action":"output","Package":"fairdrop/internal/server","Test":"TestEachServerTeardownWaitIsNamedInIsolation/accept_loop","Output":"--- PASS: TestEachServerTeardownWaitIsNamedInIsolation/accept_loop (0.00s)\n","OutputType":"frame"}
{"Time":"2026-10-10T00:16:24.878504-04:00","Action":"pass","Package":"fairdrop/internal/server","Test":"TestEachServerTeardownWaitIsNamedInIsolation/accept_loop","Elapsed":0}
{"Time":"2026-10-10T00:16:24.878531-04:00","Action":"run","Package":"fairdrop/internal/server","Test":"TestEachServerTeardownWaitIsNamedInIsolation/handler"}
{"Time":"2026-10-10T00:16:24.878547-04:00","Action":"output","Package":"fairdrop/internal/server","Test":"TestEachServerTeardownWaitIsNamedInIsolation/handler","Output":"=== RUN   TestEachServerTeardownWaitIsNamedInIsolation/handler\n","OutputType":"frame"}
{"Time":"2026-10-10T00:16:24.879638-04:00","Action":"output","Package":"fairdrop/internal/server","Test":"TestEachServerTeardownWaitIsNamedInIsolation/handler","Output":"--- PASS: TestEachServerTeardownWaitIsNamedInIsolation/handler (0.00s)\n","OutputType":"frame"}
{"Time":"2026-10-10T00:16:24.87966-04:00","Action":"pass","Package":"fairdrop/internal/server","Test":"TestEachServerTeardownWaitIsNamedInIsolation/handler","Elapsed":0}
{"Time":"2026-10-10T00:16:24.879675-04:00","Action":"run","Package":"fairdrop/internal/server","Test":"TestEachServerTeardownWaitIsNamedInIsolation/connection"}
{"Time":"2026-10-10T00:16:24.879693-04:00","Action":"output","Package":"fairdrop/internal/server","Test":"TestEachServerTeardownWaitIsNamedInIsolation/connection","Output":"=== RUN   TestEachServerTeardownWaitIsNamedInIsolation/connection\n","OutputType":"frame"}
{"Time":"2026-10-10T00:16:24.880797-04:00","Action":"output","Package":"fairdrop/internal/server","Test":"TestEachServerTeardownWaitIsNamedInIsolation/connection","Output":"--- PASS: TestEachServerTeardownWaitIsNamedInIsolation/connection (0.00s)\n","OutputType":"frame"}
{"Time":"2026-10-10T00:16:24.880823-04:00","Action":"pass","Package":"fairdrop/internal/server","Test":"TestEachServerTeardownWaitIsNamedInIsolation/connection","Elapsed":0}
{"Time":"2026-10-10T00:16:24.880844-04:00","Action":"output","Package":"fairdrop/internal/server","Test":"TestEachServerTeardownWaitIsNamedInIsolation","Output":"--- PASS: TestEachServerTeardownWaitIsNamedInIsolation (0.00s)\n","OutputType":"frame"}
{"Time":"2026-10-10T00:16:24.880858-04:00","Action":"pass","Package":"fairdrop/internal/server","Test":"TestEachServerTeardownWaitIsNamedInIsolation","Elapsed":0}
{"Time":"2026-10-10T00:16:24.880873-04:00","Action":"output","Package":"fairdrop/internal/server","Output":"PASS\n","OutputType":"frame"}
{"Time":"2026-10-10T00:16:24.882059-04:00","Action":"output","Package":"fairdrop/internal/server","Output":"ok  \tfairdrop/internal/server\t0.268s\n"}
{"Time":"2026-10-10T00:16:24.882088-04:00","Action":"pass","Package":"fairdrop/internal/server","Elapsed":0.268}
BASELINE PASSED: TestEachServerTeardownWaitIsNamedInIsolation (structured test and package pass)
{"Time":"2026-10-10T00:16:25.262368-04:00","Action":"start","Package":"fairdrop/internal/server"}
{"Time":"2026-10-10T00:16:25.542457-04:00","Action":"run","Package":"fairdrop/internal/server","Test":"TestInitQuiescenceTracksRealHandlerAndConnectionWaitState"}
{"Time":"2026-10-10T00:16:25.542655-04:00","Action":"output","Package":"fairdrop/internal/server","Test":"TestInitQuiescenceTracksRealHandlerAndConnectionWaitState","Output":"=== RUN   TestInitQuiescenceTracksRealHandlerAndConnectionWaitState\n","OutputType":"frame"}
{"Time":"2026-10-10T00:16:25.542757-04:00","Action":"output","Package":"fairdrop/internal/server","Test":"TestInitQuiescenceTracksRealHandlerAndConnectionWaitState","Output":"=== PAUSE TestInitQuiescenceTracksRealHandlerAndConnectionWaitState\n","OutputType":"frame"}
{"Time":"2026-10-10T00:16:25.542782-04:00","Action":"pause","Package":"fairdrop/internal/server","Test":"TestInitQuiescenceTracksRealHandlerAndConnectionWaitState"}
{"Time":"2026-10-10T00:16:25.542797-04:00","Action":"cont","Package":"fairdrop/internal/server","Test":"TestInitQuiescenceTracksRealHandlerAndConnectionWaitState"}
{"Time":"2026-10-10T00:16:25.54281-04:00","Action":"output","Package":"fairdrop/internal/server","Test":"TestInitQuiescenceTracksRealHandlerAndConnectionWaitState","Output":"=== CONT  TestInitQuiescenceTracksRealHandlerAndConnectionWaitState\n","OutputType":"frame"}
{"Time":"2026-10-10T00:16:25.594837-04:00","Action":"output","Package":"fairdrop/internal/server","Test":"TestInitQuiescenceTracksRealHandlerAndConnectionWaitState","Output":"--- PASS: TestInitQuiescenceTracksRealHandlerAndConnectionWaitState (0.05s)\n","OutputType":"frame"}
{"Time":"2026-10-10T00:16:25.595034-04:00","Action":"pass","Package":"fairdrop/internal/server","Test":"TestInitQuiescenceTracksRealHandlerAndConnectionWaitState","Elapsed":0.05}
{"Time":"2026-10-10T00:16:25.595156-04:00","Action":"output","Package":"fairdrop/internal/server","Output":"PASS\n","OutputType":"frame"}
{"Time":"2026-10-10T00:16:25.597675-04:00","Action":"output","Package":"fairdrop/internal/server","Output":"ok  \tfairdrop/internal/server\t0.335s\n"}
{"Time":"2026-10-10T00:16:25.597788-04:00","Action":"pass","Package":"fairdrop/internal/server","Elapsed":0.335}
BASELINE PASSED: TestInitQuiescenceTracksRealHandlerAndConnectionWaitState (structured test and package pass)
{"Time":"2026-10-10T00:16:26.257931-04:00","Action":"start","Package":"fairdrop"}
{"Time":"2026-10-10T00:16:26.549923-04:00","Action":"run","Package":"fairdrop","Test":"TestCoordinatorCleanupOutlastsServerTeardown"}
{"Time":"2026-10-10T00:16:26.55008-04:00","Action":"output","Package":"fairdrop","Test":"TestCoordinatorCleanupOutlastsServerTeardown","Output":"=== RUN   TestCoordinatorCleanupOutlastsServerTeardown\n","OutputType":"frame"}
{"Time":"2026-10-10T00:16:26.550197-04:00","Action":"output","Package":"fairdrop","Test":"TestCoordinatorCleanupOutlastsServerTeardown","Output":"--- PASS: TestCoordinatorCleanupOutlastsServerTeardown (0.00s)\n","OutputType":"frame"}
{"Time":"2026-10-10T00:16:26.550218-04:00","Action":"pass","Package":"fairdrop","Test":"TestCoordinatorCleanupOutlastsServerTeardown","Elapsed":0}
{"Time":"2026-10-10T00:16:26.550242-04:00","Action":"output","Package":"fairdrop","Output":"PASS\n","OutputType":"frame"}
{"Time":"2026-10-10T00:16:26.551189-04:00","Action":"output","Package":"fairdrop","Output":"ok  \tfairdrop\t0.293s\n"}
{"Time":"2026-10-10T00:16:26.551219-04:00","Action":"pass","Package":"fairdrop","Elapsed":0.293}
BASELINE PASSED: TestCoordinatorCleanupOutlastsServerTeardown (structured test and package pass)
{"Time":"2026-10-10T00:16:26.899736-04:00","Action":"start","Package":"fairdrop/internal/stream"}
{"Time":"2026-10-10T00:16:27.111073-04:00","Action":"run","Package":"fairdrop/internal/stream","Test":"TestArchiveCloseDelegatesOnceAndPreservesThePreparedCause"}
{"Time":"2026-10-10T00:16:27.111212-04:00","Action":"output","Package":"fairdrop/internal/stream","Test":"TestArchiveCloseDelegatesOnceAndPreservesThePreparedCause","Output":"=== RUN   TestArchiveCloseDelegatesOnceAndPreservesThePreparedCause\n","OutputType":"frame"}
{"Time":"2026-10-10T00:16:27.111301-04:00","Action":"output","Package":"fairdrop/internal/stream","Test":"TestArchiveCloseDelegatesOnceAndPreservesThePreparedCause","Output":"=== PAUSE TestArchiveCloseDelegatesOnceAndPreservesThePreparedCause\n","OutputType":"frame"}
{"Time":"2026-10-10T00:16:27.111317-04:00","Action":"pause","Package":"fairdrop/internal/stream","Test":"TestArchiveCloseDelegatesOnceAndPreservesThePreparedCause"}
{"Time":"2026-10-10T00:16:27.111456-04:00","Action":"cont","Package":"fairdrop/internal/stream","Test":"TestArchiveCloseDelegatesOnceAndPreservesThePreparedCause"}
{"Time":"2026-10-10T00:16:27.111468-04:00","Action":"output","Package":"fairdrop/internal/stream","Test":"TestArchiveCloseDelegatesOnceAndPreservesThePreparedCause","Output":"=== CONT  TestArchiveCloseDelegatesOnceAndPreservesThePreparedCause\n","OutputType":"frame"}
{"Time":"2026-10-10T00:16:27.111482-04:00","Action":"output","Package":"fairdrop/internal/stream","Test":"TestArchiveCloseDelegatesOnceAndPreservesThePreparedCause","Output":"--- PASS: TestArchiveCloseDelegatesOnceAndPreservesThePreparedCause (0.00s)\n","OutputType":"frame"}
{"Time":"2026-10-10T00:16:27.111492-04:00","Action":"pass","Package":"fairdrop/internal/stream","Test":"TestArchiveCloseDelegatesOnceAndPreservesThePreparedCause","Elapsed":0}
{"Time":"2026-10-10T00:16:27.111533-04:00","Action":"output","Package":"fairdrop/internal/stream","Output":"PASS\n","OutputType":"frame"}
{"Time":"2026-10-10T00:16:27.112896-04:00","Action":"output","Package":"fairdrop/internal/stream","Output":"ok  \tfairdrop/internal/stream\t0.213s\n"}
{"Time":"2026-10-10T00:16:27.112952-04:00","Action":"pass","Package":"fairdrop/internal/stream","Elapsed":0.213}
BASELINE PASSED: TestArchiveCloseDelegatesOnceAndPreservesThePreparedCause (structured test and package pass)
{"Time":"2026-10-10T00:16:27.363833-04:00","Action":"start","Package":"fairdrop/internal/source"}
{"Time":"2026-10-10T00:16:27.579483-04:00","Action":"run","Package":"fairdrop/internal/source","Test":"TestPOSIXContentOpenRefusesFIFOAfterMetadataWithoutBlocking"}
{"Time":"2026-10-10T00:16:27.579695-04:00","Action":"output","Package":"fairdrop/internal/source","Test":"TestPOSIXContentOpenRefusesFIFOAfterMetadataWithoutBlocking","Output":"=== RUN   TestPOSIXContentOpenRefusesFIFOAfterMetadataWithoutBlocking\n","OutputType":"frame"}
{"Time":"2026-10-10T00:16:27.581782-04:00","Action":"output","Package":"fairdrop/internal/source","Test":"TestPOSIXContentOpenRefusesFIFOAfterMetadataWithoutBlocking","Output":"--- PASS: TestPOSIXContentOpenRefusesFIFOAfterMetadataWithoutBlocking (0.00s)\n","OutputType":"frame"}
{"Time":"2026-10-10T00:16:27.581823-04:00","Action":"pass","Package":"fairdrop/internal/source","Test":"TestPOSIXContentOpenRefusesFIFOAfterMetadataWithoutBlocking","Elapsed":0}
{"Time":"2026-10-10T00:16:27.581867-04:00","Action":"output","Package":"fairdrop/internal/source","Output":"PASS\n","OutputType":"frame"}
{"Time":"2026-10-10T00:16:27.582713-04:00","Action":"output","Package":"fairdrop/internal/source","Output":"ok  \tfairdrop/internal/source\t0.219s\n"}
{"Time":"2026-10-10T00:16:27.58276-04:00","Action":"pass","Package":"fairdrop/internal/source","Elapsed":0.219}
BASELINE PASSED: TestPOSIXContentOpenRefusesFIFOAfterMetadataWithoutBlocking (structured test and package pass)
{"Time":"2026-10-10T00:16:27.820107-04:00","Action":"start","Package":"fairdrop/internal/source"}
{"Time":"2026-10-10T00:16:28.019972-04:00","Action":"run","Package":"fairdrop/internal/source","Test":"TestNativeChildNameRefusesOnlyUnsafeNames"}
{"Time":"2026-10-10T00:16:28.020177-04:00","Action":"output","Package":"fairdrop/internal/source","Test":"TestNativeChildNameRefusesOnlyUnsafeNames","Output":"=== RUN   TestNativeChildNameRefusesOnlyUnsafeNames\n","OutputType":"frame"}
{"Time":"2026-10-10T00:16:28.020306-04:00","Action":"output","Package":"fairdrop/internal/source","Test":"TestNativeChildNameRefusesOnlyUnsafeNames","Output":"--- PASS: TestNativeChildNameRefusesOnlyUnsafeNames (0.00s)\n","OutputType":"frame"}
{"Time":"2026-10-10T00:16:28.020324-04:00","Action":"pass","Package":"fairdrop/internal/source","Test":"TestNativeChildNameRefusesOnlyUnsafeNames","Elapsed":0}
{"Time":"2026-10-10T00:16:28.020347-04:00","Action":"output","Package":"fairdrop/internal/source","Output":"PASS\n","OutputType":"frame"}
{"Time":"2026-10-10T00:16:28.021105-04:00","Action":"output","Package":"fairdrop/internal/source","Output":"ok  \tfairdrop/internal/source\t0.201s\n"}
{"Time":"2026-10-10T00:16:28.021152-04:00","Action":"pass","Package":"fairdrop/internal/source","Elapsed":0.201}
BASELINE PASSED: TestNativeChildNameRefusesOnlyUnsafeNames (structured test and package pass)
{"Time":"2026-10-10T00:16:28.256465-04:00","Action":"start","Package":"fairdrop/internal/source"}
{"Time":"2026-10-10T00:16:28.463346-04:00","Action":"run","Package":"fairdrop/internal/source","Test":"TestDarwinMetadataNoFollowAndSpecialFileClassification"}
{"Time":"2026-10-10T00:16:28.463503-04:00","Action":"output","Package":"fairdrop/internal/source","Test":"TestDarwinMetadataNoFollowAndSpecialFileClassification","Output":"=== RUN   TestDarwinMetadataNoFollowAndSpecialFileClassification\n","OutputType":"frame"}
{"Time":"2026-10-10T00:16:28.464515-04:00","Action":"run","Package":"fairdrop/internal/source","Test":"TestDarwinMetadataNoFollowAndSpecialFileClassification/symlink"}
{"Time":"2026-10-10T00:16:28.464571-04:00","Action":"output","Package":"fairdrop/internal/source","Test":"TestDarwinMetadataNoFollowAndSpecialFileClassification/symlink","Output":"=== RUN   TestDarwinMetadataNoFollowAndSpecialFileClassification/symlink\n","OutputType":"frame"}
{"Time":"2026-10-10T00:16:28.465203-04:00","Action":"output","Package":"fairdrop/internal/source","Test":"TestDarwinMetadataNoFollowAndSpecialFileClassification/symlink","Output":"--- PASS: TestDarwinMetadataNoFollowAndSpecialFileClassification/symlink (0.00s)\n","OutputType":"frame"}
{"Time":"2026-10-10T00:16:28.465224-04:00","Action":"pass","Package":"fairdrop/internal/source","Test":"TestDarwinMetadataNoFollowAndSpecialFileClassification/symlink","Elapsed":0}
{"Time":"2026-10-10T00:16:28.465266-04:00","Action":"run","Package":"fairdrop/internal/source","Test":"TestDarwinMetadataNoFollowAndSpecialFileClassification/fifo"}
{"Time":"2026-10-10T00:16:28.465278-04:00","Action":"output","Package":"fairdrop/internal/source","Test":"TestDarwinMetadataNoFollowAndSpecialFileClassification/fifo","Output":"=== RUN   TestDarwinMetadataNoFollowAndSpecialFileClassification/fifo\n","OutputType":"frame"}
{"Time":"2026-10-10T00:16:28.465605-04:00","Action":"output","Package":"fairdrop/internal/source","Test":"TestDarwinMetadataNoFollowAndSpecialFileClassification/fifo","Output":"--- PASS: TestDarwinMetadataNoFollowAndSpecialFileClassification/fifo (0.00s)\n","OutputType":"frame"}
{"Time":"2026-10-10T00:16:28.465625-04:00","Action":"pass","Package":"fairdrop/internal/source","Test":"TestDarwinMetadataNoFollowAndSpecialFileClassification/fifo","Elapsed":0}
{"Time":"2026-10-10T00:16:28.466396-04:00","Action":"output","Package":"fairdrop/internal/source","Test":"TestDarwinMetadataNoFollowAndSpecialFileClassification","Output":"--- PASS: TestDarwinMetadataNoFollowAndSpecialFileClassification (0.00s)\n","OutputType":"frame"}
{"Time":"2026-10-10T00:16:28.466419-04:00","Action":"pass","Package":"fairdrop/internal/source","Test":"TestDarwinMetadataNoFollowAndSpecialFileClassification","Elapsed":0}
{"Time":"2026-10-10T00:16:28.466437-04:00","Action":"output","Package":"fairdrop/internal/source","Output":"PASS\n","OutputType":"frame"}
{"Time":"2026-10-10T00:16:28.467296-04:00","Action":"output","Package":"fairdrop/internal/source","Output":"ok  \tfairdrop/internal/source\t0.211s\n"}
{"Time":"2026-10-10T00:16:28.467322-04:00","Action":"pass","Package":"fairdrop/internal/source","Elapsed":0.211}
BASELINE PASSED: TestDarwinMetadataNoFollowAndSpecialFileClassification (structured test and package pass)
{"Time":"2026-10-10T00:16:28.702143-04:00","Action":"start","Package":"fairdrop/internal/source"}
{"Time":"2026-10-10T00:16:29.039933-04:00","Action":"run","Package":"fairdrop/internal/source","Test":"TestDarwinMetadataIdentityMatchesOpenedDescriptorAndRefusesReplacement"}
{"Time":"2026-10-10T00:16:29.040006-04:00","Action":"output","Package":"fairdrop/internal/source","Test":"TestDarwinMetadataIdentityMatchesOpenedDescriptorAndRefusesReplacement","Output":"=== RUN   TestDarwinMetadataIdentityMatchesOpenedDescriptorAndRefusesReplacement\n","OutputType":"frame"}
{"Time":"2026-10-10T00:16:29.040064-04:00","Action":"run","Package":"fairdrop/internal/source","Test":"TestDarwinMetadataIdentityMatchesOpenedDescriptorAndRefusesReplacement/file"}
{"Time":"2026-10-10T00:16:29.040077-04:00","Action":"output","Package":"fairdrop/internal/source","Test":"TestDarwinMetadataIdentityMatchesOpenedDescriptorAndRefusesReplacement/file","Output":"=== RUN   TestDarwinMetadataIdentityMatchesOpenedDescriptorAndRefusesReplacement/file\n","OutputType":"frame"}
{"Time":"2026-10-10T00:16:29.040907-04:00","Action":"output","Package":"fairdrop/internal/source","Test":"TestDarwinMetadataIdentityMatchesOpenedDescriptorAndRefusesReplacement/file","Output":"--- PASS: TestDarwinMetadataIdentityMatchesOpenedDescriptorAndRefusesReplacement/file (0.00s)\n","OutputType":"frame"}
{"Time":"2026-10-10T00:16:29.040915-04:00","Action":"pass","Package":"fairdrop/internal/source","Test":"TestDarwinMetadataIdentityMatchesOpenedDescriptorAndRefusesReplacement/file","Elapsed":0}
{"Time":"2026-10-10T00:16:29.040928-04:00","Action":"run","Package":"fairdrop/internal/source","Test":"TestDarwinMetadataIdentityMatchesOpenedDescriptorAndRefusesReplacement/directory"}
{"Time":"2026-10-10T00:16:29.040932-04:00","Action":"output","Package":"fairdrop/internal/source","Test":"TestDarwinMetadataIdentityMatchesOpenedDescriptorAndRefusesReplacement/directory","Output":"=== RUN   TestDarwinMetadataIdentityMatchesOpenedDescriptorAndRefusesReplacement/directory\n","OutputType":"frame"}
{"Time":"2026-10-10T00:16:29.04158-04:00","Action":"output","Package":"fairdrop/internal/source","Test":"TestDarwinMetadataIdentityMatchesOpenedDescriptorAndRefusesReplacement/directory","Output":"--- PASS: TestDarwinMetadataIdentityMatchesOpenedDescriptorAndRefusesReplacement/directory (0.00s)\n","OutputType":"frame"}
{"Time":"2026-10-10T00:16:29.041592-04:00","Action":"pass","Package":"fairdrop/internal/source","Test":"TestDarwinMetadataIdentityMatchesOpenedDescriptorAndRefusesReplacement/directory","Elapsed":0}
{"Time":"2026-10-10T00:16:29.041597-04:00","Action":"output","Package":"fairdrop/internal/source","Test":"TestDarwinMetadataIdentityMatchesOpenedDescriptorAndRefusesReplacement","Output":"--- PASS: TestDarwinMetadataIdentityMatchesOpenedDescriptorAndRefusesReplacement (0.00s)\n","OutputType":"frame"}
{"Time":"2026-10-10T00:16:29.041602-04:00","Action":"pass","Package":"fairdrop/internal/source","Test":"TestDarwinMetadataIdentityMatchesOpenedDescriptorAndRefusesReplacement","Elapsed":0}
{"Time":"2026-10-10T00:16:29.041614-04:00","Action":"output","Package":"fairdrop/internal/source","Output":"PASS\n","OutputType":"frame"}
{"Time":"2026-10-10T00:16:29.042074-04:00","Action":"output","Package":"fairdrop/internal/source","Output":"ok  \tfairdrop/internal/source\t0.340s\n"}
{"Time":"2026-10-10T00:16:29.042098-04:00","Action":"pass","Package":"fairdrop/internal/source","Elapsed":0.34}
BASELINE PASSED: TestDarwinMetadataIdentityMatchesOpenedDescriptorAndRefusesReplacement (structured test and package pass)
{"Time":"2026-10-10T00:16:29.26616-04:00","Action":"start","Package":"fairdrop/internal/source"}
{"Time":"2026-10-10T00:16:29.485035-04:00","Action":"run","Package":"fairdrop/internal/source","Test":"TestDarwinMetadataRefusesRecycledIdentityAcrossStatRepresentations"}
{"Time":"2026-10-10T00:16:29.486101-04:00","Action":"output","Package":"fairdrop/internal/source","Test":"TestDarwinMetadataRefusesRecycledIdentityAcrossStatRepresentations","Output":"=== RUN   TestDarwinMetadataRefusesRecycledIdentityAcrossStatRepresentations\n","OutputType":"frame"}
{"Time":"2026-10-10T00:16:29.486219-04:00","Action":"run","Package":"fairdrop/internal/source","Test":"TestDarwinMetadataRefusesRecycledIdentityAcrossStatRepresentations/device"}
{"Time":"2026-10-10T00:16:29.486245-04:00","Action":"output","Package":"fairdrop/internal/source","Test":"TestDarwinMetadataRefusesRecycledIdentityAcrossStatRepresentations/device","Output":"=== RUN   TestDarwinMetadataRefusesRecycledIdentityAcrossStatRepresentations/device\n","OutputType":"frame"}
{"Time":"2026-10-10T00:16:29.486293-04:00","Action":"output","Package":"fairdrop/internal/source","Test":"TestDarwinMetadataRefusesRecycledIdentityAcrossStatRepresentations/device","Output":"--- PASS: TestDarwinMetadataRefusesRecycledIdentityAcrossStatRepresentations/device (0.00s)\n","OutputType":"frame"}
{"Time":"2026-10-10T00:16:29.486322-04:00","Action":"pass","Package":"fairdrop/internal/source","Test":"TestDarwinMetadataRefusesRecycledIdentityAcrossStatRepresentations/device","Elapsed":0}
{"Time":"2026-10-10T00:16:29.486342-04:00","Action":"run","Package":"fairdrop/internal/source","Test":"TestDarwinMetadataRefusesRecycledIdentityAcrossStatRepresentations/inode"}
{"Time":"2026-10-10T00:16:29.486353-04:00","Action":"output","Package":"fairdrop/internal/source","Test":"TestDarwinMetadataRefusesRecycledIdentityAcrossStatRepresentations/inode","Output":"=== RUN   TestDarwinMetadataRefusesRecycledIdentityAcrossStatRepresentations/inode\n","OutputType":"frame"}
{"Time":"2026-10-10T00:16:29.486376-04:00","Action":"output","Package":"fairdrop/internal/source","Test":"TestDarwinMetadataRefusesRecycledIdentityAcrossStatRepresentations/inode","Output":"--- PASS: TestDarwinMetadataRefusesRecycledIdentityAcrossStatRepresentations/inode (0.00s)\n","OutputType":"frame"}
{"Time":"2026-10-10T00:16:29.486412-04:00","Action":"pass","Package":"fairdrop/internal/source","Test":"TestDarwinMetadataRefusesRecycledIdentityAcrossStatRepresentations/inode","Elapsed":0}
{"Time":"2026-10-10T00:16:29.486424-04:00","Action":"run","Package":"fairdrop/internal/source","Test":"TestDarwinMetadataRefusesRecycledIdentityAcrossStatRepresentations/generation"}
{"Time":"2026-10-10T00:16:29.486437-04:00","Action":"output","Package":"fairdrop/internal/source","Test":"TestDarwinMetadataRefusesRecycledIdentityAcrossStatRepresentations/generation","Output":"=== RUN   TestDarwinMetadataRefusesRecycledIdentityAcrossStatRepresentations/generation\n","OutputType":"frame"}
{"Time":"2026-10-10T00:16:29.48645-04:00","Action":"output","Package":"fairdrop/internal/source","Test":"TestDarwinMetadataRefusesRecycledIdentityAcrossStatRepresentations/generation","Output":"--- PASS: TestDarwinMetadataRefusesRecycledIdentityAcrossStatRepresentations/generation (0.00s)\n","OutputType":"frame"}
{"Time":"2026-10-10T00:16:29.486461-04:00","Action":"pass","Package":"fairdrop/internal/source","Test":"TestDarwinMetadataRefusesRecycledIdentityAcrossStatRepresentations/generation","Elapsed":0}
{"Time":"2026-10-10T00:16:29.486474-04:00","Action":"run","Package":"fairdrop/internal/source","Test":"TestDarwinMetadataRefusesRecycledIdentityAcrossStatRepresentations/birth-seconds"}
{"Time":"2026-10-10T00:16:29.486484-04:00","Action":"output","Package":"fairdrop/internal/source","Test":"TestDarwinMetadataRefusesRecycledIdentityAcrossStatRepresentations/birth-seconds","Output":"=== RUN   TestDarwinMetadataRefusesRecycledIdentityAcrossStatRepresentations/birth-seconds\n","OutputType":"frame"}
{"Time":"2026-10-10T00:16:29.486501-04:00","Action":"output","Package":"fairdrop/internal/source","Test":"TestDarwinMetadataRefusesRecycledIdentityAcrossStatRepresentations/birth-seconds","Output":"--- PASS: TestDarwinMetadataRefusesRecycledIdentityAcrossStatRepresentations/birth-seconds (0.00s)\n","OutputType":"frame"}
{"Time":"2026-10-10T00:16:29.486563-04:00","Action":"pass","Package":"fairdrop/internal/source","Test":"TestDarwinMetadataRefusesRecycledIdentityAcrossStatRepresentations/birth-seconds","Elapsed":0}
{"Time":"2026-10-10T00:16:29.486573-04:00","Action":"run","Package":"fairdrop/internal/source","Test":"TestDarwinMetadataRefusesRecycledIdentityAcrossStatRepresentations/birth-nanoseconds"}
{"Time":"2026-10-10T00:16:29.486582-04:00","Action":"output","Package":"fairdrop/internal/source","Test":"TestDarwinMetadataRefusesRecycledIdentityAcrossStatRepresentations/birth-nanoseconds","Output":"=== RUN   TestDarwinMetadataRefusesRecycledIdentityAcrossStatRepresentations/birth-nanoseconds\n","OutputType":"frame"}
{"Time":"2026-10-10T00:16:29.486591-04:00","Action":"output","Package":"fairdrop/internal/source","Test":"TestDarwinMetadataRefusesRecycledIdentityAcrossStatRepresentations/birth-nanoseconds","Output":"--- PASS: TestDarwinMetadataRefusesRecycledIdentityAcrossStatRepresentations/birth-nanoseconds (0.00s)\n","OutputType":"frame"}
{"Time":"2026-10-10T00:16:29.486604-04:00","Action":"pass","Package":"fairdrop/internal/source","Test":"TestDarwinMetadataRefusesRecycledIdentityAcrossStatRepresentations/birth-nanoseconds","Elapsed":0}
{"Time":"2026-10-10T00:16:29.486621-04:00","Action":"output","Package":"fairdrop/internal/source","Test":"TestDarwinMetadataRefusesRecycledIdentityAcrossStatRepresentations","Output":"--- PASS: TestDarwinMetadataRefusesRecycledIdentityAcrossStatRepresentations (0.00s)\n","OutputType":"frame"}
{"Time":"2026-10-10T00:16:29.486629-04:00","Action":"pass","Package":"fairdrop/internal/source","Test":"TestDarwinMetadataRefusesRecycledIdentityAcrossStatRepresentations","Elapsed":0}
{"Time":"2026-10-10T00:16:29.486637-04:00","Action":"output","Package":"fairdrop/internal/source","Output":"PASS\n","OutputType":"frame"}
{"Time":"2026-10-10T00:16:29.486841-04:00","Action":"output","Package":"fairdrop/internal/source","Output":"ok  \tfairdrop/internal/source\t0.220s\n"}
{"Time":"2026-10-10T00:16:29.486873-04:00","Action":"pass","Package":"fairdrop/internal/source","Elapsed":0.221}
BASELINE PASSED: TestDarwinMetadataRefusesRecycledIdentityAcrossStatRepresentations (structured test and package pass)
{"Time":"2026-10-10T00:16:29.716683-04:00","Action":"start","Package":"fairdrop/internal/source"}
{"Time":"2026-10-10T00:16:29.936293-04:00","Action":"run","Package":"fairdrop/internal/source","Test":"TestDarwinMetadataSnapshotNeedsNoContentPermission"}
{"Time":"2026-10-10T00:16:29.936372-04:00","Action":"output","Package":"fairdrop/internal/source","Test":"TestDarwinMetadataSnapshotNeedsNoContentPermission","Output":"=== RUN   TestDarwinMetadataSnapshotNeedsNoContentPermission\n","OutputType":"frame"}
{"Time":"2026-10-10T00:16:29.937378-04:00","Action":"output","Package":"fairdrop/internal/source","Test":"TestDarwinMetadataSnapshotNeedsNoContentPermission","Output":"--- PASS: TestDarwinMetadataSnapshotNeedsNoContentPermission (0.00s)\n","OutputType":"frame"}
{"Time":"2026-10-10T00:16:29.937395-04:00","Action":"pass","Package":"fairdrop/internal/source","Test":"TestDarwinMetadataSnapshotNeedsNoContentPermission","Elapsed":0}
{"Time":"2026-10-10T00:16:29.937411-04:00","Action":"output","Package":"fairdrop/internal/source","Output":"PASS\n","OutputType":"frame"}
{"Time":"2026-10-10T00:16:29.937788-04:00","Action":"output","Package":"fairdrop/internal/source","Output":"ok  \tfairdrop/internal/source\t0.221s\n"}
{"Time":"2026-10-10T00:16:29.937802-04:00","Action":"pass","Package":"fairdrop/internal/source","Elapsed":0.221}
BASELINE PASSED: TestDarwinMetadataSnapshotNeedsNoContentPermission (structured test and package pass)
{"Time":"2026-10-10T00:16:30.551195-04:00","Action":"start","Package":"fairdrop"}
{"Time":"2026-10-10T00:16:30.819648-04:00","Action":"run","Package":"fairdrop","Test":"TestDarwinLockPreflightRefusesFIFOAndSymlinkWithoutBlocking"}
{"Time":"2026-10-10T00:16:30.819746-04:00","Action":"output","Package":"fairdrop","Test":"TestDarwinLockPreflightRefusesFIFOAndSymlinkWithoutBlocking","Output":"=== RUN   TestDarwinLockPreflightRefusesFIFOAndSymlinkWithoutBlocking\n","OutputType":"frame"}
{"Time":"2026-10-10T00:16:30.82099-04:00","Action":"output","Package":"fairdrop","Test":"TestDarwinLockPreflightRefusesFIFOAndSymlinkWithoutBlocking","Output":"--- PASS: TestDarwinLockPreflightRefusesFIFOAndSymlinkWithoutBlocking (0.00s)\n","OutputType":"frame"}
{"Time":"2026-10-10T00:16:30.82101-04:00","Action":"pass","Package":"fairdrop","Test":"TestDarwinLockPreflightRefusesFIFOAndSymlinkWithoutBlocking","Elapsed":0}
{"Time":"2026-10-10T00:16:30.821057-04:00","Action":"output","Package":"fairdrop","Output":"PASS\n","OutputType":"frame"}
{"Time":"2026-10-10T00:16:30.821983-04:00","Action":"output","Package":"fairdrop","Output":"ok  \tfairdrop\t0.270s\n"}
{"Time":"2026-10-10T00:16:30.822008-04:00","Action":"pass","Package":"fairdrop","Elapsed":0.271}
BASELINE PASSED: TestDarwinLockPreflightRefusesFIFOAndSymlinkWithoutBlocking (structured test and package pass)
{"Time":"2026-10-10T00:16:31.450558-04:00","Action":"start","Package":"fairdrop"}
{"Time":"2026-10-10T00:16:31.759073-04:00","Action":"run","Package":"fairdrop","Test":"TestDarwinLockKindIsCheckedBeforeFlock"}
{"Time":"2026-10-10T00:16:31.759202-04:00","Action":"output","Package":"fairdrop","Test":"TestDarwinLockKindIsCheckedBeforeFlock","Output":"=== RUN   TestDarwinLockKindIsCheckedBeforeFlock\n","OutputType":"frame"}
{"Time":"2026-10-10T00:16:31.760712-04:00","Action":"output","Package":"fairdrop","Test":"TestDarwinLockKindIsCheckedBeforeFlock","Output":"--- PASS: TestDarwinLockKindIsCheckedBeforeFlock (0.00s)\n","OutputType":"frame"}
{"Time":"2026-10-10T00:16:31.760741-04:00","Action":"pass","Package":"fairdrop","Test":"TestDarwinLockKindIsCheckedBeforeFlock","Elapsed":0}
{"Time":"2026-10-10T00:16:31.760769-04:00","Action":"output","Package":"fairdrop","Output":"PASS\n","OutputType":"frame"}
{"Time":"2026-10-10T00:16:31.761867-04:00","Action":"output","Package":"fairdrop","Output":"ok  \tfairdrop\t0.311s\n"}
{"Time":"2026-10-10T00:16:31.761888-04:00","Action":"pass","Package":"fairdrop","Elapsed":0.311}
BASELINE PASSED: TestDarwinLockKindIsCheckedBeforeFlock (structured test and package pass)
EXPECTED INJECTED FAILURE: drop O_NONBLOCK; requires 'content open blocked on substituted FIFO: O_NONBLOCK guard missing' in a failing test/subtest of TestPOSIXContentOpenRefusesFIFOAfterMetadataWithoutBlocking
{"Time":"2026-10-10T00:16:32.157669-04:00","Action":"start","Package":"fairdrop/internal/source"}
{"Time":"2026-10-10T00:16:32.374405-04:00","Action":"run","Package":"fairdrop/internal/source","Test":"TestPOSIXContentOpenRefusesFIFOAfterMetadataWithoutBlocking"}
{"Time":"2026-10-10T00:16:32.374463-04:00","Action":"output","Package":"fairdrop/internal/source","Test":"TestPOSIXContentOpenRefusesFIFOAfterMetadataWithoutBlocking","Output":"=== RUN   TestPOSIXContentOpenRefusesFIFOAfterMetadataWithoutBlocking\n","OutputType":"frame"}
{"Time":"2026-10-10T00:16:34.376782-04:00","Action":"output","Package":"fairdrop/internal/source","Test":"TestPOSIXContentOpenRefusesFIFOAfterMetadataWithoutBlocking","Output":"    handle_posix_test.go:189: content open blocked on substituted FIFO: O_NONBLOCK guard missing\n","OutputType":"error"}
{"Time":"2026-10-10T00:16:34.377883-04:00","Action":"output","Package":"fairdrop/internal/source","Test":"TestPOSIXContentOpenRefusesFIFOAfterMetadataWithoutBlocking","Output":"--- FAIL: TestPOSIXContentOpenRefusesFIFOAfterMetadataWithoutBlocking (2.00s)\n","OutputType":"frame"}
{"Time":"2026-10-10T00:16:34.377951-04:00","Action":"fail","Package":"fairdrop/internal/source","Test":"TestPOSIXContentOpenRefusesFIFOAfterMetadataWithoutBlocking","Elapsed":2}
{"Time":"2026-10-10T00:16:34.378009-04:00","Action":"output","Package":"fairdrop/internal/source","Output":"FAIL\n","OutputType":"frame"}
{"Time":"2026-10-10T00:16:34.379379-04:00","Action":"output","Package":"fairdrop/internal/source","Output":"FAIL\tfairdrop/internal/source\t2.221s\n","OutputType":"frame"}
{"Time":"2026-10-10T00:16:34.379441-04:00","Action":"fail","Package":"fairdrop/internal/source","Elapsed":2.222}
KILLED: drop O_NONBLOCK by TestPOSIXContentOpenRefusesFIFOAfterMetadataWithoutBlocking (expected injected assertion failure, not a product failure)
EXPECTED INJECTED FAILURE: drop regular-file refusal; requires 'FIFO received a content handle' in a failing test/subtest of TestPOSIXContentOpenRefusesFIFOAfterMetadataWithoutBlocking
{"Time":"2026-10-10T00:16:34.8543-04:00","Action":"start","Package":"fairdrop/internal/source"}
{"Time":"2026-10-10T00:16:35.087336-04:00","Action":"run","Package":"fairdrop/internal/source","Test":"TestPOSIXContentOpenRefusesFIFOAfterMetadataWithoutBlocking"}
{"Time":"2026-10-10T00:16:35.087507-04:00","Action":"output","Package":"fairdrop/internal/source","Test":"TestPOSIXContentOpenRefusesFIFOAfterMetadataWithoutBlocking","Output":"=== RUN   TestPOSIXContentOpenRefusesFIFOAfterMetadataWithoutBlocking\n","OutputType":"frame"}
{"Time":"2026-10-10T00:16:35.088921-04:00","Action":"output","Package":"fairdrop/internal/source","Test":"TestPOSIXContentOpenRefusesFIFOAfterMetadataWithoutBlocking","Output":"    handle_posix_test.go:170: FIFO received a content handle\n","OutputType":"error"}
{"Time":"2026-10-10T00:16:35.088952-04:00","Action":"output","Package":"fairdrop/internal/source","Test":"TestPOSIXContentOpenRefusesFIFOAfterMetadataWithoutBlocking","Output":"    handle_posix_test.go:173: FIFO content guard code = \"\", want path_unsupported\n","OutputType":"error"}
{"Time":"2026-10-10T00:16:35.089666-04:00","Action":"output","Package":"fairdrop/internal/source","Test":"TestPOSIXContentOpenRefusesFIFOAfterMetadataWithoutBlocking","Output":"--- FAIL: TestPOSIXContentOpenRefusesFIFOAfterMetadataWithoutBlocking (0.00s)\n","OutputType":"frame"}
{"Time":"2026-10-10T00:16:35.089709-04:00","Action":"fail","Package":"fairdrop/internal/source","Test":"TestPOSIXContentOpenRefusesFIFOAfterMetadataWithoutBlocking","Elapsed":0}
{"Time":"2026-10-10T00:16:35.089747-04:00","Action":"output","Package":"fairdrop/internal/source","Output":"FAIL\n","OutputType":"frame"}
{"Time":"2026-10-10T00:16:35.090717-04:00","Action":"output","Package":"fairdrop/internal/source","Output":"FAIL\tfairdrop/internal/source\t0.236s\n","OutputType":"frame"}
{"Time":"2026-10-10T00:16:35.090744-04:00","Action":"fail","Package":"fairdrop/internal/source","Elapsed":0.236}
KILLED: drop regular-file refusal by TestPOSIXContentOpenRefusesFIFOAfterMetadataWithoutBlocking (expected injected assertion failure, not a product failure)
EXPECTED INJECTED FAILURE: host-dependent source volume predicate; requires 'unsafe fixture name accepted' in a failing test/subtest of TestNativeChildNameRefusesOnlyUnsafeNames
{"Time":"2026-10-10T00:16:35.606342-04:00","Action":"start","Package":"fairdrop/internal/source"}
{"Time":"2026-10-10T00:16:35.899833-04:00","Action":"run","Package":"fairdrop/internal/source","Test":"TestNativeChildNameRefusesOnlyUnsafeNames"}
{"Time":"2026-10-10T00:16:35.900093-04:00","Action":"output","Package":"fairdrop/internal/source","Test":"TestNativeChildNameRefusesOnlyUnsafeNames","Output":"=== RUN   TestNativeChildNameRefusesOnlyUnsafeNames\n","OutputType":"frame"}
{"Time":"2026-10-10T00:16:35.900209-04:00","Action":"output","Package":"fairdrop/internal/source","Test":"TestNativeChildNameRefusesOnlyUnsafeNames","Output":"    native_names_test.go:14: unsafe fixture name accepted: result=\"parent/C:evil.txt\" code=\"\"\n","OutputType":"error"}
{"Time":"2026-10-10T00:16:35.90025-04:00","Action":"output","Package":"fairdrop/internal/source","Test":"TestNativeChildNameRefusesOnlyUnsafeNames","Output":"    native_names_test.go:14: unsafe fixture name accepted: result=\"parent/c:evil.txt\" code=\"\"\n","OutputType":"error"}
{"Time":"2026-10-10T00:16:35.90027-04:00","Action":"output","Package":"fairdrop/internal/source","Test":"TestNativeChildNameRefusesOnlyUnsafeNames","Output":"    native_names_test.go:14: unsafe fixture name accepted: result=\"parent/Z:\" code=\"\"\n","OutputType":"error"}
{"Time":"2026-10-10T00:16:35.900287-04:00","Action":"output","Package":"fairdrop/internal/source","Test":"TestNativeChildNameRefusesOnlyUnsafeNames","Output":"    native_names_test.go:14: unsafe fixture name accepted: result=\"parent/\\\\server\\\\share\" code=\"\"\n","OutputType":"error"}
{"Time":"2026-10-10T00:16:35.900316-04:00","Action":"output","Package":"fairdrop/internal/source","Test":"TestNativeChildNameRefusesOnlyUnsafeNames","Output":"    native_names_test.go:14: unsafe fixture name accepted: result=\"parent/C:\\\\absolute\" code=\"\"\n","OutputType":"error"}
{"Time":"2026-10-10T00:16:35.900334-04:00","Action":"output","Package":"fairdrop/internal/source","Test":"TestNativeChildNameRefusesOnlyUnsafeNames","Output":"    native_names_test.go:14: unsafe fixture name accepted: result=\"parent/nested/name\" code=\"\"\n","OutputType":"error"}
{"Time":"2026-10-10T00:16:35.900351-04:00","Action":"output","Package":"fairdrop/internal/source","Test":"TestNativeChildNameRefusesOnlyUnsafeNames","Output":"    native_names_test.go:14: unsafe fixture name accepted: result=\"parent/..\" code=\"\"\n","OutputType":"error"}
{"Time":"2026-10-10T00:16:35.900373-04:00","Action":"output","Package":"fairdrop/internal/source","Test":"TestNativeChildNameRefusesOnlyUnsafeNames","Output":"--- FAIL: TestNativeChildNameRefusesOnlyUnsafeNames (0.00s)\n","OutputType":"frame"}
{"Time":"2026-10-10T00:16:35.90039-04:00","Action":"fail","Package":"fairdrop/internal/source","Test":"TestNativeChildNameRefusesOnlyUnsafeNames","Elapsed":0}
{"Time":"2026-10-10T00:16:35.900412-04:00","Action":"output","Package":"fairdrop/internal/source","Output":"FAIL\n","OutputType":"frame"}
{"Time":"2026-10-10T00:16:35.901349-04:00","Action":"output","Package":"fairdrop/internal/source","Output":"FAIL\tfairdrop/internal/source\t0.295s\n","OutputType":"frame"}
{"Time":"2026-10-10T00:16:35.901435-04:00","Action":"fail","Package":"fairdrop/internal/source","Elapsed":0.295}
KILLED: host-dependent source volume predicate by TestNativeChildNameRefusesOnlyUnsafeNames (expected injected assertion failure, not a product failure)
EXPECTED INJECTED FAILURE: follow metadata symlinks; requires 'want mode' in a failing test/subtest of TestDarwinMetadataNoFollowAndSpecialFileClassification
{"Time":"2026-10-10T00:16:36.36774-04:00","Action":"start","Package":"fairdrop/internal/source"}
{"Time":"2026-10-10T00:16:36.615221-04:00","Action":"run","Package":"fairdrop/internal/source","Test":"TestDarwinMetadataNoFollowAndSpecialFileClassification"}
{"Time":"2026-10-10T00:16:36.61548-04:00","Action":"output","Package":"fairdrop/internal/source","Test":"TestDarwinMetadataNoFollowAndSpecialFileClassification","Output":"=== RUN   TestDarwinMetadataNoFollowAndSpecialFileClassification\n","OutputType":"frame"}
{"Time":"2026-10-10T00:16:36.616486-04:00","Action":"run","Package":"fairdrop/internal/source","Test":"TestDarwinMetadataNoFollowAndSpecialFileClassification/symlink"}
{"Time":"2026-10-10T00:16:36.61653-04:00","Action":"output","Package":"fairdrop/internal/source","Test":"TestDarwinMetadataNoFollowAndSpecialFileClassification/symlink","Output":"=== RUN   TestDarwinMetadataNoFollowAndSpecialFileClassification/symlink\n","OutputType":"frame"}
{"Time":"2026-10-10T00:16:36.617138-04:00","Action":"output","Package":"fairdrop/internal/source","Test":"TestDarwinMetadataNoFollowAndSpecialFileClassification/symlink","Output":"    handle_darwin_test.go:199: no-follow metadata = \u0026{symlink {16777229 33152 1 134482091 501 20 0 {1791605796 616202384} {1791605796 616368586} {1791605796 616368586} {1791605796 616202384} 6 8 4096 0 0 0 [0 0]}}, \u003cnil\u003e, want mode L---------\n","OutputType":"error"}
{"Time":"2026-10-10T00:16:36.617181-04:00","Action":"output","Package":"fairdrop/internal/source","Test":"TestDarwinMetadataNoFollowAndSpecialFileClassification/symlink","Output":"--- FAIL: TestDarwinMetadataNoFollowAndSpecialFileClassification/symlink (0.00s)\n","OutputType":"frame"}
{"Time":"2026-10-10T00:16:36.617197-04:00","Action":"fail","Package":"fairdrop/internal/source","Test":"TestDarwinMetadataNoFollowAndSpecialFileClassification/symlink","Elapsed":0}
{"Time":"2026-10-10T00:16:36.617216-04:00","Action":"run","Package":"fairdrop/internal/source","Test":"TestDarwinMetadataNoFollowAndSpecialFileClassification/fifo"}
{"Time":"2026-10-10T00:16:36.617227-04:00","Action":"output","Package":"fairdrop/internal/source","Test":"TestDarwinMetadataNoFollowAndSpecialFileClassification/fifo","Output":"=== RUN   TestDarwinMetadataNoFollowAndSpecialFileClassification/fifo\n","OutputType":"frame"}
{"Time":"2026-10-10T00:16:36.617649-04:00","Action":"output","Package":"fairdrop/internal/source","Test":"TestDarwinMetadataNoFollowAndSpecialFileClassification/fifo","Output":"--- PASS: TestDarwinMetadataNoFollowAndSpecialFileClassification/fifo (0.00s)\n","OutputType":"frame"}
{"Time":"2026-10-10T00:16:36.617666-04:00","Action":"pass","Package":"fairdrop/internal/source","Test":"TestDarwinMetadataNoFollowAndSpecialFileClassification/fifo","Elapsed":0}
{"Time":"2026-10-10T00:16:36.618487-04:00","Action":"output","Package":"fairdrop/internal/source","Test":"TestDarwinMetadataNoFollowAndSpecialFileClassification","Output":"--- FAIL: TestDarwinMetadataNoFollowAndSpecialFileClassification (0.00s)\n","OutputType":"frame"}
{"Time":"2026-10-10T00:16:36.618505-04:00","Action":"fail","Package":"fairdrop/internal/source","Test":"TestDarwinMetadataNoFollowAndSpecialFileClassification","Elapsed":0}
{"Time":"2026-10-10T00:16:36.618519-04:00","Action":"output","Package":"fairdrop/internal/source","Output":"FAIL\n","OutputType":"frame"}
{"Time":"2026-10-10T00:16:36.619588-04:00","Action":"output","Package":"fairdrop/internal/source","Output":"FAIL\tfairdrop/internal/source\t0.252s\n","OutputType":"frame"}
{"Time":"2026-10-10T00:16:36.619631-04:00","Action":"fail","Package":"fairdrop/internal/source","Elapsed":0.252}
KILLED: follow metadata symlinks by TestDarwinMetadataNoFollowAndSpecialFileClassification (expected injected assertion failure, not a product failure)
EXPECTED INJECTED FAILURE: use os.SameFile on stat-derived metadata; requires 'snapshot-to-descriptor identity rejected the same object' in a failing test/subtest of TestDarwinMetadataIdentityMatchesOpenedDescriptorAndRefusesReplacement
{"Time":"2026-10-10T00:16:37.081828-04:00","Action":"start","Package":"fairdrop/internal/source"}
{"Time":"2026-10-10T00:16:37.32866-04:00","Action":"run","Package":"fairdrop/internal/source","Test":"TestDarwinMetadataIdentityMatchesOpenedDescriptorAndRefusesReplacement"}
{"Time":"2026-10-10T00:16:37.328878-04:00","Action":"output","Package":"fairdrop/internal/source","Test":"TestDarwinMetadataIdentityMatchesOpenedDescriptorAndRefusesReplacement","Output":"=== RUN   TestDarwinMetadataIdentityMatchesOpenedDescriptorAndRefusesReplacement\n","OutputType":"frame"}
{"Time":"2026-10-10T00:16:37.329015-04:00","Action":"run","Package":"fairdrop/internal/source","Test":"TestDarwinMetadataIdentityMatchesOpenedDescriptorAndRefusesReplacement/file"}
{"Time":"2026-10-10T00:16:37.329047-04:00","Action":"output","Package":"fairdrop/internal/source","Test":"TestDarwinMetadataIdentityMatchesOpenedDescriptorAndRefusesReplacement/file","Output":"=== RUN   TestDarwinMetadataIdentityMatchesOpenedDescriptorAndRefusesReplacement/file\n","OutputType":"frame"}
{"Time":"2026-10-10T00:16:37.33044-04:00","Action":"output","Package":"fairdrop/internal/source","Test":"TestDarwinMetadataIdentityMatchesOpenedDescriptorAndRefusesReplacement/file","Output":"    handle_darwin_test.go:102: snapshot-to-descriptor identity rejected the same object: source_changed: selection identity changed before open\n","OutputType":"error"}
{"Time":"2026-10-10T00:16:37.331584-04:00","Action":"output","Package":"fairdrop/internal/source","Test":"TestDarwinMetadataIdentityMatchesOpenedDescriptorAndRefusesReplacement/file","Output":"--- FAIL: TestDarwinMetadataIdentityMatchesOpenedDescriptorAndRefusesReplacement/file (0.00s)\n","OutputType":"frame"}
{"Time":"2026-10-10T00:16:37.331632-04:00","Action":"fail","Package":"fairdrop/internal/source","Test":"TestDarwinMetadataIdentityMatchesOpenedDescriptorAndRefusesReplacement/file","Elapsed":0}
{"Time":"2026-10-10T00:16:37.331695-04:00","Action":"run","Package":"fairdrop/internal/source","Test":"TestDarwinMetadataIdentityMatchesOpenedDescriptorAndRefusesReplacement/directory"}
{"Time":"2026-10-10T00:16:37.331714-04:00","Action":"output","Package":"fairdrop/internal/source","Test":"TestDarwinMetadataIdentityMatchesOpenedDescriptorAndRefusesReplacement/directory","Output":"=== RUN   TestDarwinMetadataIdentityMatchesOpenedDescriptorAndRefusesReplacement/directory\n","OutputType":"frame"}
{"Time":"2026-10-10T00:16:37.332479-04:00","Action":"output","Package":"fairdrop/internal/source","Test":"TestDarwinMetadataIdentityMatchesOpenedDescriptorAndRefusesReplacement/directory","Output":"    handle_darwin_test.go:102: snapshot-to-descriptor identity rejected the same object: source_changed: selection identity changed before open\n","OutputType":"error"}
{"Time":"2026-10-10T00:16:37.333337-04:00","Action":"output","Package":"fairdrop/internal/source","Test":"TestDarwinMetadataIdentityMatchesOpenedDescriptorAndRefusesReplacement/directory","Output":"--- FAIL: TestDarwinMetadataIdentityMatchesOpenedDescriptorAndRefusesReplacement/directory (0.00s)\n","OutputType":"frame"}
{"Time":"2026-10-10T00:16:37.333386-04:00","Action":"fail","Package":"fairdrop/internal/source","Test":"TestDarwinMetadataIdentityMatchesOpenedDescriptorAndRefusesReplacement/directory","Elapsed":0}
{"Time":"2026-10-10T00:16:37.333443-04:00","Action":"output","Package":"fairdrop/internal/source","Test":"TestDarwinMetadataIdentityMatchesOpenedDescriptorAndRefusesReplacement","Output":"--- FAIL: TestDarwinMetadataIdentityMatchesOpenedDescriptorAndRefusesReplacement (0.00s)\n","OutputType":"frame"}
{"Time":"2026-10-10T00:16:37.333473-04:00","Action":"fail","Package":"fairdrop/internal/source","Test":"TestDarwinMetadataIdentityMatchesOpenedDescriptorAndRefusesReplacement","Elapsed":0}
{"Time":"2026-10-10T00:16:37.333491-04:00","Action":"output","Package":"fairdrop/internal/source","Output":"FAIL\n","OutputType":"frame"}
{"Time":"2026-10-10T00:16:37.334776-04:00","Action":"output","Package":"fairdrop/internal/source","Output":"FAIL\tfairdrop/internal/source\t0.253s\n","OutputType":"frame"}
{"Time":"2026-10-10T00:16:37.334923-04:00","Action":"fail","Package":"fairdrop/internal/source","Elapsed":0.253}
KILLED: use os.SameFile on stat-derived metadata by TestDarwinMetadataIdentityMatchesOpenedDescriptorAndRefusesReplacement (expected injected assertion failure, not a product failure)
EXPECTED INJECTED FAILURE: accept replaced metadata identity; requires 'replacement identity gate' in a failing test/subtest of TestDarwinMetadataIdentityMatchesOpenedDescriptorAndRefusesReplacement
{"Time":"2026-10-10T00:16:37.796163-04:00","Action":"start","Package":"fairdrop/internal/source"}
{"Time":"2026-10-10T00:16:38.036091-04:00","Action":"run","Package":"fairdrop/internal/source","Test":"TestDarwinMetadataIdentityMatchesOpenedDescriptorAndRefusesReplacement"}
{"Time":"2026-10-10T00:16:38.036309-04:00","Action":"output","Package":"fairdrop/internal/source","Test":"TestDarwinMetadataIdentityMatchesOpenedDescriptorAndRefusesReplacement","Output":"=== RUN   TestDarwinMetadataIdentityMatchesOpenedDescriptorAndRefusesReplacement\n","OutputType":"frame"}
{"Time":"2026-10-10T00:16:38.036454-04:00","Action":"run","Package":"fairdrop/internal/source","Test":"TestDarwinMetadataIdentityMatchesOpenedDescriptorAndRefusesReplacement/file"}
{"Time":"2026-10-10T00:16:38.036496-04:00","Action":"output","Package":"fairdrop/internal/source","Test":"TestDarwinMetadataIdentityMatchesOpenedDescriptorAndRefusesReplacement/file","Output":"=== RUN   TestDarwinMetadataIdentityMatchesOpenedDescriptorAndRefusesReplacement/file\n","OutputType":"frame"}
{"Time":"2026-10-10T00:16:38.038555-04:00","Action":"output","Package":"fairdrop/internal/source","Test":"TestDarwinMetadataIdentityMatchesOpenedDescriptorAndRefusesReplacement/file","Output":"    handle_darwin_test.go:117: replacement identity gate = \u003cnil\u003e, want source_changed\n","OutputType":"error"}
{"Time":"2026-10-10T00:16:38.039759-04:00","Action":"output","Package":"fairdrop/internal/source","Test":"TestDarwinMetadataIdentityMatchesOpenedDescriptorAndRefusesReplacement/file","Output":"--- FAIL: TestDarwinMetadataIdentityMatchesOpenedDescriptorAndRefusesReplacement/file (0.00s)\n","OutputType":"frame"}
{"Time":"2026-10-10T00:16:38.039804-04:00","Action":"fail","Package":"fairdrop/internal/source","Test":"TestDarwinMetadataIdentityMatchesOpenedDescriptorAndRefusesReplacement/file","Elapsed":0}
{"Time":"2026-10-10T00:16:38.039859-04:00","Action":"run","Package":"fairdrop/internal/source","Test":"TestDarwinMetadataIdentityMatchesOpenedDescriptorAndRefusesReplacement/directory"}
{"Time":"2026-10-10T00:16:38.039878-04:00","Action":"output","Package":"fairdrop/internal/source","Test":"TestDarwinMetadataIdentityMatchesOpenedDescriptorAndRefusesReplacement/directory","Output":"=== RUN   TestDarwinMetadataIdentityMatchesOpenedDescriptorAndRefusesReplacement/directory\n","OutputType":"frame"}
{"Time":"2026-10-10T00:16:38.041232-04:00","Action":"output","Package":"fairdrop/internal/source","Test":"TestDarwinMetadataIdentityMatchesOpenedDescriptorAndRefusesReplacement/directory","Output":"    handle_darwin_test.go:117: replacement identity gate = \u003cnil\u003e, want source_changed\n","OutputType":"error"}
{"Time":"2026-10-10T00:16:38.042414-04:00","Action":"output","Package":"fairdrop/internal/source","Test":"TestDarwinMetadataIdentityMatchesOpenedDescriptorAndRefusesReplacement/directory","Output":"--- FAIL: TestDarwinMetadataIdentityMatchesOpenedDescriptorAndRefusesReplacement/directory (0.00s)\n","OutputType":"frame"}
{"Time":"2026-10-10T00:16:38.04245-04:00","Action":"fail","Package":"fairdrop/internal/source","Test":"TestDarwinMetadataIdentityMatchesOpenedDescriptorAndRefusesReplacement/directory","Elapsed":0}
{"Time":"2026-10-10T00:16:38.0425-04:00","Action":"output","Package":"fairdrop/internal/source","Test":"TestDarwinMetadataIdentityMatchesOpenedDescriptorAndRefusesReplacement","Output":"--- FAIL: TestDarwinMetadataIdentityMatchesOpenedDescriptorAndRefusesReplacement (0.01s)\n","OutputType":"frame"}
{"Time":"2026-10-10T00:16:38.042518-04:00","Action":"fail","Package":"fairdrop/internal/source","Test":"TestDarwinMetadataIdentityMatchesOpenedDescriptorAndRefusesReplacement","Elapsed":0.01}
{"Time":"2026-10-10T00:16:38.042538-04:00","Action":"output","Package":"fairdrop/internal/source","Output":"FAIL\n","OutputType":"frame"}
{"Time":"2026-10-10T00:16:38.0435-04:00","Action":"output","Package":"fairdrop/internal/source","Output":"FAIL\tfairdrop/internal/source\t0.247s\n","OutputType":"frame"}
{"Time":"2026-10-10T00:16:38.043541-04:00","Action":"fail","Package":"fairdrop/internal/source","Elapsed":0.247}
KILLED: accept replaced metadata identity by TestDarwinMetadataIdentityMatchesOpenedDescriptorAndRefusesReplacement (expected injected assertion failure, not a product failure)
EXPECTED INJECTED FAILURE: require content read permission for metadata; requires 'native metadata open failed' in a failing test/subtest of TestDarwinMetadataSnapshotNeedsNoContentPermission
{"Time":"2026-10-10T00:16:38.519031-04:00","Action":"start","Package":"fairdrop/internal/source"}
{"Time":"2026-10-10T00:16:38.738148-04:00","Action":"run","Package":"fairdrop/internal/source","Test":"TestDarwinMetadataSnapshotNeedsNoContentPermission"}
{"Time":"2026-10-10T00:16:38.738259-04:00","Action":"output","Package":"fairdrop/internal/source","Test":"TestDarwinMetadataSnapshotNeedsNoContentPermission","Output":"=== RUN   TestDarwinMetadataSnapshotNeedsNoContentPermission\n","OutputType":"frame"}
{"Time":"2026-10-10T00:16:38.739435-04:00","Action":"output","Package":"fairdrop/internal/source","Test":"TestDarwinMetadataSnapshotNeedsNoContentPermission","Output":"    handle_darwin_test.go:30: native metadata open failed: syscall.Errno\n","OutputType":"error"}
{"Time":"2026-10-10T00:16:38.73999-04:00","Action":"output","Package":"fairdrop/internal/source","Test":"TestDarwinMetadataSnapshotNeedsNoContentPermission","Output":"--- FAIL: TestDarwinMetadataSnapshotNeedsNoContentPermission (0.00s)\n","OutputType":"frame"}
{"Time":"2026-10-10T00:16:38.740022-04:00","Action":"fail","Package":"fairdrop/internal/source","Test":"TestDarwinMetadataSnapshotNeedsNoContentPermission","Elapsed":0}
{"Time":"2026-10-10T00:16:38.74005-04:00","Action":"output","Package":"fairdrop/internal/source","Output":"FAIL\n","OutputType":"frame"}
{"Time":"2026-10-10T00:16:38.74108-04:00","Action":"output","Package":"fairdrop/internal/source","Output":"FAIL\tfairdrop/internal/source\t0.222s\n","OutputType":"frame"}
{"Time":"2026-10-10T00:16:38.741127-04:00","Action":"fail","Package":"fairdrop/internal/source","Elapsed":0.222}
KILLED: require content read permission for metadata by TestDarwinMetadataSnapshotNeedsNoContentPermission (expected injected assertion failure, not a product failure)
EXPECTED INJECTED FAILURE: ignore generation and birth identity; requires 'recycled identity accepted after generation changed' in a failing test/subtest of TestDarwinMetadataRefusesRecycledIdentityAcrossStatRepresentations
{"Time":"2026-10-10T00:16:39.258868-04:00","Action":"start","Package":"fairdrop/internal/source"}
{"Time":"2026-10-10T00:16:39.54893-04:00","Action":"run","Package":"fairdrop/internal/source","Test":"TestDarwinMetadataRefusesRecycledIdentityAcrossStatRepresentations"}
{"Time":"2026-10-10T00:16:39.549142-04:00","Action":"output","Package":"fairdrop/internal/source","Test":"TestDarwinMetadataRefusesRecycledIdentityAcrossStatRepresentations","Output":"=== RUN   TestDarwinMetadataRefusesRecycledIdentityAcrossStatRepresentations\n","OutputType":"frame"}
{"Time":"2026-10-10T00:16:39.549252-04:00","Action":"run","Package":"fairdrop/internal/source","Test":"TestDarwinMetadataRefusesRecycledIdentityAcrossStatRepresentations/device"}
{"Time":"2026-10-10T00:16:39.54927-04:00","Action":"output","Package":"fairdrop/internal/source","Test":"TestDarwinMetadataRefusesRecycledIdentityAcrossStatRepresentations/device","Output":"=== RUN   TestDarwinMetadataRefusesRecycledIdentityAcrossStatRepresentations/device\n","OutputType":"frame"}
{"Time":"2026-10-10T00:16:39.549297-04:00","Action":"output","Package":"fairdrop/internal/source","Test":"TestDarwinMetadataRefusesRecycledIdentityAcrossStatRepresentations/device","Output":"--- PASS: TestDarwinMetadataRefusesRecycledIdentityAcrossStatRepresentations/device (0.00s)\n","OutputType":"frame"}
{"Time":"2026-10-10T00:16:39.549308-04:00","Action":"pass","Package":"fairdrop/internal/source","Test":"TestDarwinMetadataRefusesRecycledIdentityAcrossStatRepresentations/device","Elapsed":0}
{"Time":"2026-10-10T00:16:39.549324-04:00","Action":"run","Package":"fairdrop/internal/source","Test":"TestDarwinMetadataRefusesRecycledIdentityAcrossStatRepresentations/inode"}
{"Time":"2026-10-10T00:16:39.549333-04:00","Action":"output","Package":"fairdrop/internal/source","Test":"TestDarwinMetadataRefusesRecycledIdentityAcrossStatRepresentations/inode","Output":"=== RUN   TestDarwinMetadataRefusesRecycledIdentityAcrossStatRepresentations/inode\n","OutputType":"frame"}
{"Time":"2026-10-10T00:16:39.549344-04:00","Action":"output","Package":"fairdrop/internal/source","Test":"TestDarwinMetadataRefusesRecycledIdentityAcrossStatRepresentations/inode","Output":"--- PASS: TestDarwinMetadataRefusesRecycledIdentityAcrossStatRepresentations/inode (0.00s)\n","OutputType":"frame"}
{"Time":"2026-10-10T00:16:39.549354-04:00","Action":"pass","Package":"fairdrop/internal/source","Test":"TestDarwinMetadataRefusesRecycledIdentityAcrossStatRepresentations/inode","Elapsed":0}
{"Time":"2026-10-10T00:16:39.549362-04:00","Action":"run","Package":"fairdrop/internal/source","Test":"TestDarwinMetadataRefusesRecycledIdentityAcrossStatRepresentations/generation"}
{"Time":"2026-10-10T00:16:39.54937-04:00","Action":"output","Package":"fairdrop/internal/source","Test":"TestDarwinMetadataRefusesRecycledIdentityAcrossStatRepresentations/generation","Output":"=== RUN   TestDarwinMetadataRefusesRecycledIdentityAcrossStatRepresentations/generation\n","OutputType":"frame"}
{"Time":"2026-10-10T00:16:39.549386-04:00","Action":"output","Package":"fairdrop/internal/source","Test":"TestDarwinMetadataRefusesRecycledIdentityAcrossStatRepresentations/generation","Output":"    handle_darwin_test.go:274: recycled identity accepted after generation changed\n","OutputType":"error"}
{"Time":"2026-10-10T00:16:39.549402-04:00","Action":"output","Package":"fairdrop/internal/source","Test":"TestDarwinMetadataRefusesRecycledIdentityAcrossStatRepresentations/generation","Output":"--- FAIL: TestDarwinMetadataRefusesRecycledIdentityAcrossStatRepresentations/generation (0.00s)\n","OutputType":"frame"}
{"Time":"2026-10-10T00:16:39.549412-04:00","Action":"fail","Package":"fairdrop/internal/source","Test":"TestDarwinMetadataRefusesRecycledIdentityAcrossStatRepresentations/generation","Elapsed":0}
{"Time":"2026-10-10T00:16:39.549433-04:00","Action":"run","Package":"fairdrop/internal/source","Test":"TestDarwinMetadataRefusesRecycledIdentityAcrossStatRepresentations/birth-seconds"}
{"Time":"2026-10-10T00:16:39.549447-04:00","Action":"output","Package":"fairdrop/internal/source","Test":"TestDarwinMetadataRefusesRecycledIdentityAcrossStatRepresentations/birth-seconds","Output":"=== RUN   TestDarwinMetadataRefusesRecycledIdentityAcrossStatRepresentations/birth-seconds\n","OutputType":"frame"}
{"Time":"2026-10-10T00:16:39.549509-04:00","Action":"output","Package":"fairdrop/internal/source","Test":"TestDarwinMetadataRefusesRecycledIdentityAcrossStatRepresentations/birth-seconds","Output":"    handle_darwin_test.go:274: recycled identity accepted after birth-seconds changed\n","OutputType":"error"}
{"Time":"2026-10-10T00:16:39.549518-04:00","Action":"output","Package":"fairdrop/internal/source","Test":"TestDarwinMetadataRefusesRecycledIdentityAcrossStatRepresentations/birth-seconds","Output":"--- FAIL: TestDarwinMetadataRefusesRecycledIdentityAcrossStatRepresentations/birth-seconds (0.00s)\n","OutputType":"frame"}
{"Time":"2026-10-10T00:16:39.549531-04:00","Action":"fail","Package":"fairdrop/internal/source","Test":"TestDarwinMetadataRefusesRecycledIdentityAcrossStatRepresentations/birth-seconds","Elapsed":0}
{"Time":"2026-10-10T00:16:39.549538-04:00","Action":"run","Package":"fairdrop/internal/source","Test":"TestDarwinMetadataRefusesRecycledIdentityAcrossStatRepresentations/birth-nanoseconds"}
{"Time":"2026-10-10T00:16:39.549544-04:00","Action":"output","Package":"fairdrop/internal/source","Test":"TestDarwinMetadataRefusesRecycledIdentityAcrossStatRepresentations/birth-nanoseconds","Output":"=== RUN   TestDarwinMetadataRefusesRecycledIdentityAcrossStatRepresentations/birth-nanoseconds\n","OutputType":"frame"}
{"Time":"2026-10-10T00:16:39.549552-04:00","Action":"output","Package":"fairdrop/internal/source","Test":"TestDarwinMetadataRefusesRecycledIdentityAcrossStatRepresentations/birth-nanoseconds","Output":"    handle_darwin_test.go:274: recycled identity accepted after birth-nanoseconds changed\n","OutputType":"error"}
{"Time":"2026-10-10T00:16:39.54956-04:00","Action":"output","Package":"fairdrop/internal/source","Test":"TestDarwinMetadataRefusesRecycledIdentityAcrossStatRepresentations/birth-nanoseconds","Output":"--- FAIL: TestDarwinMetadataRefusesRecycledIdentityAcrossStatRepresentations/birth-nanoseconds (0.00s)\n","OutputType":"frame"}
{"Time":"2026-10-10T00:16:39.549568-04:00","Action":"fail","Package":"fairdrop/internal/source","Test":"TestDarwinMetadataRefusesRecycledIdentityAcrossStatRepresentations/birth-nanoseconds","Elapsed":0}
{"Time":"2026-10-10T00:16:39.549576-04:00","Action":"output","Package":"fairdrop/internal/source","Test":"TestDarwinMetadataRefusesRecycledIdentityAcrossStatRepresentations","Output":"--- FAIL: TestDarwinMetadataRefusesRecycledIdentityAcrossStatRepresentations (0.00s)\n","OutputType":"frame"}
{"Time":"2026-10-10T00:16:39.549583-04:00","Action":"fail","Package":"fairdrop/internal/source","Test":"TestDarwinMetadataRefusesRecycledIdentityAcrossStatRepresentations","Elapsed":0}
{"Time":"2026-10-10T00:16:39.549616-04:00","Action":"output","Package":"fairdrop/internal/source","Output":"FAIL\n","OutputType":"frame"}
{"Time":"2026-10-10T00:16:39.550246-04:00","Action":"output","Package":"fairdrop/internal/source","Output":"FAIL\tfairdrop/internal/source\t0.291s\n","OutputType":"frame"}
{"Time":"2026-10-10T00:16:39.55028-04:00","Action":"fail","Package":"fairdrop/internal/source","Elapsed":0.291}
KILLED: ignore generation and birth identity by TestDarwinMetadataRefusesRecycledIdentityAcrossStatRepresentations (expected injected assertion failure, not a product failure)
EXPECTED INJECTED FAILURE: block on lock FIFO; requires 'lock preflight blocked on an unconnected FIFO' in a failing test/subtest of TestDarwinLockPreflightRefusesFIFOAndSymlinkWithoutBlocking
{"Time":"2026-10-10T00:16:42.25887-04:00","Action":"start","Package":"fairdrop"}
{"Time":"2026-10-10T00:16:42.550972-04:00","Action":"run","Package":"fairdrop","Test":"TestDarwinLockPreflightRefusesFIFOAndSymlinkWithoutBlocking"}
{"Time":"2026-10-10T00:16:42.551154-04:00","Action":"output","Package":"fairdrop","Test":"TestDarwinLockPreflightRefusesFIFOAndSymlinkWithoutBlocking","Output":"=== RUN   TestDarwinLockPreflightRefusesFIFOAndSymlinkWithoutBlocking\n","OutputType":"frame"}
{"Time":"2026-10-10T00:16:43.553332-04:00","Action":"output","Package":"fairdrop","Test":"TestDarwinLockPreflightRefusesFIFOAndSymlinkWithoutBlocking","Output":"    single_instance_darwin_test.go:83: lock preflight blocked on an unconnected FIFO\n","OutputType":"error"}
{"Time":"2026-10-10T00:16:43.554903-04:00","Action":"output","Package":"fairdrop","Test":"TestDarwinLockPreflightRefusesFIFOAndSymlinkWithoutBlocking","Output":"--- FAIL: TestDarwinLockPreflightRefusesFIFOAndSymlinkWithoutBlocking (1.00s)\n","OutputType":"frame"}
{"Time":"2026-10-10T00:16:43.554988-04:00","Action":"fail","Package":"fairdrop","Test":"TestDarwinLockPreflightRefusesFIFOAndSymlinkWithoutBlocking","Elapsed":1}
{"Time":"2026-10-10T00:16:43.555058-04:00","Action":"output","Package":"fairdrop","Output":"FAIL\n","OutputType":"frame"}
{"Time":"2026-10-10T00:16:43.557294-04:00","Action":"output","Package":"fairdrop","Output":"FAIL\tfairdrop\t1.298s\n","OutputType":"frame"}
{"Time":"2026-10-10T00:16:43.557399-04:00","Action":"fail","Package":"fairdrop","Elapsed":1.299}
KILLED: block on lock FIFO by TestDarwinLockPreflightRefusesFIFOAndSymlinkWithoutBlocking (expected injected assertion failure, not a product failure)
EXPECTED INJECTED FAILURE: follow lock symlink; requires 'special lock path was accepted' in a failing test/subtest of TestDarwinLockPreflightRefusesFIFOAndSymlinkWithoutBlocking
{"Time":"2026-10-10T00:16:45.815937-04:00","Action":"start","Package":"fairdrop"}
{"Time":"2026-10-10T00:16:46.112815-04:00","Action":"run","Package":"fairdrop","Test":"TestDarwinLockPreflightRefusesFIFOAndSymlinkWithoutBlocking"}
{"Time":"2026-10-10T00:16:46.113002-04:00","Action":"output","Package":"fairdrop","Test":"TestDarwinLockPreflightRefusesFIFOAndSymlinkWithoutBlocking","Output":"=== RUN   TestDarwinLockPreflightRefusesFIFOAndSymlinkWithoutBlocking\n","OutputType":"frame"}
{"Time":"2026-10-10T00:16:46.114317-04:00","Action":"output","Package":"fairdrop","Test":"TestDarwinLockPreflightRefusesFIFOAndSymlinkWithoutBlocking","Output":"    single_instance_darwin_test.go:62: special lock path was accepted\n","OutputType":"error"}
{"Time":"2026-10-10T00:16:46.115225-04:00","Action":"output","Package":"fairdrop","Test":"TestDarwinLockPreflightRefusesFIFOAndSymlinkWithoutBlocking","Output":"--- FAIL: TestDarwinLockPreflightRefusesFIFOAndSymlinkWithoutBlocking (0.00s)\n","OutputType":"frame"}
{"Time":"2026-10-10T00:16:46.115254-04:00","Action":"fail","Package":"fairdrop","Test":"TestDarwinLockPreflightRefusesFIFOAndSymlinkWithoutBlocking","Elapsed":0}
{"Time":"2026-10-10T00:16:46.115289-04:00","Action":"output","Package":"fairdrop","Output":"FAIL\n","OutputType":"frame"}
{"Time":"2026-10-10T00:16:46.116849-04:00","Action":"output","Package":"fairdrop","Output":"FAIL\tfairdrop\t0.300s\n","OutputType":"frame"}
{"Time":"2026-10-10T00:16:46.116919-04:00","Action":"fail","Package":"fairdrop","Elapsed":0.301}
KILLED: follow lock symlink by TestDarwinLockPreflightRefusesFIFOAndSymlinkWithoutBlocking (expected injected assertion failure, not a product failure)
EXPECTED INJECTED FAILURE: accept nonregular lock descriptor; requires 'nonregular lock descriptor reached flock' in a failing test/subtest of TestDarwinLockKindIsCheckedBeforeFlock
{"Time":"2026-10-10T00:16:48.297642-04:00","Action":"start","Package":"fairdrop"}
{"Time":"2026-10-10T00:16:48.603437-04:00","Action":"run","Package":"fairdrop","Test":"TestDarwinLockKindIsCheckedBeforeFlock"}
{"Time":"2026-10-10T00:16:48.603586-04:00","Action":"output","Package":"fairdrop","Test":"TestDarwinLockKindIsCheckedBeforeFlock","Output":"=== RUN   TestDarwinLockKindIsCheckedBeforeFlock\n","OutputType":"frame"}
{"Time":"2026-10-10T00:16:48.604475-04:00","Action":"output","Package":"fairdrop","Test":"TestDarwinLockKindIsCheckedBeforeFlock","Output":"    single_instance_darwin_test.go:100: nonregular lock descriptor reached flock\n","OutputType":"error"}
{"Time":"2026-10-10T00:16:48.605256-04:00","Action":"output","Package":"fairdrop","Test":"TestDarwinLockKindIsCheckedBeforeFlock","Output":"--- FAIL: TestDarwinLockKindIsCheckedBeforeFlock (0.00s)\n","OutputType":"frame"}
{"Time":"2026-10-10T00:16:48.60528-04:00","Action":"fail","Package":"fairdrop","Test":"TestDarwinLockKindIsCheckedBeforeFlock","Elapsed":0}
{"Time":"2026-10-10T00:16:48.605297-04:00","Action":"output","Package":"fairdrop","Output":"FAIL\n","OutputType":"frame"}
{"Time":"2026-10-10T00:16:48.605964-04:00","Action":"output","Package":"fairdrop","Output":"FAIL\tfairdrop\t0.308s\n","OutputType":"frame"}
{"Time":"2026-10-10T00:16:48.60598-04:00","Action":"fail","Package":"fairdrop","Elapsed":0.308}
KILLED: accept nonregular lock descriptor by TestDarwinLockKindIsCheckedBeforeFlock (expected injected assertion failure, not a product failure)
EXPECTED INJECTED FAILURE: publish terminal before response finalization; requires 'unexpected complete event' in a failing test/subtest of TestNaturalCompletionWaitsForHTTPFinalization
{"Time":"2026-10-10T00:16:49.254693-04:00","Action":"start","Package":"fairdrop/internal/server"}
{"Time":"2026-10-10T00:16:49.574063-04:00","Action":"run","Package":"fairdrop/internal/server","Test":"TestNaturalCompletionWaitsForHTTPFinalization"}
{"Time":"2026-10-10T00:16:49.574147-04:00","Action":"output","Package":"fairdrop/internal/server","Test":"TestNaturalCompletionWaitsForHTTPFinalization","Output":"=== RUN   TestNaturalCompletionWaitsForHTTPFinalization\n","OutputType":"frame"}
{"Time":"2026-10-10T00:16:49.574194-04:00","Action":"run","Package":"fairdrop/internal/server","Test":"TestNaturalCompletionWaitsForHTTPFinalization/file/success"}
{"Time":"2026-10-10T00:16:49.574205-04:00","Action":"output","Package":"fairdrop/internal/server","Test":"TestNaturalCompletionWaitsForHTTPFinalization/file/success","Output":"=== RUN   TestNaturalCompletionWaitsForHTTPFinalization/file/success\n","OutputType":"frame"}
{"Time":"2026-10-10T00:16:49.575706-04:00","Action":"output","Package":"fairdrop/internal/server","Test":"TestNaturalCompletionWaitsForHTTPFinalization/file/success","Output":"    finalization_test.go:45: unexpected complete event\n","OutputType":"error"}
{"Time":"2026-10-10T00:16:49.575849-04:00","Action":"output","Package":"fairdrop/internal/server","Test":"TestNaturalCompletionWaitsForHTTPFinalization/file/success","Output":"--- FAIL: TestNaturalCompletionWaitsForHTTPFinalization/file/success (0.00s)\n","OutputType":"frame"}
{"Time":"2026-10-10T00:16:49.575869-04:00","Action":"fail","Package":"fairdrop/internal/server","Test":"TestNaturalCompletionWaitsForHTTPFinalization/file/success","Elapsed":0}
{"Time":"2026-10-10T00:16:49.575882-04:00","Action":"run","Package":"fairdrop/internal/server","Test":"TestNaturalCompletionWaitsForHTTPFinalization/file/write-error"}
{"Time":"2026-10-10T00:16:49.575887-04:00","Action":"output","Package":"fairdrop/internal/server","Test":"TestNaturalCompletionWaitsForHTTPFinalization/file/write-error","Output":"=== RUN   TestNaturalCompletionWaitsForHTTPFinalization/file/write-error\n","OutputType":"frame"}
{"Time":"2026-10-10T00:16:49.576496-04:00","Action":"output","Package":"fairdrop/internal/server","Test":"TestNaturalCompletionWaitsForHTTPFinalization/file/write-error","Output":"    finalization_test.go:45: unexpected complete event\n","OutputType":"error"}
{"Time":"2026-10-10T00:16:49.576545-04:00","Action":"output","Package":"fairdrop/internal/server","Test":"TestNaturalCompletionWaitsForHTTPFinalization/file/write-error","Output":"--- FAIL: TestNaturalCompletionWaitsForHTTPFinalization/file/write-error (0.00s)\n","OutputType":"frame"}
{"Time":"2026-10-10T00:16:49.576564-04:00","Action":"fail","Package":"fairdrop/internal/server","Test":"TestNaturalCompletionWaitsForHTTPFinalization/file/write-error","Elapsed":0}
{"Time":"2026-10-10T00:16:49.576575-04:00","Action":"run","Package":"fairdrop/internal/server","Test":"TestNaturalCompletionWaitsForHTTPFinalization/file/short-write"}
{"Time":"2026-10-10T00:16:49.576582-04:00","Action":"output","Package":"fairdrop/internal/server","Test":"TestNaturalCompletionWaitsForHTTPFinalization/file/short-write","Output":"=== RUN   TestNaturalCompletionWaitsForHTTPFinalization/file/short-write\n","OutputType":"frame"}
{"Time":"2026-10-10T00:16:49.577049-04:00","Action":"output","Package":"fairdrop/internal/server","Test":"TestNaturalCompletionWaitsForHTTPFinalization/file/short-write","Output":"    finalization_test.go:45: unexpected complete event\n","OutputType":"error"}
{"Time":"2026-10-10T00:16:49.577098-04:00","Action":"output","Package":"fairdrop/internal/server","Test":"TestNaturalCompletionWaitsForHTTPFinalization/file/short-write","Output":"--- FAIL: TestNaturalCompletionWaitsForHTTPFinalization/file/short-write (0.00s)\n","OutputType":"frame"}
{"Time":"2026-10-10T00:16:49.577106-04:00","Action":"fail","Package":"fairdrop/internal/server","Test":"TestNaturalCompletionWaitsForHTTPFinalization/file/short-write","Elapsed":0}
{"Time":"2026-10-10T00:16:49.577112-04:00","Action":"run","Package":"fairdrop/internal/server","Test":"TestNaturalCompletionWaitsForHTTPFinalization/file/cancel"}
{"Time":"2026-10-10T00:16:49.577141-04:00","Action":"output","Package":"fairdrop/internal/server","Test":"TestNaturalCompletionWaitsForHTTPFinalization/file/cancel","Output":"=== RUN   TestNaturalCompletionWaitsForHTTPFinalization/file/cancel\n","OutputType":"frame"}
{"Time":"2026-10-10T00:16:49.577494-04:00","Action":"output","Package":"fairdrop/internal/server","Test":"TestNaturalCompletionWaitsForHTTPFinalization/file/cancel","Output":"    finalization_test.go:45: unexpected complete event\n","OutputType":"error"}
{"Time":"2026-10-10T00:16:49.577518-04:00","Action":"output","Package":"fairdrop/internal/server","Test":"TestNaturalCompletionWaitsForHTTPFinalization/file/cancel","Output":"--- FAIL: TestNaturalCompletionWaitsForHTTPFinalization/file/cancel (0.00s)\n","OutputType":"frame"}
{"Time":"2026-10-10T00:16:49.577531-04:00","Action":"fail","Package":"fairdrop/internal/server","Test":"TestNaturalCompletionWaitsForHTTPFinalization/file/cancel","Elapsed":0}
{"Time":"2026-10-10T00:16:49.577537-04:00","Action":"run","Package":"fairdrop/internal/server","Test":"TestNaturalCompletionWaitsForHTTPFinalization/file/disconnect"}
{"Time":"2026-10-10T00:16:49.577541-04:00","Action":"output","Package":"fairdrop/internal/server","Test":"TestNaturalCompletionWaitsForHTTPFinalization/file/disconnect","Output":"=== RUN   TestNaturalCompletionWaitsForHTTPFinalization/file/disconnect\n","OutputType":"frame"}
{"Time":"2026-10-10T00:16:49.577849-04:00","Action":"output","Package":"fairdrop/internal/server","Test":"TestNaturalCompletionWaitsForHTTPFinalization/file/disconnect","Output":"    finalization_test.go:45: unexpected complete event\n","OutputType":"error"}
{"Time":"2026-10-10T00:16:49.57787-04:00","Action":"output","Package":"fairdrop/internal/server","Test":"TestNaturalCompletionWaitsForHTTPFinalization/file/disconnect","Output":"--- FAIL: TestNaturalCompletionWaitsForHTTPFinalization/file/disconnect (0.00s)\n","OutputType":"frame"}
{"Time":"2026-10-10T00:16:49.577879-04:00","Action":"fail","Package":"fairdrop/internal/server","Test":"TestNaturalCompletionWaitsForHTTPFinalization/file/disconnect","Elapsed":0}
{"Time":"2026-10-10T00:16:49.577884-04:00","Action":"run","Package":"fairdrop/internal/server","Test":"TestNaturalCompletionWaitsForHTTPFinalization/chunked/success"}
{"Time":"2026-10-10T00:16:49.577888-04:00","Action":"output","Package":"fairdrop/internal/server","Test":"TestNaturalCompletionWaitsForHTTPFinalization/chunked/success","Output":"=== RUN   TestNaturalCompletionWaitsForHTTPFinalization/chunked/success\n","OutputType":"frame"}
{"Time":"2026-10-10T00:16:49.578161-04:00","Action":"output","Package":"fairdrop/internal/server","Test":"TestNaturalCompletionWaitsForHTTPFinalization/chunked/success","Output":"    finalization_test.go:45: unexpected complete event\n","OutputType":"error"}
{"Time":"2026-10-10T00:16:49.578196-04:00","Action":"output","Package":"fairdrop/internal/server","Test":"TestNaturalCompletionWaitsForHTTPFinalization/chunked/success","Output":"--- FAIL: TestNaturalCompletionWaitsForHTTPFinalization/chunked/success (0.00s)\n","OutputType":"frame"}
{"Time":"2026-10-10T00:16:49.578203-04:00","Action":"fail","Package":"fairdrop/internal/server","Test":"TestNaturalCompletionWaitsForHTTPFinalization/chunked/success","Elapsed":0}
{"Time":"2026-10-10T00:16:49.578207-04:00","Action":"run","Package":"fairdrop/internal/server","Test":"TestNaturalCompletionWaitsForHTTPFinalization/chunked/write-error"}
{"Time":"2026-10-10T00:16:49.578211-04:00","Action":"output","Package":"fairdrop/internal/server","Test":"TestNaturalCompletionWaitsForHTTPFinalization/chunked/write-error","Output":"=== RUN   TestNaturalCompletionWaitsForHTTPFinalization/chunked/write-error\n","OutputType":"frame"}
{"Time":"2026-10-10T00:16:49.578543-04:00","Action":"output","Package":"fairdrop/internal/server","Test":"TestNaturalCompletionWaitsForHTTPFinalization/chunked/write-error","Output":"    finalization_test.go:45: unexpected complete event\n","OutputType":"error"}
{"Time":"2026-10-10T00:16:49.578592-04:00","Action":"output","Package":"fairdrop/internal/server","Test":"TestNaturalCompletionWaitsForHTTPFinalization/chunked/write-error","Output":"--- FAIL: TestNaturalCompletionWaitsForHTTPFinalization/chunked/write-error (0.00s)\n","OutputType":"frame"}
{"Time":"2026-10-10T00:16:49.578613-04:00","Action":"fail","Package":"fairdrop/internal/server","Test":"TestNaturalCompletionWaitsForHTTPFinalization/chunked/write-error","Elapsed":0}
{"Time":"2026-10-10T00:16:49.57862-04:00","Action":"run","Package":"fairdrop/internal/server","Test":"TestNaturalCompletionWaitsForHTTPFinalization/chunked/short-write"}
{"Time":"2026-10-10T00:16:49.578624-04:00","Action":"output","Package":"fairdrop/internal/server","Test":"TestNaturalCompletionWaitsForHTTPFinalization/chunked/short-write","Output":"=== RUN   TestNaturalCompletionWaitsForHTTPFinalization/chunked/short-write\n","OutputType":"frame"}
{"Time":"2026-10-10T00:16:49.578917-04:00","Action":"output","Package":"fairdrop/internal/server","Test":"TestNaturalCompletionWaitsForHTTPFinalization/chunked/short-write","Output":"    finalization_test.go:45: unexpected complete event\n","OutputType":"error"}
{"Time":"2026-10-10T00:16:49.578952-04:00","Action":"output","Package":"fairdrop/internal/server","Test":"TestNaturalCompletionWaitsForHTTPFinalization/chunked/short-write","Output":"--- FAIL: TestNaturalCompletionWaitsForHTTPFinalization/chunked/short-write (0.00s)\n","OutputType":"frame"}
{"Time":"2026-10-10T00:16:49.578958-04:00","Action":"fail","Package":"fairdrop/internal/server","Test":"TestNaturalCompletionWaitsForHTTPFinalization/chunked/short-write","Elapsed":0}
{"Time":"2026-10-10T00:16:49.578962-04:00","Action":"run","Package":"fairdrop/internal/server","Test":"TestNaturalCompletionWaitsForHTTPFinalization/chunked/cancel"}
{"Time":"2026-10-10T00:16:49.578965-04:00","Action":"output","Package":"fairdrop/internal/server","Test":"TestNaturalCompletionWaitsForHTTPFinalization/chunked/cancel","Output":"=== RUN   TestNaturalCompletionWaitsForHTTPFinalization/chunked/cancel\n","OutputType":"frame"}
{"Time":"2026-10-10T00:16:49.579302-04:00","Action":"output","Package":"fairdrop/internal/server","Test":"TestNaturalCompletionWaitsForHTTPFinalization/chunked/cancel","Output":"    finalization_test.go:45: unexpected complete event\n","OutputType":"error"}
{"Time":"2026-10-10T00:16:49.579336-04:00","Action":"output","Package":"fairdrop/internal/server","Test":"TestNaturalCompletionWaitsForHTTPFinalization/chunked/cancel","Output":"--- FAIL: TestNaturalCompletionWaitsForHTTPFinalization/chunked/cancel (0.00s)\n","OutputType":"frame"}
{"Time":"2026-10-10T00:16:49.579345-04:00","Action":"fail","Package":"fairdrop/internal/server","Test":"TestNaturalCompletionWaitsForHTTPFinalization/chunked/cancel","Elapsed":0}
{"Time":"2026-10-10T00:16:49.579351-04:00","Action":"run","Package":"fairdrop/internal/server","Test":"TestNaturalCompletionWaitsForHTTPFinalization/chunked/disconnect"}
{"Time":"2026-10-10T00:16:49.579355-04:00","Action":"output","Package":"fairdrop/internal/server","Test":"TestNaturalCompletionWaitsForHTTPFinalization/chunked/disconnect","Output":"=== RUN   TestNaturalCompletionWaitsForHTTPFinalization/chunked/disconnect\n","OutputType":"frame"}
{"Time":"2026-10-10T00:16:49.579687-04:00","Action":"output","Package":"fairdrop/internal/server","Test":"TestNaturalCompletionWaitsForHTTPFinalization/chunked/disconnect","Output":"    finalization_test.go:45: unexpected complete event\n","OutputType":"error"}
{"Time":"2026-10-10T00:16:49.579705-04:00","Action":"output","Package":"fairdrop/internal/server","Test":"TestNaturalCompletionWaitsForHTTPFinalization/chunked/disconnect","Output":"--- FAIL: TestNaturalCompletionWaitsForHTTPFinalization/chunked/disconnect (0.00s)\n","OutputType":"frame"}
{"Time":"2026-10-10T00:16:49.579717-04:00","Action":"fail","Package":"fairdrop/internal/server","Test":"TestNaturalCompletionWaitsForHTTPFinalization/chunked/disconnect","Elapsed":0}
{"Time":"2026-10-10T00:16:49.579725-04:00","Action":"output","Package":"fairdrop/internal/server","Test":"TestNaturalCompletionWaitsForHTTPFinalization","Output":"--- FAIL: TestNaturalCompletionWaitsForHTTPFinalization (0.01s)\n","OutputType":"frame"}
{"Time":"2026-10-10T00:16:49.579735-04:00","Action":"fail","Package":"fairdrop/internal/server","Test":"TestNaturalCompletionWaitsForHTTPFinalization","Elapsed":0.01}
{"Time":"2026-10-10T00:16:49.579742-04:00","Action":"output","Package":"fairdrop/internal/server","Output":"FAIL\n","OutputType":"frame"}
{"Time":"2026-10-10T00:16:49.580425-04:00","Action":"output","Package":"fairdrop/internal/server","Output":"FAIL\tfairdrop/internal/server\t0.325s\n","OutputType":"frame"}
{"Time":"2026-10-10T00:16:49.580458-04:00","Action":"fail","Package":"fairdrop/internal/server","Elapsed":0.326}
KILLED: publish terminal before response finalization by TestNaturalCompletionWaitsForHTTPFinalization (expected injected assertion failure, not a product failure)
EXPECTED INJECTED FAILURE: allow a concurrent file reader; requires 'concurrent second WriteTo read the file instead of refusing ownership' in a failing test/subtest of TestWriteToConcurrentCallersStreamExactlyOnce
{"Time":"2026-10-10T00:16:50.155393-04:00","Action":"start","Package":"fairdrop/internal/stream"}
{"Time":"2026-10-10T00:16:50.381781-04:00","Action":"run","Package":"fairdrop/internal/stream","Test":"TestWriteToConcurrentCallersStreamExactlyOnce"}
{"Time":"2026-10-10T00:16:50.381954-04:00","Action":"output","Package":"fairdrop/internal/stream","Test":"TestWriteToConcurrentCallersStreamExactlyOnce","Output":"=== RUN   TestWriteToConcurrentCallersStreamExactlyOnce\n","OutputType":"frame"}
{"Time":"2026-10-10T00:16:50.382434-04:00","Action":"run","Package":"fairdrop/internal/stream","Test":"TestWriteToConcurrentCallersStreamExactlyOnce/file"}
{"Time":"2026-10-10T00:16:50.38244-04:00","Action":"output","Package":"fairdrop/internal/stream","Test":"TestWriteToConcurrentCallersStreamExactlyOnce/file","Output":"=== RUN   TestWriteToConcurrentCallersStreamExactlyOnce/file\n","OutputType":"frame"}
{"Time":"2026-10-10T00:16:50.383156-04:00","Action":"output","Package":"fairdrop/internal/stream","Test":"TestWriteToConcurrentCallersStreamExactlyOnce/file","Output":"    payload_concurrent_test.go:123: concurrent second WriteTo read the file instead of refusing ownership\n","OutputType":"error"}
{"Time":"2026-10-10T00:16:50.38345-04:00","Action":"output","Package":"fairdrop/internal/stream","Test":"TestWriteToConcurrentCallersStreamExactlyOnce/file","Output":"--- FAIL: TestWriteToConcurrentCallersStreamExactlyOnce/file (0.00s)\n","OutputType":"frame"}
{"Time":"2026-10-10T00:16:50.383462-04:00","Action":"fail","Package":"fairdrop/internal/stream","Test":"TestWriteToConcurrentCallersStreamExactlyOnce/file","Elapsed":0}
{"Time":"2026-10-10T00:16:50.383481-04:00","Action":"run","Package":"fairdrop/internal/stream","Test":"TestWriteToConcurrentCallersStreamExactlyOnce/folder"}
{"Time":"2026-10-10T00:16:50.383485-04:00","Action":"output","Package":"fairdrop/internal/stream","Test":"TestWriteToConcurrentCallersStreamExactlyOnce/folder","Output":"=== RUN   TestWriteToConcurrentCallersStreamExactlyOnce/folder\n","OutputType":"frame"}
{"Time":"2026-10-10T00:16:50.384759-04:00","Action":"output","Package":"fairdrop/internal/stream","Test":"TestWriteToConcurrentCallersStreamExactlyOnce/folder","Output":"--- PASS: TestWriteToConcurrentCallersStreamExactlyOnce/folder (0.00s)\n","OutputType":"frame"}
{"Time":"2026-10-10T00:16:50.38477-04:00","Action":"pass","Package":"fairdrop/internal/stream","Test":"TestWriteToConcurrentCallersStreamExactlyOnce/folder","Elapsed":0}
{"Time":"2026-10-10T00:16:50.384786-04:00","Action":"output","Package":"fairdrop/internal/stream","Test":"TestWriteToConcurrentCallersStreamExactlyOnce","Output":"--- FAIL: TestWriteToConcurrentCallersStreamExactlyOnce (0.00s)\n","OutputType":"frame"}
{"Time":"2026-10-10T00:16:50.384795-04:00","Action":"fail","Package":"fairdrop/internal/stream","Test":"TestWriteToConcurrentCallersStreamExactlyOnce","Elapsed":0}
{"Time":"2026-10-10T00:16:50.3848-04:00","Action":"output","Package":"fairdrop/internal/stream","Output":"FAIL\n","OutputType":"frame"}
{"Time":"2026-10-10T00:16:50.385281-04:00","Action":"output","Package":"fairdrop/internal/stream","Output":"FAIL\tfairdrop/internal/stream\t0.230s\n","OutputType":"frame"}
{"Time":"2026-10-10T00:16:50.385297-04:00","Action":"fail","Package":"fairdrop/internal/stream","Elapsed":0.23}
KILLED: allow a concurrent file reader by TestWriteToConcurrentCallersStreamExactlyOnce (expected injected assertion failure, not a product failure)
EXPECTED INJECTED FAILURE: allow a concurrent archive writer; requires 'concurrent second WriteTo walked or consumed source bytes instead of refusing ownership' in a failing test/subtest of TestWriteToConcurrentCallersStreamExactlyOnce
{"Time":"2026-10-10T00:16:50.95513-04:00","Action":"start","Package":"fairdrop/internal/stream"}
{"Time":"2026-10-10T00:16:51.202898-04:00","Action":"run","Package":"fairdrop/internal/stream","Test":"TestWriteToConcurrentCallersStreamExactlyOnce"}
{"Time":"2026-10-10T00:16:51.202966-04:00","Action":"output","Package":"fairdrop/internal/stream","Test":"TestWriteToConcurrentCallersStreamExactlyOnce","Output":"=== RUN   TestWriteToConcurrentCallersStreamExactlyOnce\n","OutputType":"frame"}
{"Time":"2026-10-10T00:16:51.203041-04:00","Action":"run","Package":"fairdrop/internal/stream","Test":"TestWriteToConcurrentCallersStreamExactlyOnce/file"}
{"Time":"2026-10-10T00:16:51.203047-04:00","Action":"output","Package":"fairdrop/internal/stream","Test":"TestWriteToConcurrentCallersStreamExactlyOnce/file","Output":"=== RUN   TestWriteToConcurrentCallersStreamExactlyOnce/file\n","OutputType":"frame"}
{"Time":"2026-10-10T00:16:51.204086-04:00","Action":"output","Package":"fairdrop/internal/stream","Test":"TestWriteToConcurrentCallersStreamExactlyOnce/file","Output":"--- PASS: TestWriteToConcurrentCallersStreamExactlyOnce/file (0.00s)\n","OutputType":"frame"}
{"Time":"2026-10-10T00:16:51.204105-04:00","Action":"pass","Package":"fairdrop/internal/stream","Test":"TestWriteToConcurrentCallersStreamExactlyOnce/file","Elapsed":0}
{"Time":"2026-10-10T00:16:51.204123-04:00","Action":"run","Package":"fairdrop/internal/stream","Test":"TestWriteToConcurrentCallersStreamExactlyOnce/folder"}
{"Time":"2026-10-10T00:16:51.204127-04:00","Action":"output","Package":"fairdrop/internal/stream","Test":"TestWriteToConcurrentCallersStreamExactlyOnce/folder","Output":"=== RUN   TestWriteToConcurrentCallersStreamExactlyOnce/folder\n","OutputType":"frame"}
{"Time":"2026-10-10T00:16:51.205208-04:00","Action":"output","Package":"fairdrop/internal/stream","Test":"TestWriteToConcurrentCallersStreamExactlyOnce/folder","Output":"    payload_concurrent_test.go:117: concurrent second WriteTo walked or consumed source bytes instead of refusing ownership\n","OutputType":"error"}
{"Time":"2026-10-10T00:16:51.205571-04:00","Action":"output","Package":"fairdrop/internal/stream","Test":"TestWriteToConcurrentCallersStreamExactlyOnce/folder","Output":"--- FAIL: TestWriteToConcurrentCallersStreamExactlyOnce/folder (0.00s)\n","OutputType":"frame"}
{"Time":"2026-10-10T00:16:51.205579-04:00","Action":"fail","Package":"fairdrop/internal/stream","Test":"TestWriteToConcurrentCallersStreamExactlyOnce/folder","Elapsed":0}
{"Time":"2026-10-10T00:16:51.205591-04:00","Action":"output","Package":"fairdrop/internal/stream","Test":"TestWriteToConcurrentCallersStreamExactlyOnce","Output":"--- FAIL: TestWriteToConcurrentCallersStreamExactlyOnce (0.00s)\n","OutputType":"frame"}
{"Time":"2026-10-10T00:16:51.2056-04:00","Action":"fail","Package":"fairdrop/internal/stream","Test":"TestWriteToConcurrentCallersStreamExactlyOnce","Elapsed":0}
{"Time":"2026-10-10T00:16:51.205606-04:00","Action":"output","Package":"fairdrop/internal/stream","Output":"FAIL\n","OutputType":"frame"}
{"Time":"2026-10-10T00:16:51.20615-04:00","Action":"output","Package":"fairdrop/internal/stream","Output":"FAIL\tfairdrop/internal/stream\t0.251s\n","OutputType":"frame"}
{"Time":"2026-10-10T00:16:51.20616-04:00","Action":"fail","Package":"fairdrop/internal/stream","Elapsed":0.251}
KILLED: allow a concurrent archive writer by TestWriteToConcurrentCallersStreamExactlyOnce (expected injected assertion failure, not a product failure)
EXPECTED INJECTED FAILURE: ignore final short write; requires 'failed final write was not reported as transfer_failed' in a failing test/subtest of TestNaturalCompletionWaitsForHTTPFinalization
{"Time":"2026-10-10T00:16:51.820684-04:00","Action":"start","Package":"fairdrop/internal/server"}
{"Time":"2026-10-10T00:16:52.166648-04:00","Action":"run","Package":"fairdrop/internal/server","Test":"TestNaturalCompletionWaitsForHTTPFinalization"}
{"Time":"2026-10-10T00:16:52.166731-04:00","Action":"output","Package":"fairdrop/internal/server","Test":"TestNaturalCompletionWaitsForHTTPFinalization","Output":"=== RUN   TestNaturalCompletionWaitsForHTTPFinalization\n","OutputType":"frame"}
{"Time":"2026-10-10T00:16:52.166785-04:00","Action":"run","Package":"fairdrop/internal/server","Test":"TestNaturalCompletionWaitsForHTTPFinalization/file/success"}
{"Time":"2026-10-10T00:16:52.166798-04:00","Action":"output","Package":"fairdrop/internal/server","Test":"TestNaturalCompletionWaitsForHTTPFinalization/file/success","Output":"=== RUN   TestNaturalCompletionWaitsForHTTPFinalization/file/success\n","OutputType":"frame"}
{"Time":"2026-10-10T00:16:52.168172-04:00","Action":"output","Package":"fairdrop/internal/server","Test":"TestNaturalCompletionWaitsForHTTPFinalization/file/success","Output":"--- PASS: TestNaturalCompletionWaitsForHTTPFinalization/file/success (0.00s)\n","OutputType":"frame"}
{"Time":"2026-10-10T00:16:52.168183-04:00","Action":"pass","Package":"fairdrop/internal/server","Test":"TestNaturalCompletionWaitsForHTTPFinalization/file/success","Elapsed":0}
{"Time":"2026-10-10T00:16:52.168204-04:00","Action":"run","Package":"fairdrop/internal/server","Test":"TestNaturalCompletionWaitsForHTTPFinalization/file/write-error"}
{"Time":"2026-10-10T00:16:52.168208-04:00","Action":"output","Package":"fairdrop/internal/server","Test":"TestNaturalCompletionWaitsForHTTPFinalization/file/write-error","Output":"=== RUN   TestNaturalCompletionWaitsForHTTPFinalization/file/write-error\n","OutputType":"frame"}
{"Time":"2026-10-10T00:16:52.16873-04:00","Action":"output","Package":"fairdrop/internal/server","Test":"TestNaturalCompletionWaitsForHTTPFinalization/file/write-error","Output":"--- PASS: TestNaturalCompletionWaitsForHTTPFinalization/file/write-error (0.00s)\n","OutputType":"frame"}
{"Time":"2026-10-10T00:16:52.168799-04:00","Action":"pass","Package":"fairdrop/internal/server","Test":"TestNaturalCompletionWaitsForHTTPFinalization/file/write-error","Elapsed":0}
{"Time":"2026-10-10T00:16:52.16884-04:00","Action":"run","Package":"fairdrop/internal/server","Test":"TestNaturalCompletionWaitsForHTTPFinalization/file/short-write"}
{"Time":"2026-10-10T00:16:52.168858-04:00","Action":"output","Package":"fairdrop/internal/server","Test":"TestNaturalCompletionWaitsForHTTPFinalization/file/short-write","Output":"=== RUN   TestNaturalCompletionWaitsForHTTPFinalization/file/short-write\n","OutputType":"frame"}
{"Time":"2026-10-10T00:16:52.169052-04:00","Action":"output","Package":"fairdrop/internal/server","Test":"TestNaturalCompletionWaitsForHTTPFinalization/file/short-write","Output":"    finalization_test.go:87: failed final write was not reported as transfer_failed\n","OutputType":"error"}
{"Time":"2026-10-10T00:16:52.169078-04:00","Action":"output","Package":"fairdrop/internal/server","Test":"TestNaturalCompletionWaitsForHTTPFinalization/file/short-write","Output":"--- FAIL: TestNaturalCompletionWaitsForHTTPFinalization/file/short-write (0.00s)\n","OutputType":"frame"}
{"Time":"2026-10-10T00:16:52.169084-04:00","Action":"fail","Package":"fairdrop/internal/server","Test":"TestNaturalCompletionWaitsForHTTPFinalization/file/short-write","Elapsed":0}
{"Time":"2026-10-10T00:16:52.16909-04:00","Action":"run","Package":"fairdrop/internal/server","Test":"TestNaturalCompletionWaitsForHTTPFinalization/file/cancel"}
{"Time":"2026-10-10T00:16:52.169095-04:00","Action":"output","Package":"fairdrop/internal/server","Test":"TestNaturalCompletionWaitsForHTTPFinalization/file/cancel","Output":"=== RUN   TestNaturalCompletionWaitsForHTTPFinalization/file/cancel\n","OutputType":"frame"}
{"Time":"2026-10-10T00:16:52.169436-04:00","Action":"output","Package":"fairdrop/internal/server","Test":"TestNaturalCompletionWaitsForHTTPFinalization/file/cancel","Output":"--- PASS: TestNaturalCompletionWaitsForHTTPFinalization/file/cancel (0.00s)\n","OutputType":"frame"}
{"Time":"2026-10-10T00:16:52.169469-04:00","Action":"pass","Package":"fairdrop/internal/server","Test":"TestNaturalCompletionWaitsForHTTPFinalization/file/cancel","Elapsed":0}
{"Time":"2026-10-10T00:16:52.169474-04:00","Action":"run","Package":"fairdrop/internal/server","Test":"TestNaturalCompletionWaitsForHTTPFinalization/file/disconnect"}
{"Time":"2026-10-10T00:16:52.169477-04:00","Action":"output","Package":"fairdrop/internal/server","Test":"TestNaturalCompletionWaitsForHTTPFinalization/file/disconnect","Output":"=== RUN   TestNaturalCompletionWaitsForHTTPFinalization/file/disconnect\n","OutputType":"frame"}
{"Time":"2026-10-10T00:16:52.221448-04:00","Action":"output","Package":"fairdrop/internal/server","Test":"TestNaturalCompletionWaitsForHTTPFinalization/file/disconnect","Output":"--- PASS: TestNaturalCompletionWaitsForHTTPFinalization/file/disconnect (0.05s)\n","OutputType":"frame"}
{"Time":"2026-10-10T00:16:52.2216-04:00","Action":"pass","Package":"fairdrop/internal/server","Test":"TestNaturalCompletionWaitsForHTTPFinalization/file/disconnect","Elapsed":0.05}
{"Time":"2026-10-10T00:16:52.221681-04:00","Action":"run","Package":"fairdrop/internal/server","Test":"TestNaturalCompletionWaitsForHTTPFinalization/chunked/success"}
{"Time":"2026-10-10T00:16:52.221713-04:00","Action":"output","Package":"fairdrop/internal/server","Test":"TestNaturalCompletionWaitsForHTTPFinalization/chunked/success","Output":"=== RUN   TestNaturalCompletionWaitsForHTTPFinalization/chunked/success\n","OutputType":"frame"}
{"Time":"2026-10-10T00:16:52.22336-04:00","Action":"output","Package":"fairdrop/internal/server","Test":"TestNaturalCompletionWaitsForHTTPFinalization/chunked/success","Output":"--- PASS: TestNaturalCompletionWaitsForHTTPFinalization/chunked/success (0.00s)\n","OutputType":"frame"}
{"Time":"2026-10-10T00:16:52.223436-04:00","Action":"pass","Package":"fairdrop/internal/server","Test":"TestNaturalCompletionWaitsForHTTPFinalization/chunked/success","Elapsed":0}
{"Time":"2026-10-10T00:16:52.22347-04:00","Action":"run","Package":"fairdrop/internal/server","Test":"TestNaturalCompletionWaitsForHTTPFinalization/chunked/write-error"}
{"Time":"2026-10-10T00:16:52.22349-04:00","Action":"output","Package":"fairdrop/internal/server","Test":"TestNaturalCompletionWaitsForHTTPFinalization/chunked/write-error","Output":"=== RUN   TestNaturalCompletionWaitsForHTTPFinalization/chunked/write-error\n","OutputType":"frame"}
{"Time":"2026-10-10T00:16:52.22456-04:00","Action":"output","Package":"fairdrop/internal/server","Test":"TestNaturalCompletionWaitsForHTTPFinalization/chunked/write-error","Output":"--- PASS: TestNaturalCompletionWaitsForHTTPFinalization/chunked/write-error (0.00s)\n","OutputType":"frame"}
{"Time":"2026-10-10T00:16:52.224646-04:00","Action":"pass","Package":"fairdrop/internal/server","Test":"TestNaturalCompletionWaitsForHTTPFinalization/chunked/write-error","Elapsed":0}
{"Time":"2026-10-10T00:16:52.224673-04:00","Action":"run","Package":"fairdrop/internal/server","Test":"TestNaturalCompletionWaitsForHTTPFinalization/chunked/short-write"}
{"Time":"2026-10-10T00:16:52.224693-04:00","Action":"output","Package":"fairdrop/internal/server","Test":"TestNaturalCompletionWaitsForHTTPFinalization/chunked/short-write","Output":"=== RUN   TestNaturalCompletionWaitsForHTTPFinalization/chunked/short-write\n","OutputType":"frame"}
{"Time":"2026-10-10T00:16:52.225472-04:00","Action":"output","Package":"fairdrop/internal/server","Test":"TestNaturalCompletionWaitsForHTTPFinalization/chunked/short-write","Output":"    finalization_test.go:87: failed final write was not reported as transfer_failed\n","OutputType":"error"}
{"Time":"2026-10-10T00:16:52.225527-04:00","Action":"output","Package":"fairdrop/internal/server","Test":"TestNaturalCompletionWaitsForHTTPFinalization/chunked/short-write","Output":"--- FAIL: TestNaturalCompletionWaitsForHTTPFinalization/chunked/short-write (0.00s)\n","OutputType":"frame"}
{"Time":"2026-10-10T00:16:52.225551-04:00","Action":"fail","Package":"fairdrop/internal/server","Test":"TestNaturalCompletionWaitsForHTTPFinalization/chunked/short-write","Elapsed":0}
{"Time":"2026-10-10T00:16:52.226992-04:00","Action":"run","Package":"fairdrop/internal/server","Test":"TestNaturalCompletionWaitsForHTTPFinalization/chunked/cancel"}
{"Time":"2026-10-10T00:16:52.227122-04:00","Action":"output","Package":"fairdrop/internal/server","Test":"TestNaturalCompletionWaitsForHTTPFinalization/chunked/cancel","Output":"=== RUN   TestNaturalCompletionWaitsForHTTPFinalization/chunked/cancel\n","OutputType":"frame"}
{"Time":"2026-10-10T00:16:52.227187-04:00","Action":"output","Package":"fairdrop/internal/server","Test":"TestNaturalCompletionWaitsForHTTPFinalization/chunked/cancel","Output":"--- PASS: TestNaturalCompletionWaitsForHTTPFinalization/chunked/cancel (0.00s)\n","OutputType":"frame"}
{"Time":"2026-10-10T00:16:52.227205-04:00","Action":"pass","Package":"fairdrop/internal/server","Test":"TestNaturalCompletionWaitsForHTTPFinalization/chunked/cancel","Elapsed":0}
{"Time":"2026-10-10T00:16:52.22722-04:00","Action":"run","Package":"fairdrop/internal/server","Test":"TestNaturalCompletionWaitsForHTTPFinalization/chunked/disconnect"}
{"Time":"2026-10-10T00:16:52.227232-04:00","Action":"output","Package":"fairdrop/internal/server","Test":"TestNaturalCompletionWaitsForHTTPFinalization/chunked/disconnect","Output":"=== RUN   TestNaturalCompletionWaitsForHTTPFinalization/chunked/disconnect\n","OutputType":"frame"}
{"Time":"2026-10-10T00:16:52.278066-04:00","Action":"output","Package":"fairdrop/internal/server","Test":"TestNaturalCompletionWaitsForHTTPFinalization/chunked/disconnect","Output":"--- PASS: TestNaturalCompletionWaitsForHTTPFinalization/chunked/disconnect (0.05s)\n","OutputType":"frame"}
{"Time":"2026-10-10T00:16:52.278159-04:00","Action":"pass","Package":"fairdrop/internal/server","Test":"TestNaturalCompletionWaitsForHTTPFinalization/chunked/disconnect","Elapsed":0.05}
{"Time":"2026-10-10T00:16:52.278186-04:00","Action":"output","Package":"fairdrop/internal/server","Test":"TestNaturalCompletionWaitsForHTTPFinalization","Output":"--- FAIL: TestNaturalCompletionWaitsForHTTPFinalization (0.11s)\n","OutputType":"frame"}
{"Time":"2026-10-10T00:16:52.278201-04:00","Action":"fail","Package":"fairdrop/internal/server","Test":"TestNaturalCompletionWaitsForHTTPFinalization","Elapsed":0.11}
{"Time":"2026-10-10T00:16:52.278216-04:00","Action":"output","Package":"fairdrop/internal/server","Output":"FAIL\n","OutputType":"frame"}
{"Time":"2026-10-10T00:16:52.280292-04:00","Action":"output","Package":"fairdrop/internal/server","Output":"FAIL\tfairdrop/internal/server\t0.459s\n","OutputType":"frame"}
{"Time":"2026-10-10T00:16:52.28071-04:00","Action":"fail","Package":"fairdrop/internal/server","Elapsed":0.46}
KILLED: ignore final short write by TestNaturalCompletionWaitsForHTTPFinalization (expected injected assertion failure, not a product failure)
EXPECTED INJECTED FAILURE: publish preparation failure before 410 finalization; requires 'unexpected failed event' in a failing test/subtest of TestPreparationFailureFinalizes410BeforeTerminalTeardown
{"Time":"2026-10-10T00:16:52.921494-04:00","Action":"start","Package":"fairdrop/internal/server"}
{"Time":"2026-10-10T00:16:53.274358-04:00","Action":"run","Package":"fairdrop/internal/server","Test":"TestPreparationFailureFinalizes410BeforeTerminalTeardown"}
{"Time":"2026-10-10T00:16:53.274635-04:00","Action":"output","Package":"fairdrop/internal/server","Test":"TestPreparationFailureFinalizes410BeforeTerminalTeardown","Output":"=== RUN   TestPreparationFailureFinalizes410BeforeTerminalTeardown\n","OutputType":"frame"}
{"Time":"2026-10-10T00:16:53.276923-04:00","Action":"output","Package":"fairdrop/internal/server","Test":"TestPreparationFailureFinalizes410BeforeTerminalTeardown","Output":"    finalization_test.go:122: unexpected failed event\n","OutputType":"error"}
{"Time":"2026-10-10T00:16:53.277144-04:00","Action":"output","Package":"fairdrop/internal/server","Test":"TestPreparationFailureFinalizes410BeforeTerminalTeardown","Output":"--- FAIL: TestPreparationFailureFinalizes410BeforeTerminalTeardown (0.00s)\n","OutputType":"frame"}
{"Time":"2026-10-10T00:16:53.277173-04:00","Action":"fail","Package":"fairdrop/internal/server","Test":"TestPreparationFailureFinalizes410BeforeTerminalTeardown","Elapsed":0}
{"Time":"2026-10-10T00:16:53.2772-04:00","Action":"output","Package":"fairdrop/internal/server","Output":"FAIL\n","OutputType":"frame"}
{"Time":"2026-10-10T00:16:53.277952-04:00","Action":"output","Package":"fairdrop/internal/server","Output":"FAIL\tfairdrop/internal/server\t0.356s\n","OutputType":"frame"}
{"Time":"2026-10-10T00:16:53.277976-04:00","Action":"fail","Package":"fairdrop/internal/server","Elapsed":0.356}
KILLED: publish preparation failure before 410 finalization by TestPreparationFailureFinalizes410BeforeTerminalTeardown (expected injected assertion failure, not a product failure)
EXPECTED INJECTED FAILURE: resolve the selected leaf; requires 'entry resolution changed traversal refusal' in a failing test/subtest of TestStageTransferRefusesSelectedSymlinkAndPreservesTraversalRefusals
{"Time":"2026-10-10T00:16:55.480694-04:00","Action":"start","Package":"fairdrop"}
{"Time":"2026-10-10T00:16:55.841851-04:00","Action":"run","Package":"fairdrop","Test":"TestStageTransferRefusesSelectedSymlinkAndPreservesTraversalRefusals"}
{"Time":"2026-10-10T00:16:55.841919-04:00","Action":"output","Package":"fairdrop","Test":"TestStageTransferRefusesSelectedSymlinkAndPreservesTraversalRefusals","Output":"=== RUN   TestStageTransferRefusesSelectedSymlinkAndPreservesTraversalRefusals\n","OutputType":"frame"}
{"Time":"2026-10-10T00:16:55.842671-04:00","Action":"run","Package":"fairdrop","Test":"TestStageTransferRefusesSelectedSymlinkAndPreservesTraversalRefusals/directory-link"}
{"Time":"2026-10-10T00:16:55.842688-04:00","Action":"output","Package":"fairdrop","Test":"TestStageTransferRefusesSelectedSymlinkAndPreservesTraversalRefusals/directory-link","Output":"=== RUN   TestStageTransferRefusesSelectedSymlinkAndPreservesTraversalRefusals/directory-link\n","OutputType":"frame"}
{"Time":"2026-10-10T00:16:55.850096-04:00","Action":"output","Package":"fairdrop","Test":"TestStageTransferRefusesSelectedSymlinkAndPreservesTraversalRefusals/directory-link","Output":"    native_matrix_test.go:570: entry resolution changed traversal refusal: code= want=path_unsupported\n","OutputType":"error"}
{"Time":"2026-10-10T00:16:55.850234-04:00","Action":"output","Package":"fairdrop","Test":"TestStageTransferRefusesSelectedSymlinkAndPreservesTraversalRefusals/directory-link","Output":"--- FAIL: TestStageTransferRefusesSelectedSymlinkAndPreservesTraversalRefusals/directory-link (0.01s)\n","OutputType":"frame"}
{"Time":"2026-10-10T00:16:55.850248-04:00","Action":"fail","Package":"fairdrop","Test":"TestStageTransferRefusesSelectedSymlinkAndPreservesTraversalRefusals/directory-link","Elapsed":0.01}
{"Time":"2026-10-10T00:16:55.850261-04:00","Action":"run","Package":"fairdrop","Test":"TestStageTransferRefusesSelectedSymlinkAndPreservesTraversalRefusals/file-link"}
{"Time":"2026-10-10T00:16:55.850265-04:00","Action":"output","Package":"fairdrop","Test":"TestStageTransferRefusesSelectedSymlinkAndPreservesTraversalRefusals/file-link","Output":"=== RUN   TestStageTransferRefusesSelectedSymlinkAndPreservesTraversalRefusals/file-link\n","OutputType":"frame"}
{"Time":"2026-10-10T00:16:55.857097-04:00","Action":"output","Package":"fairdrop","Test":"TestStageTransferRefusesSelectedSymlinkAndPreservesTraversalRefusals/file-link","Output":"    native_matrix_test.go:570: entry resolution changed traversal refusal: code= want=path_unsupported\n","OutputType":"error"}
{"Time":"2026-10-10T00:16:55.857159-04:00","Action":"output","Package":"fairdrop","Test":"TestStageTransferRefusesSelectedSymlinkAndPreservesTraversalRefusals/file-link","Output":"--- FAIL: TestStageTransferRefusesSelectedSymlinkAndPreservesTraversalRefusals/file-link (0.01s)\n","OutputType":"frame"}
{"Time":"2026-10-10T00:16:55.857174-04:00","Action":"fail","Package":"fairdrop","Test":"TestStageTransferRefusesSelectedSymlinkAndPreservesTraversalRefusals/file-link","Elapsed":0.01}
{"Time":"2026-10-10T00:16:55.857201-04:00","Action":"run","Package":"fairdrop","Test":"TestStageTransferRefusesSelectedSymlinkAndPreservesTraversalRefusals/trailing-link"}
{"Time":"2026-10-10T00:16:55.857208-04:00","Action":"output","Package":"fairdrop","Test":"TestStageTransferRefusesSelectedSymlinkAndPreservesTraversalRefusals/trailing-link","Output":"=== RUN   TestStageTransferRefusesSelectedSymlinkAndPreservesTraversalRefusals/trailing-link\n","OutputType":"frame"}
{"Time":"2026-10-10T00:16:55.864245-04:00","Action":"output","Package":"fairdrop","Test":"TestStageTransferRefusesSelectedSymlinkAndPreservesTraversalRefusals/trailing-link","Output":"    native_matrix_test.go:570: entry resolution changed traversal refusal: code= want=path_unsupported\n","OutputType":"error"}
{"Time":"2026-10-10T00:16:55.864296-04:00","Action":"output","Package":"fairdrop","Test":"TestStageTransferRefusesSelectedSymlinkAndPreservesTraversalRefusals/trailing-link","Output":"--- FAIL: TestStageTransferRefusesSelectedSymlinkAndPreservesTraversalRefusals/trailing-link (0.01s)\n","OutputType":"frame"}
{"Time":"2026-10-10T00:16:55.864339-04:00","Action":"fail","Package":"fairdrop","Test":"TestStageTransferRefusesSelectedSymlinkAndPreservesTraversalRefusals/trailing-link","Elapsed":0.01}
{"Time":"2026-10-10T00:16:55.864345-04:00","Action":"run","Package":"fairdrop","Test":"TestStageTransferRefusesSelectedSymlinkAndPreservesTraversalRefusals/link-dot"}
{"Time":"2026-10-10T00:16:55.86435-04:00","Action":"output","Package":"fairdrop","Test":"TestStageTransferRefusesSelectedSymlinkAndPreservesTraversalRefusals/link-dot","Output":"=== RUN   TestStageTransferRefusesSelectedSymlinkAndPreservesTraversalRefusals/link-dot\n","OutputType":"frame"}
{"Time":"2026-10-10T00:16:55.864398-04:00","Action":"output","Package":"fairdrop","Test":"TestStageTransferRefusesSelectedSymlinkAndPreservesTraversalRefusals/link-dot","Output":"--- PASS: TestStageTransferRefusesSelectedSymlinkAndPreservesTraversalRefusals/link-dot (0.00s)\n","OutputType":"frame"}
{"Time":"2026-10-10T00:16:55.864406-04:00","Action":"pass","Package":"fairdrop","Test":"TestStageTransferRefusesSelectedSymlinkAndPreservesTraversalRefusals/link-dot","Elapsed":0}
{"Time":"2026-10-10T00:16:55.864412-04:00","Action":"run","Package":"fairdrop","Test":"TestStageTransferRefusesSelectedSymlinkAndPreservesTraversalRefusals/link-parent"}
{"Time":"2026-10-10T00:16:55.864416-04:00","Action":"output","Package":"fairdrop","Test":"TestStageTransferRefusesSelectedSymlinkAndPreservesTraversalRefusals/link-parent","Output":"=== RUN   TestStageTransferRefusesSelectedSymlinkAndPreservesTraversalRefusals/link-parent\n","OutputType":"frame"}
{"Time":"2026-10-10T00:16:55.864486-04:00","Action":"output","Package":"fairdrop","Test":"TestStageTransferRefusesSelectedSymlinkAndPreservesTraversalRefusals/link-parent","Output":"--- PASS: TestStageTransferRefusesSelectedSymlinkAndPreservesTraversalRefusals/link-parent (0.00s)\n","OutputType":"frame"}
{"Time":"2026-10-10T00:16:55.864493-04:00","Action":"pass","Package":"fairdrop","Test":"TestStageTransferRefusesSelectedSymlinkAndPreservesTraversalRefusals/link-parent","Elapsed":0}
{"Time":"2026-10-10T00:16:55.864497-04:00","Action":"run","Package":"fairdrop","Test":"TestStageTransferRefusesSelectedSymlinkAndPreservesTraversalRefusals/trailing-file"}
{"Time":"2026-10-10T00:16:55.864501-04:00","Action":"output","Package":"fairdrop","Test":"TestStageTransferRefusesSelectedSymlinkAndPreservesTraversalRefusals/trailing-file","Output":"=== RUN   TestStageTransferRefusesSelectedSymlinkAndPreservesTraversalRefusals/trailing-file\n","OutputType":"frame"}
{"Time":"2026-10-10T00:16:55.864615-04:00","Action":"output","Package":"fairdrop","Test":"TestStageTransferRefusesSelectedSymlinkAndPreservesTraversalRefusals/trailing-file","Output":"--- PASS: TestStageTransferRefusesSelectedSymlinkAndPreservesTraversalRefusals/trailing-file (0.00s)\n","OutputType":"frame"}
{"Time":"2026-10-10T00:16:55.864631-04:00","Action":"pass","Package":"fairdrop","Test":"TestStageTransferRefusesSelectedSymlinkAndPreservesTraversalRefusals/trailing-file","Elapsed":0}
{"Time":"2026-10-10T00:16:55.864636-04:00","Action":"run","Package":"fairdrop","Test":"TestStageTransferRefusesSelectedSymlinkAndPreservesTraversalRefusals/file-parent"}
{"Time":"2026-10-10T00:16:55.864639-04:00","Action":"output","Package":"fairdrop","Test":"TestStageTransferRefusesSelectedSymlinkAndPreservesTraversalRefusals/file-parent","Output":"=== RUN   TestStageTransferRefusesSelectedSymlinkAndPreservesTraversalRefusals/file-parent\n","OutputType":"frame"}
{"Time":"2026-10-10T00:16:55.86472-04:00","Action":"output","Package":"fairdrop","Test":"TestStageTransferRefusesSelectedSymlinkAndPreservesTraversalRefusals/file-parent","Output":"--- PASS: TestStageTransferRefusesSelectedSymlinkAndPreservesTraversalRefusals/file-parent (0.00s)\n","OutputType":"frame"}
{"Time":"2026-10-10T00:16:55.864727-04:00","Action":"pass","Package":"fairdrop","Test":"TestStageTransferRefusesSelectedSymlinkAndPreservesTraversalRefusals/file-parent","Elapsed":0}
{"Time":"2026-10-10T00:16:55.865212-04:00","Action":"output","Package":"fairdrop","Test":"TestStageTransferRefusesSelectedSymlinkAndPreservesTraversalRefusals","Output":"--- FAIL: TestStageTransferRefusesSelectedSymlinkAndPreservesTraversalRefusals (0.02s)\n","OutputType":"frame"}
{"Time":"2026-10-10T00:16:55.865229-04:00","Action":"fail","Package":"fairdrop","Test":"TestStageTransferRefusesSelectedSymlinkAndPreservesTraversalRefusals","Elapsed":0.02}
{"Time":"2026-10-10T00:16:55.865234-04:00","Action":"output","Package":"fairdrop","Output":"FAIL\n","OutputType":"frame"}
{"Time":"2026-10-10T00:16:55.866105-04:00","Action":"output","Package":"fairdrop","Output":"FAIL\tfairdrop\t0.385s\n","OutputType":"frame"}
{"Time":"2026-10-10T00:16:55.866131-04:00","Action":"fail","Package":"fairdrop","Elapsed":0.385}
KILLED: resolve the selected leaf by TestStageTransferRefusesSelectedSymlinkAndPreservesTraversalRefusals (expected injected assertion failure, not a product failure)
EXPECTED INJECTED FAILURE: remove Linux adapter job; requires 'Linux adapter verification job is missing' in a failing test/subtest of TestVerifyWorkflowLinuxJobIsAdapterVerificationOnly
{"Time":"2026-10-10T00:16:56.589525-04:00","Action":"start","Package":"fairdrop"}
{"Time":"2026-10-10T00:16:56.917571-04:00","Action":"run","Package":"fairdrop","Test":"TestVerifyWorkflowLinuxJobIsAdapterVerificationOnly"}
{"Time":"2026-10-10T00:16:56.917713-04:00","Action":"output","Package":"fairdrop","Test":"TestVerifyWorkflowLinuxJobIsAdapterVerificationOnly","Output":"=== RUN   TestVerifyWorkflowLinuxJobIsAdapterVerificationOnly\n","OutputType":"frame"}
{"Time":"2026-10-10T00:16:56.917895-04:00","Action":"output","Package":"fairdrop","Test":"TestVerifyWorkflowLinuxJobIsAdapterVerificationOnly","Output":"    verify_workflow_test.go:118: Linux adapter verification job is missing\n","OutputType":"error"}
{"Time":"2026-10-10T00:16:56.918052-04:00","Action":"output","Package":"fairdrop","Test":"TestVerifyWorkflowLinuxJobIsAdapterVerificationOnly","Output":"--- FAIL: TestVerifyWorkflowLinuxJobIsAdapterVerificationOnly (0.00s)\n","OutputType":"frame"}
{"Time":"2026-10-10T00:16:56.918086-04:00","Action":"fail","Package":"fairdrop","Test":"TestVerifyWorkflowLinuxJobIsAdapterVerificationOnly","Elapsed":0}
{"Time":"2026-10-10T00:16:56.918117-04:00","Action":"output","Package":"fairdrop","Output":"FAIL\n","OutputType":"frame"}
{"Time":"2026-10-10T00:16:56.919363-04:00","Action":"output","Package":"fairdrop","Output":"FAIL\tfairdrop\t0.330s\n","OutputType":"frame"}
{"Time":"2026-10-10T00:16:56.91941-04:00","Action":"fail","Package":"fairdrop","Elapsed":0.33}
KILLED: remove Linux adapter job by TestVerifyWorkflowLinuxJobIsAdapterVerificationOnly (expected injected assertion failure, not a product failure)
EXPECTED INJECTED FAILURE: remove native lock smoke; requires 'native proof gates missing or misplaced: [Native macOS unusable-lock launch smoke]' in a failing test/subtest of TestVerifyWorkflowPinsNativeProofGatesToTheirJobsAndPlatforms
{"Time":"2026-10-10T00:16:57.653937-04:00","Action":"start","Package":"fairdrop"}
{"Time":"2026-10-10T00:16:57.97508-04:00","Action":"run","Package":"fairdrop","Test":"TestVerifyWorkflowPinsNativeProofGatesToTheirJobsAndPlatforms"}
{"Time":"2026-10-10T00:16:57.975261-04:00","Action":"output","Package":"fairdrop","Test":"TestVerifyWorkflowPinsNativeProofGatesToTheirJobsAndPlatforms","Output":"=== RUN   TestVerifyWorkflowPinsNativeProofGatesToTheirJobsAndPlatforms\n","OutputType":"frame"}
{"Time":"2026-10-10T00:16:57.976173-04:00","Action":"output","Package":"fairdrop","Test":"TestVerifyWorkflowPinsNativeProofGatesToTheirJobsAndPlatforms","Output":"    verify_workflow_test.go:278: native proof gates missing or misplaced: [Native macOS unusable-lock launch smoke]\n","OutputType":"error"}
{"Time":"2026-10-10T00:16:57.976366-04:00","Action":"output","Package":"fairdrop","Test":"TestVerifyWorkflowPinsNativeProofGatesToTheirJobsAndPlatforms","Output":"--- FAIL: TestVerifyWorkflowPinsNativeProofGatesToTheirJobsAndPlatforms (0.00s)\n","OutputType":"frame"}
{"Time":"2026-10-10T00:16:57.976396-04:00","Action":"fail","Package":"fairdrop","Test":"TestVerifyWorkflowPinsNativeProofGatesToTheirJobsAndPlatforms","Elapsed":0}
{"Time":"2026-10-10T00:16:57.976443-04:00","Action":"output","Package":"fairdrop","Output":"FAIL\n","OutputType":"frame"}
{"Time":"2026-10-10T00:16:57.977972-04:00","Action":"output","Package":"fairdrop","Output":"FAIL\tfairdrop\t0.324s\n","OutputType":"frame"}
{"Time":"2026-10-10T00:16:57.978012-04:00","Action":"fail","Package":"fairdrop","Elapsed":0.324}
KILLED: remove native lock smoke by TestVerifyWorkflowPinsNativeProofGatesToTheirJobsAndPlatforms (expected injected assertion failure, not a product failure)
EXPECTED INJECTED FAILURE: remove mutation gates; requires 'native proof gates missing or misplaced: [Prove native acceptance tests detect broken guards' in a failing test/subtest of TestVerifyWorkflowPinsNativeProofGatesToTheirJobsAndPlatforms
{"Time":"2026-10-10T00:16:58.696069-04:00","Action":"start","Package":"fairdrop"}
{"Time":"2026-10-10T00:16:59.030837-04:00","Action":"run","Package":"fairdrop","Test":"TestVerifyWorkflowPinsNativeProofGatesToTheirJobsAndPlatforms"}
{"Time":"2026-10-10T00:16:59.031112-04:00","Action":"output","Package":"fairdrop","Test":"TestVerifyWorkflowPinsNativeProofGatesToTheirJobsAndPlatforms","Output":"=== RUN   TestVerifyWorkflowPinsNativeProofGatesToTheirJobsAndPlatforms\n","OutputType":"frame"}
{"Time":"2026-10-10T00:16:59.031985-04:00","Action":"output","Package":"fairdrop","Test":"TestVerifyWorkflowPinsNativeProofGatesToTheirJobsAndPlatforms","Output":"    verify_workflow_test.go:278: native proof gates missing or misplaced: [Prove native acceptance tests detect broken guards Prove native acceptance tests detect broken guards]\n","OutputType":"error"}
{"Time":"2026-10-10T00:16:59.03213-04:00","Action":"output","Package":"fairdrop","Test":"TestVerifyWorkflowPinsNativeProofGatesToTheirJobsAndPlatforms","Output":"--- FAIL: TestVerifyWorkflowPinsNativeProofGatesToTheirJobsAndPlatforms (0.00s)\n","OutputType":"frame"}
{"Time":"2026-10-10T00:16:59.032149-04:00","Action":"fail","Package":"fairdrop","Test":"TestVerifyWorkflowPinsNativeProofGatesToTheirJobsAndPlatforms","Elapsed":0}
{"Time":"2026-10-10T00:16:59.032183-04:00","Action":"output","Package":"fairdrop","Output":"FAIL\n","OutputType":"frame"}
{"Time":"2026-10-10T00:16:59.033647-04:00","Action":"output","Package":"fairdrop","Output":"FAIL\tfairdrop\t0.337s\n","OutputType":"frame"}
{"Time":"2026-10-10T00:16:59.033684-04:00","Action":"fail","Package":"fairdrop","Elapsed":0.338}
KILLED: remove mutation gates by TestVerifyWorkflowPinsNativeProofGatesToTheirJobsAndPlatforms (expected injected assertion failure, not a product failure)
EXPECTED INJECTED FAILURE: hide TCP half-close; requires 'finalizing connection hid TCP CloseWrite' in a failing test/subtest of TestHTTPRejectionsPreserveTCPHalfClose
{"Time":"2026-10-10T00:16:59.656607-04:00","Action":"start","Package":"fairdrop/internal/server"}
{"Time":"2026-10-10T00:16:59.934782-04:00","Action":"run","Package":"fairdrop/internal/server","Test":"TestHTTPRejectionsPreserveTCPHalfClose"}
{"Time":"2026-10-10T00:16:59.934876-04:00","Action":"output","Package":"fairdrop/internal/server","Test":"TestHTTPRejectionsPreserveTCPHalfClose","Output":"=== RUN   TestHTTPRejectionsPreserveTCPHalfClose\n","OutputType":"frame"}
{"Time":"2026-10-10T00:16:59.934926-04:00","Action":"run","Package":"fairdrop/internal/server","Test":"TestHTTPRejectionsPreserveTCPHalfClose/unread-body"}
{"Time":"2026-10-10T00:16:59.934945-04:00","Action":"output","Package":"fairdrop/internal/server","Test":"TestHTTPRejectionsPreserveTCPHalfClose/unread-body","Output":"=== RUN   TestHTTPRejectionsPreserveTCPHalfClose/unread-body\n","OutputType":"frame"}
{"Time":"2026-10-10T00:17:00.936816-04:00","Action":"output","Package":"fairdrop/internal/server","Test":"TestHTTPRejectionsPreserveTCPHalfClose/unread-body","Output":"    finalization_test.go:386: finalizing connection hid TCP CloseWrite\n","OutputType":"error"}
{"Time":"2026-10-10T00:17:00.937449-04:00","Action":"output","Package":"fairdrop/internal/server","Test":"TestHTTPRejectionsPreserveTCPHalfClose/unread-body","Output":"--- FAIL: TestHTTPRejectionsPreserveTCPHalfClose/unread-body (1.00s)\n","OutputType":"frame"}
{"Time":"2026-10-10T00:17:00.937528-04:00","Action":"fail","Package":"fairdrop/internal/server","Test":"TestHTTPRejectionsPreserveTCPHalfClose/unread-body","Elapsed":1}
{"Time":"2026-10-10T00:17:00.937613-04:00","Action":"run","Package":"fairdrop/internal/server","Test":"TestHTTPRejectionsPreserveTCPHalfClose/oversized-header"}
{"Time":"2026-10-10T00:17:00.937664-04:00","Action":"output","Package":"fairdrop/internal/server","Test":"TestHTTPRejectionsPreserveTCPHalfClose/oversized-header","Output":"=== RUN   TestHTTPRejectionsPreserveTCPHalfClose/oversized-header\n","OutputType":"frame"}
{"Time":"2026-10-10T00:17:01.439952-04:00","Action":"output","Package":"fairdrop/internal/server","Test":"TestHTTPRejectionsPreserveTCPHalfClose/oversized-header","Output":"    finalization_test.go:381: HTTP rejection truncated with an unread request\n","OutputType":"error"}
{"Time":"2026-10-10T00:17:01.440158-04:00","Action":"output","Package":"fairdrop/internal/server","Test":"TestHTTPRejectionsPreserveTCPHalfClose/oversized-header","Output":"--- FAIL: TestHTTPRejectionsPreserveTCPHalfClose/oversized-header (0.50s)\n","OutputType":"frame"}
{"Time":"2026-10-10T00:17:01.440197-04:00","Action":"fail","Package":"fairdrop/internal/server","Test":"TestHTTPRejectionsPreserveTCPHalfClose/oversized-header","Elapsed":0.5}
{"Time":"2026-10-10T00:17:01.440237-04:00","Action":"output","Package":"fairdrop/internal/server","Test":"TestHTTPRejectionsPreserveTCPHalfClose","Output":"--- FAIL: TestHTTPRejectionsPreserveTCPHalfClose (1.51s)\n","OutputType":"frame"}
{"Time":"2026-10-10T00:17:01.44026-04:00","Action":"fail","Package":"fairdrop/internal/server","Test":"TestHTTPRejectionsPreserveTCPHalfClose","Elapsed":1.51}
{"Time":"2026-10-10T00:17:01.440307-04:00","Action":"output","Package":"fairdrop/internal/server","Output":"FAIL\n","OutputType":"frame"}
{"Time":"2026-10-10T00:17:01.442473-04:00","Action":"output","Package":"fairdrop/internal/server","Output":"FAIL\tfairdrop/internal/server\t1.786s\n","OutputType":"frame"}
{"Time":"2026-10-10T00:17:01.442575-04:00","Action":"fail","Package":"fairdrop/internal/server","Elapsed":1.786}
KILLED: hide TCP half-close by TestHTTPRejectionsPreserveTCPHalfClose (expected injected assertion failure, not a product failure)
EXPECTED INJECTED FAILURE: admit multiple unresolved calls; requires 'retry admitted additional unresolved filesystem work' in a failing test/subtest of TestSelectionResolutionHonoursAdmissionAndCancellation
{"Time":"2026-10-10T00:17:03.636644-04:00","Action":"start","Package":"fairdrop"}
{"Time":"2026-10-10T00:17:03.930222-04:00","Action":"run","Package":"fairdrop","Test":"TestSelectionResolutionHonoursAdmissionAndCancellation"}
{"Time":"2026-10-10T00:17:03.930303-04:00","Action":"output","Package":"fairdrop","Test":"TestSelectionResolutionHonoursAdmissionAndCancellation","Output":"=== RUN   TestSelectionResolutionHonoursAdmissionAndCancellation\n","OutputType":"frame"}
{"Time":"2026-10-10T00:17:03.930349-04:00","Action":"run","Package":"fairdrop","Test":"TestSelectionResolutionHonoursAdmissionAndCancellation/caller"}
{"Time":"2026-10-10T00:17:03.93036-04:00","Action":"output","Package":"fairdrop","Test":"TestSelectionResolutionHonoursAdmissionAndCancellation/caller","Output":"=== RUN   TestSelectionResolutionHonoursAdmissionAndCancellation/caller\n","OutputType":"frame"}
{"Time":"2026-10-10T00:17:04.932584-04:00","Action":"output","Package":"fairdrop","Test":"TestSelectionResolutionHonoursAdmissionAndCancellation/caller","Output":"    selection_source_test.go:112: retry admitted additional unresolved filesystem work\n","OutputType":"error"}
{"Time":"2026-10-10T00:17:04.93314-04:00","Action":"output","Package":"fairdrop","Test":"TestSelectionResolutionHonoursAdmissionAndCancellation/caller","Output":"--- FAIL: TestSelectionResolutionHonoursAdmissionAndCancellation/caller (1.00s)\n","OutputType":"frame"}
{"Time":"2026-10-10T00:17:04.933204-04:00","Action":"fail","Package":"fairdrop","Test":"TestSelectionResolutionHonoursAdmissionAndCancellation/caller","Elapsed":1}
{"Time":"2026-10-10T00:17:04.933365-04:00","Action":"run","Package":"fairdrop","Test":"TestSelectionResolutionHonoursAdmissionAndCancellation/cancel"}
{"Time":"2026-10-10T00:17:04.93342-04:00","Action":"output","Package":"fairdrop","Test":"TestSelectionResolutionHonoursAdmissionAndCancellation/cancel","Output":"=== RUN   TestSelectionResolutionHonoursAdmissionAndCancellation/cancel\n","OutputType":"frame"}
{"Time":"2026-10-10T00:17:05.935309-04:00","Action":"output","Package":"fairdrop","Test":"TestSelectionResolutionHonoursAdmissionAndCancellation/cancel","Output":"    selection_source_test.go:112: retry admitted additional unresolved filesystem work\n","OutputType":"error"}
{"Time":"2026-10-10T00:17:05.93565-04:00","Action":"output","Package":"fairdrop","Test":"TestSelectionResolutionHonoursAdmissionAndCancellation/cancel","Output":"--- FAIL: TestSelectionResolutionHonoursAdmissionAndCancellation/cancel (1.00s)\n","OutputType":"frame"}
{"Time":"2026-10-10T00:17:05.935741-04:00","Action":"fail","Package":"fairdrop","Test":"TestSelectionResolutionHonoursAdmissionAndCancellation/cancel","Elapsed":1}
{"Time":"2026-10-10T00:17:05.935867-04:00","Action":"run","Package":"fairdrop","Test":"TestSelectionResolutionHonoursAdmissionAndCancellation/shutdown"}
{"Time":"2026-10-10T00:17:05.935905-04:00","Action":"output","Package":"fairdrop","Test":"TestSelectionResolutionHonoursAdmissionAndCancellation/shutdown","Output":"=== RUN   TestSelectionResolutionHonoursAdmissionAndCancellation/shutdown\n","OutputType":"frame"}
{"Time":"2026-10-10T00:17:05.936133-04:00","Action":"output","Package":"fairdrop","Test":"TestSelectionResolutionHonoursAdmissionAndCancellation/shutdown","Output":"--- PASS: TestSelectionResolutionHonoursAdmissionAndCancellation/shutdown (0.00s)\n","OutputType":"frame"}
{"Time":"2026-10-10T00:17:05.936195-04:00","Action":"pass","Package":"fairdrop","Test":"TestSelectionResolutionHonoursAdmissionAndCancellation/shutdown","Elapsed":0}
{"Time":"2026-10-10T00:17:05.936243-04:00","Action":"output","Package":"fairdrop","Test":"TestSelectionResolutionHonoursAdmissionAndCancellation","Output":"--- FAIL: TestSelectionResolutionHonoursAdmissionAndCancellation (2.01s)\n","OutputType":"frame"}
{"Time":"2026-10-10T00:17:05.93628-04:00","Action":"fail","Package":"fairdrop","Test":"TestSelectionResolutionHonoursAdmissionAndCancellation","Elapsed":2.01}
{"Time":"2026-10-10T00:17:05.936309-04:00","Action":"output","Package":"fairdrop","Output":"FAIL\n","OutputType":"frame"}
{"Time":"2026-10-10T00:17:05.94047-04:00","Action":"output","Package":"fairdrop","Output":"FAIL\tfairdrop\t2.304s\n","OutputType":"frame"}
{"Time":"2026-10-10T00:17:05.940952-04:00","Action":"fail","Package":"fairdrop","Elapsed":2.304}
KILLED: admit multiple unresolved calls by TestSelectionResolutionHonoursAdmissionAndCancellation (expected injected assertion failure, not a product failure)
EXPECTED INJECTED FAILURE: ignore cancellation at result delivery; requires 'cancelled canonical result was accepted' in a failing test/subtest of TestSelectionResolutionCancellationImmediatelyBeforeResult
{"Time":"2026-10-10T00:17:08.173589-04:00","Action":"start","Package":"fairdrop"}
{"Time":"2026-10-10T00:17:08.473471-04:00","Action":"run","Package":"fairdrop","Test":"TestSelectionResolutionCancellationImmediatelyBeforeResult"}
{"Time":"2026-10-10T00:17:08.47373-04:00","Action":"output","Package":"fairdrop","Test":"TestSelectionResolutionCancellationImmediatelyBeforeResult","Output":"=== RUN   TestSelectionResolutionCancellationImmediatelyBeforeResult\n","OutputType":"frame"}
{"Time":"2026-10-10T00:17:08.474093-04:00","Action":"output","Package":"fairdrop","Test":"TestSelectionResolutionCancellationImmediatelyBeforeResult","Output":"    selection_source_test.go:380: cancelled canonical result was accepted\n","OutputType":"error"}
{"Time":"2026-10-10T00:17:08.474291-04:00","Action":"output","Package":"fairdrop","Test":"TestSelectionResolutionCancellationImmediatelyBeforeResult","Output":"--- FAIL: TestSelectionResolutionCancellationImmediatelyBeforeResult (0.00s)\n","OutputType":"frame"}
{"Time":"2026-10-10T00:17:08.474313-04:00","Action":"fail","Package":"fairdrop","Test":"TestSelectionResolutionCancellationImmediatelyBeforeResult","Elapsed":0}
{"Time":"2026-10-10T00:17:08.474336-04:00","Action":"output","Package":"fairdrop","Output":"FAIL\n","OutputType":"frame"}
{"Time":"2026-10-10T00:17:08.475728-04:00","Action":"output","Package":"fairdrop","Output":"FAIL\tfairdrop\t0.302s\n","OutputType":"frame"}
{"Time":"2026-10-10T00:17:08.475794-04:00","Action":"fail","Package":"fairdrop","Elapsed":0.302}
KILLED: ignore cancellation at result delivery by TestSelectionResolutionCancellationImmediatelyBeforeResult (expected injected assertion failure, not a product failure)
EXPECTED INJECTED FAILURE: bypass result acceptance gate; requires 'production result arm bypasses cancellation acceptance gate' in a failing test/subtest of TestSelectionResolutionCancellationImmediatelyBeforeResult
{"Time":"2026-10-10T00:17:10.682997-04:00","Action":"start","Package":"fairdrop"}
{"Time":"2026-10-10T00:17:10.995849-04:00","Action":"run","Package":"fairdrop","Test":"TestSelectionResolutionCancellationImmediatelyBeforeResult"}
{"Time":"2026-10-10T00:17:10.996001-04:00","Action":"output","Package":"fairdrop","Test":"TestSelectionResolutionCancellationImmediatelyBeforeResult","Output":"=== RUN   TestSelectionResolutionCancellationImmediatelyBeforeResult\n","OutputType":"frame"}
{"Time":"2026-10-10T00:17:10.996456-04:00","Action":"output","Package":"fairdrop","Test":"TestSelectionResolutionCancellationImmediatelyBeforeResult","Output":"    selection_source_test.go:387: production result arm bypasses cancellation acceptance gate\n","OutputType":"error"}
{"Time":"2026-10-10T00:17:10.9967-04:00","Action":"output","Package":"fairdrop","Test":"TestSelectionResolutionCancellationImmediatelyBeforeResult","Output":"--- FAIL: TestSelectionResolutionCancellationImmediatelyBeforeResult (0.00s)\n","OutputType":"frame"}
{"Time":"2026-10-10T00:17:10.996732-04:00","Action":"fail","Package":"fairdrop","Test":"TestSelectionResolutionCancellationImmediatelyBeforeResult","Elapsed":0}
{"Time":"2026-10-10T00:17:10.996766-04:00","Action":"output","Package":"fairdrop","Output":"FAIL\n","OutputType":"frame"}
{"Time":"2026-10-10T00:17:10.997994-04:00","Action":"output","Package":"fairdrop","Output":"FAIL\tfairdrop\t0.315s\n","OutputType":"frame"}
{"Time":"2026-10-10T00:17:10.998036-04:00","Action":"fail","Package":"fairdrop","Elapsed":0.315}
KILLED: bypass result acceptance gate by TestSelectionResolutionCancellationImmediatelyBeforeResult (expected injected assertion failure, not a product failure)
EXPECTED INJECTED FAILURE: canonicalize away root escape; requires 'root escape must remain path_unsupported' in a failing test/subtest of TestNativeRootEscapeRemainsPathUnsupported
{"Time":"2026-10-10T00:17:13.154199-04:00","Action":"start","Package":"fairdrop"}
{"Time":"2026-10-10T00:17:13.454332-04:00","Action":"run","Package":"fairdrop","Test":"TestNativeRootEscapeRemainsPathUnsupported"}
{"Time":"2026-10-10T00:17:13.454454-04:00","Action":"output","Package":"fairdrop","Test":"TestNativeRootEscapeRemainsPathUnsupported","Output":"=== RUN   TestNativeRootEscapeRemainsPathUnsupported\n","OutputType":"frame"}
{"Time":"2026-10-10T00:17:13.45535-04:00","Action":"run","Package":"fairdrop","Test":"TestNativeRootEscapeRemainsPathUnsupported/0"}
{"Time":"2026-10-10T00:17:13.455377-04:00","Action":"output","Package":"fairdrop","Test":"TestNativeRootEscapeRemainsPathUnsupported/0","Output":"=== RUN   TestNativeRootEscapeRemainsPathUnsupported/0\n","OutputType":"frame"}
{"Time":"2026-10-10T00:17:13.464136-04:00","Action":"output","Package":"fairdrop","Test":"TestNativeRootEscapeRemainsPathUnsupported/0","Output":"    native_matrix_test.go:598: root escape must remain path_unsupported: code=\n","OutputType":"error"}
{"Time":"2026-10-10T00:17:13.464314-04:00","Action":"output","Package":"fairdrop","Test":"TestNativeRootEscapeRemainsPathUnsupported/0","Output":"--- FAIL: TestNativeRootEscapeRemainsPathUnsupported/0 (0.01s)\n","OutputType":"frame"}
{"Time":"2026-10-10T00:17:13.464328-04:00","Action":"fail","Package":"fairdrop","Test":"TestNativeRootEscapeRemainsPathUnsupported/0","Elapsed":0.01}
{"Time":"2026-10-10T00:17:13.464658-04:00","Action":"output","Package":"fairdrop","Test":"TestNativeRootEscapeRemainsPathUnsupported","Output":"--- FAIL: TestNativeRootEscapeRemainsPathUnsupported (0.01s)\n","OutputType":"frame"}
{"Time":"2026-10-10T00:17:13.464667-04:00","Action":"fail","Package":"fairdrop","Test":"TestNativeRootEscapeRemainsPathUnsupported","Elapsed":0.01}
{"Time":"2026-10-10T00:17:13.464672-04:00","Action":"output","Package":"fairdrop","Output":"FAIL\n","OutputType":"frame"}
{"Time":"2026-10-10T00:17:13.465432-04:00","Action":"output","Package":"fairdrop","Output":"FAIL\tfairdrop\t0.311s\n","OutputType":"frame"}
{"Time":"2026-10-10T00:17:13.46545-04:00","Action":"fail","Package":"fairdrop","Elapsed":0.311}
KILLED: canonicalize away root escape by TestNativeRootEscapeRemainsPathUnsupported (expected injected assertion failure, not a product failure)
EXPECTED INJECTED FAILURE: ignore empty-file header short write; requires 'failed empty-file final write was not reported as transfer_failed' in a failing test/subtest of TestHeaderOnlyFinalizationWaitsAndRetainsFailureCodes
{"Time":"2026-10-10T00:17:13.93241-04:00","Action":"start","Package":"fairdrop/internal/server"}
{"Time":"2026-10-10T00:17:14.211117-04:00","Action":"run","Package":"fairdrop/internal/server","Test":"TestHeaderOnlyFinalizationWaitsAndRetainsFailureCodes"}
{"Time":"2026-10-10T00:17:14.211342-04:00","Action":"output","Package":"fairdrop/internal/server","Test":"TestHeaderOnlyFinalizationWaitsAndRetainsFailureCodes","Output":"=== RUN   TestHeaderOnlyFinalizationWaitsAndRetainsFailureCodes\n","OutputType":"frame"}
{"Time":"2026-10-10T00:17:14.211488-04:00","Action":"run","Package":"fairdrop/internal/server","Test":"TestHeaderOnlyFinalizationWaitsAndRetainsFailureCodes/empty-file/success"}
{"Time":"2026-10-10T00:17:14.211526-04:00","Action":"output","Package":"fairdrop/internal/server","Test":"TestHeaderOnlyFinalizationWaitsAndRetainsFailureCodes/empty-file/success","Output":"=== RUN   TestHeaderOnlyFinalizationWaitsAndRetainsFailureCodes/empty-file/success\n","OutputType":"frame"}
{"Time":"2026-10-10T00:17:14.215302-04:00","Action":"output","Package":"fairdrop/internal/server","Test":"TestHeaderOnlyFinalizationWaitsAndRetainsFailureCodes/empty-file/success","Output":"--- PASS: TestHeaderOnlyFinalizationWaitsAndRetainsFailureCodes/empty-file/success (0.00s)\n","OutputType":"frame"}
{"Time":"2026-10-10T00:17:14.215383-04:00","Action":"pass","Package":"fairdrop/internal/server","Test":"TestHeaderOnlyFinalizationWaitsAndRetainsFailureCodes/empty-file/success","Elapsed":0}
{"Time":"2026-10-10T00:17:14.215438-04:00","Action":"run","Package":"fairdrop/internal/server","Test":"TestHeaderOnlyFinalizationWaitsAndRetainsFailureCodes/empty-file/write-error"}
{"Time":"2026-10-10T00:17:14.21546-04:00","Action":"output","Package":"fairdrop/internal/server","Test":"TestHeaderOnlyFinalizationWaitsAndRetainsFailureCodes/empty-file/write-error","Output":"=== RUN   TestHeaderOnlyFinalizationWaitsAndRetainsFailureCodes/empty-file/write-error\n","OutputType":"frame"}
{"Time":"2026-10-10T00:17:14.21654-04:00","Action":"output","Package":"fairdrop/internal/server","Test":"TestHeaderOnlyFinalizationWaitsAndRetainsFailureCodes/empty-file/write-error","Output":"--- PASS: TestHeaderOnlyFinalizationWaitsAndRetainsFailureCodes/empty-file/write-error (0.00s)\n","OutputType":"frame"}
{"Time":"2026-10-10T00:17:14.216605-04:00","Action":"pass","Package":"fairdrop/internal/server","Test":"TestHeaderOnlyFinalizationWaitsAndRetainsFailureCodes/empty-file/write-error","Elapsed":0}
{"Time":"2026-10-10T00:17:14.216662-04:00","Action":"run","Package":"fairdrop/internal/server","Test":"TestHeaderOnlyFinalizationWaitsAndRetainsFailureCodes/empty-file/short-write"}
{"Time":"2026-10-10T00:17:14.216677-04:00","Action":"output","Package":"fairdrop/internal/server","Test":"TestHeaderOnlyFinalizationWaitsAndRetainsFailureCodes/empty-file/short-write","Output":"=== RUN   TestHeaderOnlyFinalizationWaitsAndRetainsFailureCodes/empty-file/short-write\n","OutputType":"frame"}
{"Time":"2026-10-10T00:17:14.217102-04:00","Action":"output","Package":"fairdrop/internal/server","Test":"TestHeaderOnlyFinalizationWaitsAndRetainsFailureCodes/empty-file/short-write","Output":"    finalization_test.go:204: failed empty-file final write was not reported as transfer_failed\n","OutputType":"error"}
{"Time":"2026-10-10T00:17:14.217149-04:00","Action":"output","Package":"fairdrop/internal/server","Test":"TestHeaderOnlyFinalizationWaitsAndRetainsFailureCodes/empty-file/short-write","Output":"--- FAIL: TestHeaderOnlyFinalizationWaitsAndRetainsFailureCodes/empty-file/short-write (0.00s)\n","OutputType":"frame"}
{"Time":"2026-10-10T00:17:14.217189-04:00","Action":"fail","Package":"fairdrop/internal/server","Test":"TestHeaderOnlyFinalizationWaitsAndRetainsFailureCodes/empty-file/short-write","Elapsed":0}
{"Time":"2026-10-10T00:17:14.217209-04:00","Action":"run","Package":"fairdrop/internal/server","Test":"TestHeaderOnlyFinalizationWaitsAndRetainsFailureCodes/empty-file/cancel"}
{"Time":"2026-10-10T00:17:14.217249-04:00","Action":"output","Package":"fairdrop/internal/server","Test":"TestHeaderOnlyFinalizationWaitsAndRetainsFailureCodes/empty-file/cancel","Output":"=== RUN   TestHeaderOnlyFinalizationWaitsAndRetainsFailureCodes/empty-file/cancel\n","OutputType":"frame"}
{"Time":"2026-10-10T00:17:14.217901-04:00","Action":"output","Package":"fairdrop/internal/server","Test":"TestHeaderOnlyFinalizationWaitsAndRetainsFailureCodes/empty-file/cancel","Output":"--- PASS: TestHeaderOnlyFinalizationWaitsAndRetainsFailureCodes/empty-file/cancel (0.00s)\n","OutputType":"frame"}
{"Time":"2026-10-10T00:17:14.217935-04:00","Action":"pass","Package":"fairdrop/internal/server","Test":"TestHeaderOnlyFinalizationWaitsAndRetainsFailureCodes/empty-file/cancel","Elapsed":0}
{"Time":"2026-10-10T00:17:14.217951-04:00","Action":"run","Package":"fairdrop/internal/server","Test":"TestHeaderOnlyFinalizationWaitsAndRetainsFailureCodes/preparation-failure/success"}
{"Time":"2026-10-10T00:17:14.217962-04:00","Action":"output","Package":"fairdrop/internal/server","Test":"TestHeaderOnlyFinalizationWaitsAndRetainsFailureCodes/preparation-failure/success","Output":"=== RUN   TestHeaderOnlyFinalizationWaitsAndRetainsFailureCodes/preparation-failure/success\n","OutputType":"frame"}
{"Time":"2026-10-10T00:17:14.218505-04:00","Action":"output","Package":"fairdrop/internal/server","Test":"TestHeaderOnlyFinalizationWaitsAndRetainsFailureCodes/preparation-failure/success","Output":"--- PASS: TestHeaderOnlyFinalizationWaitsAndRetainsFailureCodes/preparation-failure/success (0.00s)\n","OutputType":"frame"}
{"Time":"2026-10-10T00:17:14.218538-04:00","Action":"pass","Package":"fairdrop/internal/server","Test":"TestHeaderOnlyFinalizationWaitsAndRetainsFailureCodes/preparation-failure/success","Elapsed":0}
{"Time":"2026-10-10T00:17:14.218578-04:00","Action":"run","Package":"fairdrop/internal/server","Test":"TestHeaderOnlyFinalizationWaitsAndRetainsFailureCodes/preparation-failure/write-error"}
{"Time":"2026-10-10T00:17:14.218591-04:00","Action":"output","Package":"fairdrop/internal/server","Test":"TestHeaderOnlyFinalizationWaitsAndRetainsFailureCodes/preparation-failure/write-error","Output":"=== RUN   TestHeaderOnlyFinalizationWaitsAndRetainsFailureCodes/preparation-failure/write-error\n","OutputType":"frame"}
{"Time":"2026-10-10T00:17:14.218979-04:00","Action":"output","Package":"fairdrop/internal/server","Test":"TestHeaderOnlyFinalizationWaitsAndRetainsFailureCodes/preparation-failure/write-error","Output":"--- PASS: TestHeaderOnlyFinalizationWaitsAndRetainsFailureCodes/preparation-failure/write-error (0.00s)\n","OutputType":"frame"}
{"Time":"2026-10-10T00:17:14.219024-04:00","Action":"pass","Package":"fairdrop/internal/server","Test":"TestHeaderOnlyFinalizationWaitsAndRetainsFailureCodes/preparation-failure/write-error","Elapsed":0}
{"Time":"2026-10-10T00:17:14.219042-04:00","Action":"run","Package":"fairdrop/internal/server","Test":"TestHeaderOnlyFinalizationWaitsAndRetainsFailureCodes/preparation-failure/short-write"}
{"Time":"2026-10-10T00:17:14.219053-04:00","Action":"output","Package":"fairdrop/internal/server","Test":"TestHeaderOnlyFinalizationWaitsAndRetainsFailureCodes/preparation-failure/short-write","Output":"=== RUN   TestHeaderOnlyFinalizationWaitsAndRetainsFailureCodes/preparation-failure/short-write\n","OutputType":"frame"}
{"Time":"2026-10-10T00:17:14.219573-04:00","Action":"output","Package":"fairdrop/internal/server","Test":"TestHeaderOnlyFinalizationWaitsAndRetainsFailureCodes/preparation-failure/short-write","Output":"--- PASS: TestHeaderOnlyFinalizationWaitsAndRetainsFailureCodes/preparation-failure/short-write (0.00s)\n","OutputType":"frame"}
{"Time":"2026-10-10T00:17:14.219597-04:00","Action":"pass","Package":"fairdrop/internal/server","Test":"TestHeaderOnlyFinalizationWaitsAndRetainsFailureCodes/preparation-failure/short-write","Elapsed":0}
{"Time":"2026-10-10T00:17:14.21961-04:00","Action":"run","Package":"fairdrop/internal/server","Test":"TestHeaderOnlyFinalizationWaitsAndRetainsFailureCodes/preparation-failure/cancel"}
{"Time":"2026-10-10T00:17:14.219619-04:00","Action":"output","Package":"fairdrop/internal/server","Test":"TestHeaderOnlyFinalizationWaitsAndRetainsFailureCodes/preparation-failure/cancel","Output":"=== RUN   TestHeaderOnlyFinalizationWaitsAndRetainsFailureCodes/preparation-failure/cancel\n","OutputType":"frame"}
{"Time":"2026-10-10T00:17:14.219988-04:00","Action":"output","Package":"fairdrop/internal/server","Test":"TestHeaderOnlyFinalizationWaitsAndRetainsFailureCodes/preparation-failure/cancel","Output":"--- PASS: TestHeaderOnlyFinalizationWaitsAndRetainsFailureCodes/preparation-failure/cancel (0.00s)\n","OutputType":"frame"}
{"Time":"2026-10-10T00:17:14.220009-04:00","Action":"pass","Package":"fairdrop/internal/server","Test":"TestHeaderOnlyFinalizationWaitsAndRetainsFailureCodes/preparation-failure/cancel","Elapsed":0}
{"Time":"2026-10-10T00:17:14.220023-04:00","Action":"output","Package":"fairdrop/internal/server","Test":"TestHeaderOnlyFinalizationWaitsAndRetainsFailureCodes","Output":"--- FAIL: TestHeaderOnlyFinalizationWaitsAndRetainsFailureCodes (0.01s)\n","OutputType":"frame"}
{"Time":"2026-10-10T00:17:14.220049-04:00","Action":"fail","Package":"fairdrop/internal/server","Test":"TestHeaderOnlyFinalizationWaitsAndRetainsFailureCodes","Elapsed":0.01}
{"Time":"2026-10-10T00:17:14.220072-04:00","Action":"output","Package":"fairdrop/internal/server","Output":"FAIL\n","OutputType":"frame"}
{"Time":"2026-10-10T00:17:14.221491-04:00","Action":"output","Package":"fairdrop/internal/server","Output":"FAIL\tfairdrop/internal/server\t0.289s\n","OutputType":"frame"}
{"Time":"2026-10-10T00:17:14.221559-04:00","Action":"fail","Package":"fairdrop/internal/server","Elapsed":0.289}
KILLED: ignore empty-file header short write by TestHeaderOnlyFinalizationWaitsAndRetainsFailureCodes (expected injected assertion failure, not a product failure)
EXPECTED INJECTED FAILURE: replace executable vet with comment; requires 'executable gate fields differ' in a failing test/subtest of TestVerifyWorkflowExecutesGateCommandsInActiveFields
{"Time":"2026-10-10T00:17:14.966308-04:00","Action":"start","Package":"fairdrop"}
{"Time":"2026-10-10T00:17:15.269099-04:00","Action":"run","Package":"fairdrop","Test":"TestVerifyWorkflowExecutesGateCommandsInActiveFields"}
{"Time":"2026-10-10T00:17:15.269176-04:00","Action":"output","Package":"fairdrop","Test":"TestVerifyWorkflowExecutesGateCommandsInActiveFields","Output":"=== RUN   TestVerifyWorkflowExecutesGateCommandsInActiveFields\n","OutputType":"frame"}
{"Time":"2026-10-10T00:17:15.269664-04:00","Action":"output","Package":"fairdrop","Test":"TestVerifyWorkflowExecutesGateCommandsInActiveFields","Output":"    verify_workflow_test.go:386: executable gate fields differ: [verify/go vet]\n","OutputType":"error"}
{"Time":"2026-10-10T00:17:15.269702-04:00","Action":"output","Package":"fairdrop","Test":"TestVerifyWorkflowExecutesGateCommandsInActiveFields","Output":"--- FAIL: TestVerifyWorkflowExecutesGateCommandsInActiveFields (0.00s)\n","OutputType":"frame"}
{"Time":"2026-10-10T00:17:15.269708-04:00","Action":"fail","Package":"fairdrop","Test":"TestVerifyWorkflowExecutesGateCommandsInActiveFields","Elapsed":0}
{"Time":"2026-10-10T00:17:15.269717-04:00","Action":"output","Package":"fairdrop","Output":"FAIL\n","OutputType":"frame"}
{"Time":"2026-10-10T00:17:15.270502-04:00","Action":"output","Package":"fairdrop","Output":"FAIL\tfairdrop\t0.304s\n","OutputType":"frame"}
{"Time":"2026-10-10T00:17:15.270518-04:00","Action":"fail","Package":"fairdrop","Elapsed":0.304}
KILLED: replace executable vet with comment by TestVerifyWorkflowExecutesGateCommandsInActiveFields (expected injected assertion failure, not a product failure)
EXPECTED INJECTED FAILURE: exceed retained handle cap; requires 'want "path_unsupported"' in a failing test/subtest of TestDirectoryHandleBudgetIncludesAncestorsAndPreparedPin
{"Time":"2026-10-10T00:17:15.735487-04:00","Action":"start","Package":"fairdrop/internal/source"}
{"Time":"2026-10-10T00:17:15.962971-04:00","Action":"run","Package":"fairdrop/internal/source","Test":"TestDirectoryHandleBudgetIncludesAncestorsAndPreparedPin"}
{"Time":"2026-10-10T00:17:15.96311-04:00","Action":"output","Package":"fairdrop/internal/source","Test":"TestDirectoryHandleBudgetIncludesAncestorsAndPreparedPin","Output":"=== RUN   TestDirectoryHandleBudgetIncludesAncestorsAndPreparedPin\n","OutputType":"frame"}
{"Time":"2026-10-10T00:17:15.963193-04:00","Action":"run","Package":"fairdrop/internal/source","Test":"TestDirectoryHandleBudgetIncludesAncestorsAndPreparedPin/53"}
{"Time":"2026-10-10T00:17:15.963209-04:00","Action":"output","Package":"fairdrop/internal/source","Test":"TestDirectoryHandleBudgetIncludesAncestorsAndPreparedPin/53","Output":"=== RUN   TestDirectoryHandleBudgetIncludesAncestorsAndPreparedPin/53\n","OutputType":"frame"}
{"Time":"2026-10-10T00:17:15.963795-04:00","Action":"output","Package":"fairdrop/internal/source","Test":"TestDirectoryHandleBudgetIncludesAncestorsAndPreparedPin/53","Output":"--- PASS: TestDirectoryHandleBudgetIncludesAncestorsAndPreparedPin/53 (0.00s)\n","OutputType":"frame"}
{"Time":"2026-10-10T00:17:15.963827-04:00","Action":"pass","Package":"fairdrop/internal/source","Test":"TestDirectoryHandleBudgetIncludesAncestorsAndPreparedPin/53","Elapsed":0}
{"Time":"2026-10-10T00:17:15.963857-04:00","Action":"run","Package":"fairdrop/internal/source","Test":"TestDirectoryHandleBudgetIncludesAncestorsAndPreparedPin/54"}
{"Time":"2026-10-10T00:17:15.963871-04:00","Action":"output","Package":"fairdrop/internal/source","Test":"TestDirectoryHandleBudgetIncludesAncestorsAndPreparedPin/54","Output":"=== RUN   TestDirectoryHandleBudgetIncludesAncestorsAndPreparedPin/54\n","OutputType":"frame"}
{"Time":"2026-10-10T00:17:15.964227-04:00","Action":"output","Package":"fairdrop/internal/source","Test":"TestDirectoryHandleBudgetIncludesAncestorsAndPreparedPin/54","Output":"    hardening_test.go:41: error = \u003cnil\u003e, code = \"\", want \"path_unsupported\"\n","OutputType":"error"}
{"Time":"2026-10-10T00:17:15.964262-04:00","Action":"output","Package":"fairdrop/internal/source","Test":"TestDirectoryHandleBudgetIncludesAncestorsAndPreparedPin/54","Output":"--- FAIL: TestDirectoryHandleBudgetIncludesAncestorsAndPreparedPin/54 (0.00s)\n","OutputType":"frame"}
{"Time":"2026-10-10T00:17:15.964287-04:00","Action":"fail","Package":"fairdrop/internal/source","Test":"TestDirectoryHandleBudgetIncludesAncestorsAndPreparedPin/54","Elapsed":0}
{"Time":"2026-10-10T00:17:15.964309-04:00","Action":"output","Package":"fairdrop/internal/source","Test":"TestDirectoryHandleBudgetIncludesAncestorsAndPreparedPin","Output":"--- FAIL: TestDirectoryHandleBudgetIncludesAncestorsAndPreparedPin (0.00s)\n","OutputType":"frame"}
{"Time":"2026-10-10T00:17:15.964323-04:00","Action":"fail","Package":"fairdrop/internal/source","Test":"TestDirectoryHandleBudgetIncludesAncestorsAndPreparedPin","Elapsed":0}
{"Time":"2026-10-10T00:17:15.964335-04:00","Action":"output","Package":"fairdrop/internal/source","Output":"FAIL\n","OutputType":"frame"}
{"Time":"2026-10-10T00:17:15.965485-04:00","Action":"output","Package":"fairdrop/internal/source","Output":"FAIL\tfairdrop/internal/source\t0.230s\n","OutputType":"frame"}
{"Time":"2026-10-10T00:17:15.965557-04:00","Action":"fail","Package":"fairdrop/internal/source","Elapsed":0.23}
KILLED: exceed retained handle cap by TestDirectoryHandleBudgetIncludesAncestorsAndPreparedPin (expected injected assertion failure, not a product failure)
EXPECTED INJECTED FAILURE: omit future pin reservation; requires 'want "path_unsupported"' in a failing test/subtest of TestDirectoryHandleBudgetIncludesAncestorsAndPreparedPin
{"Time":"2026-10-10T00:17:16.43585-04:00","Action":"start","Package":"fairdrop/internal/source"}
{"Time":"2026-10-10T00:17:16.655327-04:00","Action":"run","Package":"fairdrop/internal/source","Test":"TestDirectoryHandleBudgetIncludesAncestorsAndPreparedPin"}
{"Time":"2026-10-10T00:17:16.655559-04:00","Action":"output","Package":"fairdrop/internal/source","Test":"TestDirectoryHandleBudgetIncludesAncestorsAndPreparedPin","Output":"=== RUN   TestDirectoryHandleBudgetIncludesAncestorsAndPreparedPin\n","OutputType":"frame"}
{"Time":"2026-10-10T00:17:16.655734-04:00","Action":"run","Package":"fairdrop/internal/source","Test":"TestDirectoryHandleBudgetIncludesAncestorsAndPreparedPin/53"}
{"Time":"2026-10-10T00:17:16.655768-04:00","Action":"output","Package":"fairdrop/internal/source","Test":"TestDirectoryHandleBudgetIncludesAncestorsAndPreparedPin/53","Output":"=== RUN   TestDirectoryHandleBudgetIncludesAncestorsAndPreparedPin/53\n","OutputType":"frame"}
{"Time":"2026-10-10T00:17:16.65632-04:00","Action":"output","Package":"fairdrop/internal/source","Test":"TestDirectoryHandleBudgetIncludesAncestorsAndPreparedPin/53","Output":"--- PASS: TestDirectoryHandleBudgetIncludesAncestorsAndPreparedPin/53 (0.00s)\n","OutputType":"frame"}
{"Time":"2026-10-10T00:17:16.656353-04:00","Action":"pass","Package":"fairdrop/internal/source","Test":"TestDirectoryHandleBudgetIncludesAncestorsAndPreparedPin/53","Elapsed":0}
{"Time":"2026-10-10T00:17:16.656415-04:00","Action":"run","Package":"fairdrop/internal/source","Test":"TestDirectoryHandleBudgetIncludesAncestorsAndPreparedPin/54"}
{"Time":"2026-10-10T00:17:16.65643-04:00","Action":"output","Package":"fairdrop/internal/source","Test":"TestDirectoryHandleBudgetIncludesAncestorsAndPreparedPin/54","Output":"=== RUN   TestDirectoryHandleBudgetIncludesAncestorsAndPreparedPin/54\n","OutputType":"frame"}
{"Time":"2026-10-10T00:17:16.656801-04:00","Action":"output","Package":"fairdrop/internal/source","Test":"TestDirectoryHandleBudgetIncludesAncestorsAndPreparedPin/54","Output":"    hardening_test.go:41: error = \u003cnil\u003e, code = \"\", want \"path_unsupported\"\n","OutputType":"error"}
{"Time":"2026-10-10T00:17:16.656834-04:00","Action":"output","Package":"fairdrop/internal/source","Test":"TestDirectoryHandleBudgetIncludesAncestorsAndPreparedPin/54","Output":"--- FAIL: TestDirectoryHandleBudgetIncludesAncestorsAndPreparedPin/54 (0.00s)\n","OutputType":"frame"}
{"Time":"2026-10-10T00:17:16.656848-04:00","Action":"fail","Package":"fairdrop/internal/source","Test":"TestDirectoryHandleBudgetIncludesAncestorsAndPreparedPin/54","Elapsed":0}
{"Time":"2026-10-10T00:17:16.656862-04:00","Action":"output","Package":"fairdrop/internal/source","Test":"TestDirectoryHandleBudgetIncludesAncestorsAndPreparedPin","Output":"--- FAIL: TestDirectoryHandleBudgetIncludesAncestorsAndPreparedPin (0.00s)\n","OutputType":"frame"}
{"Time":"2026-10-10T00:17:16.65688-04:00","Action":"fail","Package":"fairdrop/internal/source","Test":"TestDirectoryHandleBudgetIncludesAncestorsAndPreparedPin","Elapsed":0}
{"Time":"2026-10-10T00:17:16.656892-04:00","Action":"output","Package":"fairdrop/internal/source","Output":"FAIL\n","OutputType":"frame"}
{"Time":"2026-10-10T00:17:16.657982-04:00","Action":"output","Package":"fairdrop/internal/source","Output":"FAIL\tfairdrop/internal/source\t0.222s\n","OutputType":"frame"}
{"Time":"2026-10-10T00:17:16.658018-04:00","Action":"fail","Package":"fairdrop/internal/source","Elapsed":0.222}
KILLED: omit future pin reservation by TestDirectoryHandleBudgetIncludesAncestorsAndPreparedPin (expected injected assertion failure, not a product failure)
EXPECTED INJECTED FAILURE: acquire beyond lexical budget; requires 'lexical guard acquired a forbidden search handle' in a failing test/subtest of TestLexicalHandleBudgetRefusesBeforeSearchOpen
{"Time":"2026-10-10T00:17:17.117152-04:00","Action":"start","Package":"fairdrop/internal/source"}
{"Time":"2026-10-10T00:17:17.348876-04:00","Action":"run","Package":"fairdrop/internal/source","Test":"TestLexicalHandleBudgetRefusesBeforeSearchOpen"}
{"Time":"2026-10-10T00:17:17.349141-04:00","Action":"output","Package":"fairdrop/internal/source","Test":"TestLexicalHandleBudgetRefusesBeforeSearchOpen","Output":"=== RUN   TestLexicalHandleBudgetRefusesBeforeSearchOpen\n","OutputType":"frame"}
{"Time":"2026-10-10T00:17:17.349612-04:00","Action":"output","Package":"fairdrop/internal/source","Test":"TestLexicalHandleBudgetRefusesBeforeSearchOpen","Output":"    hardening_test.go:89: lexical guard acquired a forbidden search handle\n","OutputType":"error"}
{"Time":"2026-10-10T00:17:17.349673-04:00","Action":"output","Package":"fairdrop/internal/source","Test":"TestLexicalHandleBudgetRefusesBeforeSearchOpen","Output":"--- FAIL: TestLexicalHandleBudgetRefusesBeforeSearchOpen (0.00s)\n","OutputType":"frame"}
{"Time":"2026-10-10T00:17:17.349695-04:00","Action":"fail","Package":"fairdrop/internal/source","Test":"TestLexicalHandleBudgetRefusesBeforeSearchOpen","Elapsed":0}
{"Time":"2026-10-10T00:17:17.349747-04:00","Action":"output","Package":"fairdrop/internal/source","Output":"FAIL\n","OutputType":"frame"}
{"Time":"2026-10-10T00:17:17.351202-04:00","Action":"output","Package":"fairdrop/internal/source","Output":"FAIL\tfairdrop/internal/source\t0.234s\n","OutputType":"frame"}
{"Time":"2026-10-10T00:17:17.351256-04:00","Action":"fail","Package":"fairdrop/internal/source","Elapsed":0.234}
KILLED: acquire beyond lexical budget by TestLexicalHandleBudgetRefusesBeforeSearchOpen (expected injected assertion failure, not a product failure)
EXPECTED INJECTED FAILURE: ignore prepared root replacement; requires 'want "source_changed"' in a failing test/subtest of TestPreparedDirectoryNativeReplacementNeverReadsNewBytes
{"Time":"2026-10-10T00:17:17.822237-04:00","Action":"start","Package":"fairdrop/internal/source"}
{"Time":"2026-10-10T00:17:18.051099-04:00","Action":"run","Package":"fairdrop/internal/source","Test":"TestPreparedDirectoryNativeReplacementNeverReadsNewBytes"}
{"Time":"2026-10-10T00:17:18.05126-04:00","Action":"output","Package":"fairdrop/internal/source","Test":"TestPreparedDirectoryNativeReplacementNeverReadsNewBytes","Output":"=== RUN   TestPreparedDirectoryNativeReplacementNeverReadsNewBytes\n","OutputType":"frame"}
{"Time":"2026-10-10T00:17:18.05351-04:00","Action":"output","Package":"fairdrop/internal/source","Test":"TestPreparedDirectoryNativeReplacementNeverReadsNewBytes","Output":"    hardening_test.go:156: error = \u003cnil\u003e, code = \"\", want \"source_changed\"\n","OutputType":"error"}
{"Time":"2026-10-10T00:17:18.054598-04:00","Action":"output","Package":"fairdrop/internal/source","Test":"TestPreparedDirectoryNativeReplacementNeverReadsNewBytes","Output":"--- FAIL: TestPreparedDirectoryNativeReplacementNeverReadsNewBytes (0.00s)\n","OutputType":"frame"}
{"Time":"2026-10-10T00:17:18.054626-04:00","Action":"fail","Package":"fairdrop/internal/source","Test":"TestPreparedDirectoryNativeReplacementNeverReadsNewBytes","Elapsed":0}
{"Time":"2026-10-10T00:17:18.05469-04:00","Action":"output","Package":"fairdrop/internal/source","Output":"FAIL\n","OutputType":"frame"}
{"Time":"2026-10-10T00:17:18.055478-04:00","Action":"output","Package":"fairdrop/internal/source","Output":"FAIL\tfairdrop/internal/source\t0.233s\n","OutputType":"frame"}
{"Time":"2026-10-10T00:17:18.055507-04:00","Action":"fail","Package":"fairdrop/internal/source","Elapsed":0.233}
KILLED: ignore prepared root replacement by TestPreparedDirectoryNativeReplacementNeverReadsNewBytes (expected injected assertion failure, not a product failure)
EXPECTED INJECTED FAILURE: bypass prepared capability during ZIP walk; requires 'want code "source_changed"' in a failing test/subtest of TestPreparedArchiveNativeRootReplacementIsRefused
{"Time":"2026-10-10T00:17:18.639005-04:00","Action":"start","Package":"fairdrop/internal/stream"}
{"Time":"2026-10-10T00:17:18.90955-04:00","Action":"run","Package":"fairdrop/internal/stream","Test":"TestPreparedArchiveNativeRootReplacementIsRefused"}
{"Time":"2026-10-10T00:17:18.909706-04:00","Action":"output","Package":"fairdrop/internal/stream","Test":"TestPreparedArchiveNativeRootReplacementIsRefused","Output":"=== RUN   TestPreparedArchiveNativeRootReplacementIsRefused\n","OutputType":"frame"}
{"Time":"2026-10-10T00:17:18.913018-04:00","Action":"output","Package":"fairdrop/internal/stream","Test":"TestPreparedArchiveNativeRootReplacementIsRefused","Output":"    hardening_test.go:44: error = nil, want code \"source_changed\"\n","OutputType":"error"}
{"Time":"2026-10-10T00:17:18.914055-04:00","Action":"output","Package":"fairdrop/internal/stream","Test":"TestPreparedArchiveNativeRootReplacementIsRefused","Output":"--- FAIL: TestPreparedArchiveNativeRootReplacementIsRefused (0.00s)\n","OutputType":"frame"}
{"Time":"2026-10-10T00:17:18.914085-04:00","Action":"fail","Package":"fairdrop/internal/stream","Test":"TestPreparedArchiveNativeRootReplacementIsRefused","Elapsed":0}
{"Time":"2026-10-10T00:17:18.914124-04:00","Action":"output","Package":"fairdrop/internal/stream","Output":"FAIL\n","OutputType":"frame"}
{"Time":"2026-10-10T00:17:18.915619-04:00","Action":"output","Package":"fairdrop/internal/stream","Output":"FAIL\tfairdrop/internal/stream\t0.276s\n","OutputType":"frame"}
{"Time":"2026-10-10T00:17:18.915662-04:00","Action":"fail","Package":"fairdrop/internal/stream","Elapsed":0.277}
KILLED: bypass prepared capability during ZIP walk by TestPreparedArchiveNativeRootReplacementIsRefused (expected injected assertion failure, not a product failure)
EXPECTED INJECTED FAILURE: leak prepared pin without streaming; requires 'handles opened/closed/active' in a failing test/subtest of TestPreparedDirectoryClosesWithoutWalkingAndOnPreparationFailure
{"Time":"2026-10-10T00:17:19.386474-04:00","Action":"start","Package":"fairdrop/internal/source"}
{"Time":"2026-10-10T00:17:19.610706-04:00","Action":"run","Package":"fairdrop/internal/source","Test":"TestPreparedDirectoryClosesWithoutWalkingAndOnPreparationFailure"}
{"Time":"2026-10-10T00:17:19.610891-04:00","Action":"output","Package":"fairdrop/internal/source","Test":"TestPreparedDirectoryClosesWithoutWalkingAndOnPreparationFailure","Output":"=== RUN   TestPreparedDirectoryClosesWithoutWalkingAndOnPreparationFailure\n","OutputType":"frame"}
{"Time":"2026-10-10T00:17:19.611041-04:00","Action":"output","Package":"fairdrop/internal/source","Test":"TestPreparedDirectoryClosesWithoutWalkingAndOnPreparationFailure","Output":"    hardening_test.go:383: handles opened/closed/active = 2/1/1\n","OutputType":"error"}
{"Time":"2026-10-10T00:17:19.611203-04:00","Action":"output","Package":"fairdrop/internal/source","Test":"TestPreparedDirectoryClosesWithoutWalkingAndOnPreparationFailure","Output":"--- FAIL: TestPreparedDirectoryClosesWithoutWalkingAndOnPreparationFailure (0.00s)\n","OutputType":"frame"}
{"Time":"2026-10-10T00:17:19.611253-04:00","Action":"fail","Package":"fairdrop/internal/source","Test":"TestPreparedDirectoryClosesWithoutWalkingAndOnPreparationFailure","Elapsed":0}
{"Time":"2026-10-10T00:17:19.611302-04:00","Action":"output","Package":"fairdrop/internal/source","Output":"FAIL\n","OutputType":"frame"}
{"Time":"2026-10-10T00:17:19.612672-04:00","Action":"output","Package":"fairdrop/internal/source","Output":"FAIL\tfairdrop/internal/source\t0.226s\n","OutputType":"frame"}
{"Time":"2026-10-10T00:17:19.612707-04:00","Action":"fail","Package":"fairdrop/internal/source","Elapsed":0.226}
KILLED: leak prepared pin without streaming by TestPreparedDirectoryClosesWithoutWalkingAndOnPreparationFailure (expected injected assertion failure, not a product failure)
EXPECTED INJECTED FAILURE: drop prepared Walk ownership; requires 'prepared Walk did not retain ownership through visitor return' in a failing test/subtest of TestPreparedCloseJoinsActiveWalk
{"Time":"2026-10-10T00:17:20.086286-04:00","Action":"start","Package":"fairdrop/internal/source"}
{"Time":"2026-10-10T00:17:20.309601-04:00","Action":"run","Package":"fairdrop/internal/source","Test":"TestPreparedCloseJoinsActiveWalk"}
{"Time":"2026-10-10T00:17:20.309743-04:00","Action":"output","Package":"fairdrop/internal/source","Test":"TestPreparedCloseJoinsActiveWalk","Output":"=== RUN   TestPreparedCloseJoinsActiveWalk\n","OutputType":"frame"}
{"Time":"2026-10-10T00:17:20.310049-04:00","Action":"output","Package":"fairdrop/internal/source","Test":"TestPreparedCloseJoinsActiveWalk","Output":"    hardening_test.go:255: prepared Walk did not retain ownership through visitor return\n","OutputType":"error"}
{"Time":"2026-10-10T00:17:20.310151-04:00","Action":"output","Package":"fairdrop/internal/source","Test":"TestPreparedCloseJoinsActiveWalk","Output":"--- FAIL: TestPreparedCloseJoinsActiveWalk (0.00s)\n","OutputType":"frame"}
{"Time":"2026-10-10T00:17:20.31018-04:00","Action":"fail","Package":"fairdrop/internal/source","Test":"TestPreparedCloseJoinsActiveWalk","Elapsed":0}
{"Time":"2026-10-10T00:17:20.310211-04:00","Action":"output","Package":"fairdrop/internal/source","Output":"FAIL\n","OutputType":"frame"}
{"Time":"2026-10-10T00:17:20.311086-04:00","Action":"output","Package":"fairdrop/internal/source","Output":"FAIL\tfairdrop/internal/source\t0.224s\n","OutputType":"frame"}
{"Time":"2026-10-10T00:17:20.311112-04:00","Action":"fail","Package":"fairdrop/internal/source","Elapsed":0.225}
KILLED: drop prepared Walk ownership by TestPreparedCloseJoinsActiveWalk (expected injected assertion failure, not a product failure)
EXPECTED INJECTED FAILURE: remove shared native-read revocation gate; requires 'borrowed Read did not retain the revocation lock during native I/O' in a failing test/subtest of TestBorrowedReaderRevocationJoinsAnInFlightRead
{"Time":"2026-10-10T00:17:20.803303-04:00","Action":"start","Package":"fairdrop/internal/source"}
{"Time":"2026-10-10T00:17:21.032598-04:00","Action":"run","Package":"fairdrop/internal/source","Test":"TestBorrowedReaderRevocationJoinsAnInFlightRead"}
{"Time":"2026-10-10T00:17:21.032817-04:00","Action":"output","Package":"fairdrop/internal/source","Test":"TestBorrowedReaderRevocationJoinsAnInFlightRead","Output":"=== RUN   TestBorrowedReaderRevocationJoinsAnInFlightRead\n","OutputType":"frame"}
{"Time":"2026-10-10T00:17:21.032915-04:00","Action":"output","Package":"fairdrop/internal/source","Test":"TestBorrowedReaderRevocationJoinsAnInFlightRead","Output":"    hardening_test.go:222: borrowed Read did not retain the revocation lock during native I/O\n","OutputType":"error"}
{"Time":"2026-10-10T00:17:21.03296-04:00","Action":"output","Package":"fairdrop/internal/source","Test":"TestBorrowedReaderRevocationJoinsAnInFlightRead","Output":"--- FAIL: TestBorrowedReaderRevocationJoinsAnInFlightRead (0.00s)\n","OutputType":"frame"}
{"Time":"2026-10-10T00:17:21.032981-04:00","Action":"fail","Package":"fairdrop/internal/source","Test":"TestBorrowedReaderRevocationJoinsAnInFlightRead","Elapsed":0}
{"Time":"2026-10-10T00:17:21.033046-04:00","Action":"output","Package":"fairdrop/internal/source","Output":"FAIL\n","OutputType":"frame"}
{"Time":"2026-10-10T00:17:21.034236-04:00","Action":"output","Package":"fairdrop/internal/source","Output":"FAIL\tfairdrop/internal/source\t0.230s\n","OutputType":"frame"}
{"Time":"2026-10-10T00:17:21.034276-04:00","Action":"fail","Package":"fairdrop/internal/source","Elapsed":0.231}
KILLED: remove shared native-read revocation gate by TestBorrowedReaderRevocationJoinsAnInFlightRead (expected injected assertion failure, not a product failure)
EXPECTED INJECTED FAILURE: omit visitor-return revocation; requires 'visitor-return wiring did not revoke before owned close' in a failing test/subtest of TestWalkRevokesBorrowBeforeOwnedClose
{"Time":"2026-10-10T00:17:21.505728-04:00","Action":"start","Package":"fairdrop/internal/source"}
{"Time":"2026-10-10T00:17:21.714835-04:00","Action":"run","Package":"fairdrop/internal/source","Test":"TestWalkRevokesBorrowBeforeOwnedClose"}
{"Time":"2026-10-10T00:17:21.714893-04:00","Action":"output","Package":"fairdrop/internal/source","Test":"TestWalkRevokesBorrowBeforeOwnedClose","Output":"=== RUN   TestWalkRevokesBorrowBeforeOwnedClose\n","OutputType":"frame"}
{"Time":"2026-10-10T00:17:21.715-04:00","Action":"output","Package":"fairdrop/internal/source","Test":"TestWalkRevokesBorrowBeforeOwnedClose","Output":"    hardening_test.go:282: visitor-return wiring did not revoke before owned close: read=1 error=\u003cnil\u003e\n","OutputType":"error"}
{"Time":"2026-10-10T00:17:21.715025-04:00","Action":"output","Package":"fairdrop/internal/source","Test":"TestWalkRevokesBorrowBeforeOwnedClose","Output":"--- FAIL: TestWalkRevokesBorrowBeforeOwnedClose (0.00s)\n","OutputType":"frame"}
{"Time":"2026-10-10T00:17:21.715034-04:00","Action":"fail","Package":"fairdrop/internal/source","Test":"TestWalkRevokesBorrowBeforeOwnedClose","Elapsed":0}
{"Time":"2026-10-10T00:17:21.715045-04:00","Action":"output","Package":"fairdrop/internal/source","Output":"FAIL\n","OutputType":"frame"}
{"Time":"2026-10-10T00:17:21.715448-04:00","Action":"output","Package":"fairdrop/internal/source","Output":"FAIL\tfairdrop/internal/source\t0.209s\n","OutputType":"frame"}
{"Time":"2026-10-10T00:17:21.715467-04:00","Action":"fail","Package":"fairdrop/internal/source","Elapsed":0.21}
KILLED: omit visitor-return revocation by TestWalkRevokesBorrowBeforeOwnedClose (expected injected assertion failure, not a product failure)
EXPECTED INJECTED FAILURE: misclassify inspection arithmetic and batch faults; requires 'want "setup_failed"' in a failing test/subtest of TestSourceArithmeticAndBatchFaultsArePhaseCorrect
{"Time":"2026-10-10T00:17:22.176939-04:00","Action":"start","Package":"fairdrop/internal/source"}
{"Time":"2026-10-10T00:17:22.398984-04:00","Action":"run","Package":"fairdrop/internal/source","Test":"TestSourceArithmeticAndBatchFaultsArePhaseCorrect"}
{"Time":"2026-10-10T00:17:22.399051-04:00","Action":"output","Package":"fairdrop/internal/source","Test":"TestSourceArithmeticAndBatchFaultsArePhaseCorrect","Output":"=== RUN   TestSourceArithmeticAndBatchFaultsArePhaseCorrect\n","OutputType":"frame"}
{"Time":"2026-10-10T00:17:22.399082-04:00","Action":"run","Package":"fairdrop/internal/source","Test":"TestSourceArithmeticAndBatchFaultsArePhaseCorrect/negative"}
{"Time":"2026-10-10T00:17:22.399089-04:00","Action":"output","Package":"fairdrop/internal/source","Test":"TestSourceArithmeticAndBatchFaultsArePhaseCorrect/negative","Output":"=== RUN   TestSourceArithmeticAndBatchFaultsArePhaseCorrect/negative\n","OutputType":"frame"}
{"Time":"2026-10-10T00:17:22.399185-04:00","Action":"output","Package":"fairdrop/internal/source","Test":"TestSourceArithmeticAndBatchFaultsArePhaseCorrect/negative","Output":"    hardening_test.go:184: error = transfer_failed: selection logical size is invalid, code = \"transfer_failed\", want \"setup_failed\"\n","OutputType":"error"}
{"Time":"2026-10-10T00:17:22.39921-04:00","Action":"output","Package":"fairdrop/internal/source","Test":"TestSourceArithmeticAndBatchFaultsArePhaseCorrect/negative","Output":"--- FAIL: TestSourceArithmeticAndBatchFaultsArePhaseCorrect/negative (0.00s)\n","OutputType":"frame"}
{"Time":"2026-10-10T00:17:22.399222-04:00","Action":"fail","Package":"fairdrop/internal/source","Test":"TestSourceArithmeticAndBatchFaultsArePhaseCorrect/negative","Elapsed":0}
{"Time":"2026-10-10T00:17:22.399233-04:00","Action":"run","Package":"fairdrop/internal/source","Test":"TestSourceArithmeticAndBatchFaultsArePhaseCorrect/overflow"}
{"Time":"2026-10-10T00:17:22.399238-04:00","Action":"output","Package":"fairdrop/internal/source","Test":"TestSourceArithmeticAndBatchFaultsArePhaseCorrect/overflow","Output":"=== RUN   TestSourceArithmeticAndBatchFaultsArePhaseCorrect/overflow\n","OutputType":"frame"}
{"Time":"2026-10-10T00:17:22.399247-04:00","Action":"output","Package":"fairdrop/internal/source","Test":"TestSourceArithmeticAndBatchFaultsArePhaseCorrect/overflow","Output":"    hardening_test.go:184: error = transfer_failed: selection logical size is invalid, code = \"transfer_failed\", want \"setup_failed\"\n","OutputType":"error"}
{"Time":"2026-10-10T00:17:22.399252-04:00","Action":"output","Package":"fairdrop/internal/source","Test":"TestSourceArithmeticAndBatchFaultsArePhaseCorrect/overflow","Output":"--- FAIL: TestSourceArithmeticAndBatchFaultsArePhaseCorrect/overflow (0.00s)\n","OutputType":"frame"}
{"Time":"2026-10-10T00:17:22.399256-04:00","Action":"fail","Package":"fairdrop/internal/source","Test":"TestSourceArithmeticAndBatchFaultsArePhaseCorrect/overflow","Elapsed":0}
{"Time":"2026-10-10T00:17:22.39926-04:00","Action":"run","Package":"fairdrop/internal/source","Test":"TestSourceArithmeticAndBatchFaultsArePhaseCorrect/batch"}
{"Time":"2026-10-10T00:17:22.399264-04:00","Action":"output","Package":"fairdrop/internal/source","Test":"TestSourceArithmeticAndBatchFaultsArePhaseCorrect/batch","Output":"=== RUN   TestSourceArithmeticAndBatchFaultsArePhaseCorrect/batch\n","OutputType":"frame"}
{"Time":"2026-10-10T00:17:22.399268-04:00","Action":"output","Package":"fairdrop/internal/source","Test":"TestSourceArithmeticAndBatchFaultsArePhaseCorrect/batch","Output":"    hardening_test.go:184: error = transfer_failed: selection enumeration exceeded its fixed batch, code = \"transfer_failed\", want \"setup_failed\"\n","OutputType":"error"}
{"Time":"2026-10-10T00:17:22.399272-04:00","Action":"output","Package":"fairdrop/internal/source","Test":"TestSourceArithmeticAndBatchFaultsArePhaseCorrect/batch","Output":"--- FAIL: TestSourceArithmeticAndBatchFaultsArePhaseCorrect/batch (0.00s)\n","OutputType":"frame"}
{"Time":"2026-10-10T00:17:22.399275-04:00","Action":"fail","Package":"fairdrop/internal/source","Test":"TestSourceArithmeticAndBatchFaultsArePhaseCorrect/batch","Elapsed":0}
{"Time":"2026-10-10T00:17:22.399302-04:00","Action":"run","Package":"fairdrop/internal/source","Test":"TestSourceArithmeticAndBatchFaultsArePhaseCorrect/root-file"}
{"Time":"2026-10-10T00:17:22.399305-04:00","Action":"output","Package":"fairdrop/internal/source","Test":"TestSourceArithmeticAndBatchFaultsArePhaseCorrect/root-file","Output":"=== RUN   TestSourceArithmeticAndBatchFaultsArePhaseCorrect/root-file\n","OutputType":"frame"}
{"Time":"2026-10-10T00:17:22.399308-04:00","Action":"output","Package":"fairdrop/internal/source","Test":"TestSourceArithmeticAndBatchFaultsArePhaseCorrect/root-file","Output":"    hardening_test.go:184: error = transfer_failed: selection logical size is invalid, code = \"transfer_failed\", want \"setup_failed\"\n","OutputType":"error"}
{"Time":"2026-10-10T00:17:22.399318-04:00","Action":"output","Package":"fairdrop/internal/source","Test":"TestSourceArithmeticAndBatchFaultsArePhaseCorrect/root-file","Output":"--- FAIL: TestSourceArithmeticAndBatchFaultsArePhaseCorrect/root-file (0.00s)\n","OutputType":"frame"}
{"Time":"2026-10-10T00:17:22.399321-04:00","Action":"fail","Package":"fairdrop/internal/source","Test":"TestSourceArithmeticAndBatchFaultsArePhaseCorrect/root-file","Elapsed":0}
{"Time":"2026-10-10T00:17:22.399328-04:00","Action":"output","Package":"fairdrop/internal/source","Test":"TestSourceArithmeticAndBatchFaultsArePhaseCorrect","Output":"--- FAIL: TestSourceArithmeticAndBatchFaultsArePhaseCorrect (0.00s)\n","OutputType":"frame"}
{"Time":"2026-10-10T00:17:22.399332-04:00","Action":"fail","Package":"fairdrop/internal/source","Test":"TestSourceArithmeticAndBatchFaultsArePhaseCorrect","Elapsed":0}
{"Time":"2026-10-10T00:17:22.399341-04:00","Action":"output","Package":"fairdrop/internal/source","Output":"FAIL\n","OutputType":"frame"}
{"Time":"2026-10-10T00:17:22.399727-04:00","Action":"output","Package":"fairdrop/internal/source","Output":"FAIL\tfairdrop/internal/source\t0.223s\n","OutputType":"frame"}
{"Time":"2026-10-10T00:17:22.399753-04:00","Action":"fail","Package":"fairdrop/internal/source","Elapsed":0.223}
KILLED: misclassify inspection arithmetic and batch faults by TestSourceArithmeticAndBatchFaultsArePhaseCorrect (expected injected assertion failure, not a product failure)
EXPECTED INJECTED FAILURE: accept spaced device stem before extension; requires 'called "NUL .txt" portable' in a failing test/subtest of TestPortableArchiveSegmentNamesWhatWindowsCannotSave
{"Time":"2026-10-10T00:17:22.935284-04:00","Action":"start","Package":"fairdrop/internal/transfer"}
{"Time":"2026-10-10T00:17:23.174704-04:00","Action":"run","Package":"fairdrop/internal/transfer","Test":"TestPortableArchiveSegmentNamesWhatWindowsCannotSave"}
{"Time":"2026-10-10T00:17:23.174764-04:00","Action":"output","Package":"fairdrop/internal/transfer","Test":"TestPortableArchiveSegmentNamesWhatWindowsCannotSave","Output":"=== RUN   TestPortableArchiveSegmentNamesWhatWindowsCannotSave\n","OutputType":"frame"}
{"Time":"2026-10-10T00:17:23.174805-04:00","Action":"output","Package":"fairdrop/internal/transfer","Test":"TestPortableArchiveSegmentNamesWhatWindowsCannotSave","Output":"    archive_name_test.go:59: called \"NUL .txt\" portable; a Windows receiver cannot save it\n","OutputType":"error"}
{"Time":"2026-10-10T00:17:23.174825-04:00","Action":"output","Package":"fairdrop/internal/transfer","Test":"TestPortableArchiveSegmentNamesWhatWindowsCannotSave","Output":"--- FAIL: TestPortableArchiveSegmentNamesWhatWindowsCannotSave (0.00s)\n","OutputType":"frame"}
{"Time":"2026-10-10T00:17:23.17483-04:00","Action":"fail","Package":"fairdrop/internal/transfer","Test":"TestPortableArchiveSegmentNamesWhatWindowsCannotSave","Elapsed":0}
{"Time":"2026-10-10T00:17:23.174839-04:00","Action":"output","Package":"fairdrop/internal/transfer","Output":"FAIL\n","OutputType":"frame"}
{"Time":"2026-10-10T00:17:23.175208-04:00","Action":"output","Package":"fairdrop/internal/transfer","Output":"FAIL\tfairdrop/internal/transfer\t0.240s\n","OutputType":"frame"}
{"Time":"2026-10-10T00:17:23.175232-04:00","Action":"fail","Package":"fairdrop/internal/transfer","Elapsed":0.24}
KILLED: accept spaced device stem before extension by TestPortableArchiveSegmentNamesWhatWindowsCannotSave (expected injected assertion failure, not a product failure)
EXPECTED INJECTED FAILURE: bypass source unsafe-name refusal; requires 'want "name_unsupported"' in a failing test/subtest of TestSourceRefusesUnsafeNamesAndCountsUnportableOnes
{"Time":"2026-10-10T00:17:23.665247-04:00","Action":"start","Package":"fairdrop/internal/source"}
{"Time":"2026-10-10T00:17:23.893809-04:00","Action":"run","Package":"fairdrop/internal/source","Test":"TestSourceRefusesUnsafeNamesAndCountsUnportableOnes"}
{"Time":"2026-10-10T00:17:23.893881-04:00","Action":"output","Package":"fairdrop/internal/source","Test":"TestSourceRefusesUnsafeNamesAndCountsUnportableOnes","Output":"=== RUN   TestSourceRefusesUnsafeNamesAndCountsUnportableOnes\n","OutputType":"frame"}
{"Time":"2026-10-10T00:17:23.893926-04:00","Action":"run","Package":"fairdrop/internal/source","Test":"TestSourceRefusesUnsafeNamesAndCountsUnportableOnes/bad\\u202e.txt"}
{"Time":"2026-10-10T00:17:23.893932-04:00","Action":"output","Package":"fairdrop/internal/source","Test":"TestSourceRefusesUnsafeNamesAndCountsUnportableOnes/bad\\u202e.txt","Output":"=== RUN   TestSourceRefusesUnsafeNamesAndCountsUnportableOnes/bad\\u202e.txt\n","OutputType":"frame"}
{"Time":"2026-10-10T00:17:23.894027-04:00","Action":"output","Package":"fairdrop/internal/source","Test":"TestSourceRefusesUnsafeNamesAndCountsUnportableOnes/bad\\u202e.txt","Output":"    hardening_test.go:311: error = \u003cnil\u003e, code = \"\", want \"name_unsupported\"\n","OutputType":"error"}
{"Time":"2026-10-10T00:17:23.89404-04:00","Action":"output","Package":"fairdrop/internal/source","Test":"TestSourceRefusesUnsafeNamesAndCountsUnportableOnes/bad\\u202e.txt","Output":"--- FAIL: TestSourceRefusesUnsafeNamesAndCountsUnportableOnes/bad\\u202e.txt (0.00s)\n","OutputType":"frame"}
{"Time":"2026-10-10T00:17:23.894045-04:00","Action":"fail","Package":"fairdrop/internal/source","Test":"TestSourceRefusesUnsafeNamesAndCountsUnportableOnes/bad\\u202e.txt","Elapsed":0}
{"Time":"2026-10-10T00:17:23.894058-04:00","Action":"run","Package":"fairdrop/internal/source","Test":"TestSourceRefusesUnsafeNamesAndCountsUnportableOnes/bad\\x01.txt"}
{"Time":"2026-10-10T00:17:23.894061-04:00","Action":"output","Package":"fairdrop/internal/source","Test":"TestSourceRefusesUnsafeNamesAndCountsUnportableOnes/bad\\x01.txt","Output":"=== RUN   TestSourceRefusesUnsafeNamesAndCountsUnportableOnes/bad\\x01.txt\n","OutputType":"frame"}
{"Time":"2026-10-10T00:17:23.894084-04:00","Action":"output","Package":"fairdrop/internal/source","Test":"TestSourceRefusesUnsafeNamesAndCountsUnportableOnes/bad\\x01.txt","Output":"    hardening_test.go:311: error = \u003cnil\u003e, code = \"\", want \"name_unsupported\"\n","OutputType":"error"}
{"Time":"2026-10-10T00:17:23.894089-04:00","Action":"output","Package":"fairdrop/internal/source","Test":"TestSourceRefusesUnsafeNamesAndCountsUnportableOnes/bad\\x01.txt","Output":"--- FAIL: TestSourceRefusesUnsafeNamesAndCountsUnportableOnes/bad\\x01.txt (0.00s)\n","OutputType":"frame"}
{"Time":"2026-10-10T00:17:23.894093-04:00","Action":"fail","Package":"fairdrop/internal/source","Test":"TestSourceRefusesUnsafeNamesAndCountsUnportableOnes/bad\\x01.txt","Elapsed":0}
{"Time":"2026-10-10T00:17:23.894097-04:00","Action":"run","Package":"fairdrop/internal/source","Test":"TestSourceRefusesUnsafeNamesAndCountsUnportableOnes/C:evil.txt"}
{"Time":"2026-10-10T00:17:23.8941-04:00","Action":"output","Package":"fairdrop/internal/source","Test":"TestSourceRefusesUnsafeNamesAndCountsUnportableOnes/C:evil.txt","Output":"=== RUN   TestSourceRefusesUnsafeNamesAndCountsUnportableOnes/C:evil.txt\n","OutputType":"frame"}
{"Time":"2026-10-10T00:17:23.894105-04:00","Action":"output","Package":"fairdrop/internal/source","Test":"TestSourceRefusesUnsafeNamesAndCountsUnportableOnes/C:evil.txt","Output":"    hardening_test.go:311: error = \u003cnil\u003e, code = \"\", want \"name_unsupported\"\n","OutputType":"error"}
{"Time":"2026-10-10T00:17:23.894111-04:00","Action":"output","Package":"fairdrop/internal/source","Test":"TestSourceRefusesUnsafeNamesAndCountsUnportableOnes/C:evil.txt","Output":"--- FAIL: TestSourceRefusesUnsafeNamesAndCountsUnportableOnes/C:evil.txt (0.00s)\n","OutputType":"frame"}
{"Time":"2026-10-10T00:17:23.894118-04:00","Action":"fail","Package":"fairdrop/internal/source","Test":"TestSourceRefusesUnsafeNamesAndCountsUnportableOnes/C:evil.txt","Elapsed":0}
{"Time":"2026-10-10T00:17:23.894147-04:00","Action":"run","Package":"fairdrop/internal/source","Test":"TestSourceRefusesUnsafeNamesAndCountsUnportableOnes/NUL_.txt"}
{"Time":"2026-10-10T00:17:23.89415-04:00","Action":"output","Package":"fairdrop/internal/source","Test":"TestSourceRefusesUnsafeNamesAndCountsUnportableOnes/NUL_.txt","Output":"=== RUN   TestSourceRefusesUnsafeNamesAndCountsUnportableOnes/NUL_.txt\n","OutputType":"frame"}
{"Time":"2026-10-10T00:17:23.894154-04:00","Action":"output","Package":"fairdrop/internal/source","Test":"TestSourceRefusesUnsafeNamesAndCountsUnportableOnes/NUL_.txt","Output":"--- PASS: TestSourceRefusesUnsafeNamesAndCountsUnportableOnes/NUL_.txt (0.00s)\n","OutputType":"frame"}
{"Time":"2026-10-10T00:17:23.894163-04:00","Action":"pass","Package":"fairdrop/internal/source","Test":"TestSourceRefusesUnsafeNamesAndCountsUnportableOnes/NUL_.txt","Elapsed":0}
{"Time":"2026-10-10T00:17:23.894167-04:00","Action":"run","Package":"fairdrop/internal/source","Test":"TestSourceRefusesUnsafeNamesAndCountsUnportableOnes/COM¹.txt"}
{"Time":"2026-10-10T00:17:23.894169-04:00","Action":"output","Package":"fairdrop/internal/source","Test":"TestSourceRefusesUnsafeNamesAndCountsUnportableOnes/COM¹.txt","Output":"=== RUN   TestSourceRefusesUnsafeNamesAndCountsUnportableOnes/COM¹.txt\n","OutputType":"frame"}
{"Time":"2026-10-10T00:17:23.894173-04:00","Action":"output","Package":"fairdrop/internal/source","Test":"TestSourceRefusesUnsafeNamesAndCountsUnportableOnes/COM¹.txt","Output":"--- PASS: TestSourceRefusesUnsafeNamesAndCountsUnportableOnes/COM¹.txt (0.00s)\n","OutputType":"frame"}
{"Time":"2026-10-10T00:17:23.894176-04:00","Action":"pass","Package":"fairdrop/internal/source","Test":"TestSourceRefusesUnsafeNamesAndCountsUnportableOnes/COM¹.txt","Elapsed":0}
{"Time":"2026-10-10T00:17:23.894179-04:00","Action":"run","Package":"fairdrop/internal/source","Test":"TestSourceRefusesUnsafeNamesAndCountsUnportableOnes/LPT³"}
{"Time":"2026-10-10T00:17:23.894181-04:00","Action":"output","Package":"fairdrop/internal/source","Test":"TestSourceRefusesUnsafeNamesAndCountsUnportableOnes/LPT³","Output":"=== RUN   TestSourceRefusesUnsafeNamesAndCountsUnportableOnes/LPT³\n","OutputType":"frame"}
{"Time":"2026-10-10T00:17:23.894184-04:00","Action":"output","Package":"fairdrop/internal/source","Test":"TestSourceRefusesUnsafeNamesAndCountsUnportableOnes/LPT³","Output":"--- PASS: TestSourceRefusesUnsafeNamesAndCountsUnportableOnes/LPT³ (0.00s)\n","OutputType":"frame"}
{"Time":"2026-10-10T00:17:23.894187-04:00","Action":"pass","Package":"fairdrop/internal/source","Test":"TestSourceRefusesUnsafeNamesAndCountsUnportableOnes/LPT³","Elapsed":0}
{"Time":"2026-10-10T00:17:23.894189-04:00","Action":"run","Package":"fairdrop/internal/source","Test":"TestSourceRefusesUnsafeNamesAndCountsUnportableOnes/bad\u003c"}
{"Time":"2026-10-10T00:17:23.894192-04:00","Action":"output","Package":"fairdrop/internal/source","Test":"TestSourceRefusesUnsafeNamesAndCountsUnportableOnes/bad\u003c","Output":"=== RUN   TestSourceRefusesUnsafeNamesAndCountsUnportableOnes/bad\u003c\n","OutputType":"frame"}
{"Time":"2026-10-10T00:17:23.894198-04:00","Action":"output","Package":"fairdrop/internal/source","Test":"TestSourceRefusesUnsafeNamesAndCountsUnportableOnes/bad\u003c","Output":"--- PASS: TestSourceRefusesUnsafeNamesAndCountsUnportableOnes/bad\u003c (0.00s)\n","OutputType":"frame"}
{"Time":"2026-10-10T00:17:23.894202-04:00","Action":"pass","Package":"fairdrop/internal/source","Test":"TestSourceRefusesUnsafeNamesAndCountsUnportableOnes/bad\u003c","Elapsed":0}
{"Time":"2026-10-10T00:17:23.894204-04:00","Action":"run","Package":"fairdrop/internal/source","Test":"TestSourceRefusesUnsafeNamesAndCountsUnportableOnes/bad\u003e"}
{"Time":"2026-10-10T00:17:23.894207-04:00","Action":"output","Package":"fairdrop/internal/source","Test":"TestSourceRefusesUnsafeNamesAndCountsUnportableOnes/bad\u003e","Output":"=== RUN   TestSourceRefusesUnsafeNamesAndCountsUnportableOnes/bad\u003e\n","OutputType":"frame"}
{"Time":"2026-10-10T00:17:23.894214-04:00","Action":"output","Package":"fairdrop/internal/source","Test":"TestSourceRefusesUnsafeNamesAndCountsUnportableOnes/bad\u003e","Output":"--- PASS: TestSourceRefusesUnsafeNamesAndCountsUnportableOnes/bad\u003e (0.00s)\n","OutputType":"frame"}
{"Time":"2026-10-10T00:17:23.894216-04:00","Action":"pass","Package":"fairdrop/internal/source","Test":"TestSourceRefusesUnsafeNamesAndCountsUnportableOnes/bad\u003e","Elapsed":0}
{"Time":"2026-10-10T00:17:23.894219-04:00","Action":"run","Package":"fairdrop/internal/source","Test":"TestSourceRefusesUnsafeNamesAndCountsUnportableOnes/bad|"}
{"Time":"2026-10-10T00:17:23.894221-04:00","Action":"output","Package":"fairdrop/internal/source","Test":"TestSourceRefusesUnsafeNamesAndCountsUnportableOnes/bad|","Output":"=== RUN   TestSourceRefusesUnsafeNamesAndCountsUnportableOnes/bad|\n","OutputType":"frame"}
{"Time":"2026-10-10T00:17:23.894224-04:00","Action":"output","Package":"fairdrop/internal/source","Test":"TestSourceRefusesUnsafeNamesAndCountsUnportableOnes/bad|","Output":"--- PASS: TestSourceRefusesUnsafeNamesAndCountsUnportableOnes/bad| (0.00s)\n","OutputType":"frame"}
{"Time":"2026-10-10T00:17:23.894227-04:00","Action":"pass","Package":"fairdrop/internal/source","Test":"TestSourceRefusesUnsafeNamesAndCountsUnportableOnes/bad|","Elapsed":0}
{"Time":"2026-10-10T00:17:23.894229-04:00","Action":"run","Package":"fairdrop/internal/source","Test":"TestSourceRefusesUnsafeNamesAndCountsUnportableOnes/bad?"}
{"Time":"2026-10-10T00:17:23.894231-04:00","Action":"output","Package":"fairdrop/internal/source","Test":"TestSourceRefusesUnsafeNamesAndCountsUnportableOnes/bad?","Output":"=== RUN   TestSourceRefusesUnsafeNamesAndCountsUnportableOnes/bad?\n","OutputType":"frame"}
{"Time":"2026-10-10T00:17:23.894235-04:00","Action":"output","Package":"fairdrop/internal/source","Test":"TestSourceRefusesUnsafeNamesAndCountsUnportableOnes/bad?","Output":"--- PASS: TestSourceRefusesUnsafeNamesAndCountsUnportableOnes/bad? (0.00s)\n","OutputType":"frame"}
{"Time":"2026-10-10T00:17:23.894241-04:00","Action":"pass","Package":"fairdrop/internal/source","Test":"TestSourceRefusesUnsafeNamesAndCountsUnportableOnes/bad?","Elapsed":0}
{"Time":"2026-10-10T00:17:23.894244-04:00","Action":"run","Package":"fairdrop/internal/source","Test":"TestSourceRefusesUnsafeNamesAndCountsUnportableOnes/bad*"}
{"Time":"2026-10-10T00:17:23.894246-04:00","Action":"output","Package":"fairdrop/internal/source","Test":"TestSourceRefusesUnsafeNamesAndCountsUnportableOnes/bad*","Output":"=== RUN   TestSourceRefusesUnsafeNamesAndCountsUnportableOnes/bad*\n","OutputType":"frame"}
{"Time":"2026-10-10T00:17:23.894251-04:00","Action":"output","Package":"fairdrop/internal/source","Test":"TestSourceRefusesUnsafeNamesAndCountsUnportableOnes/bad*","Output":"--- PASS: TestSourceRefusesUnsafeNamesAndCountsUnportableOnes/bad* (0.00s)\n","OutputType":"frame"}
{"Time":"2026-10-10T00:17:23.894255-04:00","Action":"pass","Package":"fairdrop/internal/source","Test":"TestSourceRefusesUnsafeNamesAndCountsUnportableOnes/bad*","Elapsed":0}
{"Time":"2026-10-10T00:17:23.894258-04:00","Action":"run","Package":"fairdrop/internal/source","Test":"TestSourceRefusesUnsafeNamesAndCountsUnportableOnes/ab:cd"}
{"Time":"2026-10-10T00:17:23.894262-04:00","Action":"output","Package":"fairdrop/internal/source","Test":"TestSourceRefusesUnsafeNamesAndCountsUnportableOnes/ab:cd","Output":"=== RUN   TestSourceRefusesUnsafeNamesAndCountsUnportableOnes/ab:cd\n","OutputType":"frame"}
{"Time":"2026-10-10T00:17:23.894266-04:00","Action":"output","Package":"fairdrop/internal/source","Test":"TestSourceRefusesUnsafeNamesAndCountsUnportableOnes/ab:cd","Output":"--- PASS: TestSourceRefusesUnsafeNamesAndCountsUnportableOnes/ab:cd (0.00s)\n","OutputType":"frame"}
{"Time":"2026-10-10T00:17:23.89427-04:00","Action":"pass","Package":"fairdrop/internal/source","Test":"TestSourceRefusesUnsafeNamesAndCountsUnportableOnes/ab:cd","Elapsed":0}
{"Time":"2026-10-10T00:17:23.894274-04:00","Action":"run","Package":"fairdrop/internal/source","Test":"TestSourceRefusesUnsafeNamesAndCountsUnportableOnes/bad\""}
{"Time":"2026-10-10T00:17:23.894282-04:00","Action":"output","Package":"fairdrop/internal/source","Test":"TestSourceRefusesUnsafeNamesAndCountsUnportableOnes/bad\"","Output":"=== RUN   TestSourceRefusesUnsafeNamesAndCountsUnportableOnes/bad\"\n","OutputType":"frame"}
{"Time":"2026-10-10T00:17:23.894286-04:00","Action":"output","Package":"fairdrop/internal/source","Test":"TestSourceRefusesUnsafeNamesAndCountsUnportableOnes/bad\"","Output":"--- PASS: TestSourceRefusesUnsafeNamesAndCountsUnportableOnes/bad\" (0.00s)\n","OutputType":"frame"}
{"Time":"2026-10-10T00:17:23.89429-04:00","Action":"pass","Package":"fairdrop/internal/source","Test":"TestSourceRefusesUnsafeNamesAndCountsUnportableOnes/bad\"","Elapsed":0}
{"Time":"2026-10-10T00:17:23.894294-04:00","Action":"run","Package":"fairdrop/internal/source","Test":"TestSourceRefusesUnsafeNamesAndCountsUnportableOnes/tail."}
{"Time":"2026-10-10T00:17:23.894298-04:00","Action":"output","Package":"fairdrop/internal/source","Test":"TestSourceRefusesUnsafeNamesAndCountsUnportableOnes/tail.","Output":"=== RUN   TestSourceRefusesUnsafeNamesAndCountsUnportableOnes/tail.\n","OutputType":"frame"}
{"Time":"2026-10-10T00:17:23.89431-04:00","Action":"output","Package":"fairdrop/internal/source","Test":"TestSourceRefusesUnsafeNamesAndCountsUnportableOnes/tail.","Output":"--- PASS: TestSourceRefusesUnsafeNamesAndCountsUnportableOnes/tail. (0.00s)\n","OutputType":"frame"}
{"Time":"2026-10-10T00:17:23.894313-04:00","Action":"pass","Package":"fairdrop/internal/source","Test":"TestSourceRefusesUnsafeNamesAndCountsUnportableOnes/tail.","Elapsed":0}
{"Time":"2026-10-10T00:17:23.894316-04:00","Action":"run","Package":"fairdrop/internal/source","Test":"TestSourceRefusesUnsafeNamesAndCountsUnportableOnes/tail_"}
{"Time":"2026-10-10T00:17:23.894318-04:00","Action":"output","Package":"fairdrop/internal/source","Test":"TestSourceRefusesUnsafeNamesAndCountsUnportableOnes/tail_","Output":"=== RUN   TestSourceRefusesUnsafeNamesAndCountsUnportableOnes/tail_\n","OutputType":"frame"}
{"Time":"2026-10-10T00:17:23.894321-04:00","Action":"output","Package":"fairdrop/internal/source","Test":"TestSourceRefusesUnsafeNamesAndCountsUnportableOnes/tail_","Output":"--- PASS: TestSourceRefusesUnsafeNamesAndCountsUnportableOnes/tail_ (0.00s)\n","OutputType":"frame"}
{"Time":"2026-10-10T00:17:23.894323-04:00","Action":"pass","Package":"fairdrop/internal/source","Test":"TestSourceRefusesUnsafeNamesAndCountsUnportableOnes/tail_","Elapsed":0}
{"Time":"2026-10-10T00:17:23.894326-04:00","Action":"output","Package":"fairdrop/internal/source","Test":"TestSourceRefusesUnsafeNamesAndCountsUnportableOnes","Output":"--- FAIL: TestSourceRefusesUnsafeNamesAndCountsUnportableOnes (0.00s)\n","OutputType":"frame"}
{"Time":"2026-10-10T00:17:23.894329-04:00","Action":"fail","Package":"fairdrop/internal/source","Test":"TestSourceRefusesUnsafeNamesAndCountsUnportableOnes","Elapsed":0}
{"Time":"2026-10-10T00:17:23.894338-04:00","Action":"output","Package":"fairdrop/internal/source","Output":"FAIL\n","OutputType":"frame"}
{"Time":"2026-10-10T00:17:23.894674-04:00","Action":"output","Package":"fairdrop/internal/source","Output":"FAIL\tfairdrop/internal/source\t0.229s\n","OutputType":"frame"}
{"Time":"2026-10-10T00:17:23.894682-04:00","Action":"fail","Package":"fairdrop/internal/source","Elapsed":0.229}
KILLED: bypass source unsafe-name refusal by TestSourceRefusesUnsafeNamesAndCountsUnportableOnes (expected injected assertion failure, not a product failure)
EXPECTED INJECTED FAILURE: bypass ZIP segment refusal; requires 'unsafe nested ZIP name accepted' in a failing test/subtest of TestArchiveNamesAreRejectedOnlyWhenUnsafe
{"Time":"2026-10-10T00:17:24.508875-04:00","Action":"start","Package":"fairdrop/internal/stream"}
{"Time":"2026-10-10T00:17:24.742304-04:00","Action":"run","Package":"fairdrop/internal/stream","Test":"TestArchiveNamesAreRejectedOnlyWhenUnsafe"}
{"Time":"2026-10-10T00:17:24.742412-04:00","Action":"output","Package":"fairdrop/internal/stream","Test":"TestArchiveNamesAreRejectedOnlyWhenUnsafe","Output":"=== RUN   TestArchiveNamesAreRejectedOnlyWhenUnsafe\n","OutputType":"frame"}
{"Time":"2026-10-10T00:17:24.742467-04:00","Action":"output","Package":"fairdrop/internal/stream","Test":"TestArchiveNamesAreRejectedOnlyWhenUnsafe","Output":"    hardening_test.go:66: unsafe nested ZIP name accepted: \"root/folder/bad\\u202ename\" \u003cnil\u003e\n","OutputType":"error"}
{"Time":"2026-10-10T00:17:24.742481-04:00","Action":"output","Package":"fairdrop/internal/stream","Test":"TestArchiveNamesAreRejectedOnlyWhenUnsafe","Output":"    hardening_test.go:66: unsafe nested ZIP name accepted: \"root/folder/bad\\x01name\" \u003cnil\u003e\n","OutputType":"error"}
{"Time":"2026-10-10T00:17:24.742489-04:00","Action":"output","Package":"fairdrop/internal/stream","Test":"TestArchiveNamesAreRejectedOnlyWhenUnsafe","Output":"    hardening_test.go:66: unsafe nested ZIP name accepted: \"root/folder/C:evil.txt\" \u003cnil\u003e\n","OutputType":"error"}
{"Time":"2026-10-10T00:17:24.742493-04:00","Action":"output","Package":"fairdrop/internal/stream","Test":"TestArchiveNamesAreRejectedOnlyWhenUnsafe","Output":"    hardening_test.go:66: unsafe nested ZIP name accepted: \"root/folder/..\" \u003cnil\u003e\n","OutputType":"error"}
{"Time":"2026-10-10T00:17:24.742497-04:00","Action":"output","Package":"fairdrop/internal/stream","Test":"TestArchiveNamesAreRejectedOnlyWhenUnsafe","Output":"    hardening_test.go:66: unsafe nested ZIP name accepted: \"root/folder/.\" \u003cnil\u003e\n","OutputType":"error"}
{"Time":"2026-10-10T00:17:24.742503-04:00","Action":"output","Package":"fairdrop/internal/stream","Test":"TestArchiveNamesAreRejectedOnlyWhenUnsafe","Output":"--- FAIL: TestArchiveNamesAreRejectedOnlyWhenUnsafe (0.00s)\n","OutputType":"frame"}
{"Time":"2026-10-10T00:17:24.742507-04:00","Action":"fail","Package":"fairdrop/internal/stream","Test":"TestArchiveNamesAreRejectedOnlyWhenUnsafe","Elapsed":0}
{"Time":"2026-10-10T00:17:24.742518-04:00","Action":"output","Package":"fairdrop/internal/stream","Output":"FAIL\n","OutputType":"frame"}
{"Time":"2026-10-10T00:17:24.743239-04:00","Action":"output","Package":"fairdrop/internal/stream","Output":"FAIL\tfairdrop/internal/stream\t0.234s\n","OutputType":"frame"}
{"Time":"2026-10-10T00:17:24.743267-04:00","Action":"fail","Package":"fairdrop/internal/stream","Elapsed":0.234}
KILLED: bypass ZIP segment refusal by TestArchiveNamesAreRejectedOnlyWhenUnsafe (expected injected assertion failure, not a product failure)
EXPECTED INJECTED FAILURE: let a drive prefix through the download-name sanitizer; requires 'want a payload built on a sanitized root' in a failing test/subtest of TestPrepareSanitizesEveryArchiveRootItAccepts
{"Time":"2026-10-10T00:17:25.320272-04:00","Action":"start","Package":"fairdrop/internal/stream"}
{"Time":"2026-10-10T00:17:25.560816-04:00","Action":"run","Package":"fairdrop/internal/stream","Test":"TestPrepareSanitizesEveryArchiveRootItAccepts"}
{"Time":"2026-10-10T00:17:25.560978-04:00","Action":"output","Package":"fairdrop/internal/stream","Test":"TestPrepareSanitizesEveryArchiveRootItAccepts","Output":"=== RUN   TestPrepareSanitizesEveryArchiveRootItAccepts\n","OutputType":"frame"}
{"Time":"2026-10-10T00:17:25.561051-04:00","Action":"output","Package":"fairdrop/internal/stream","Test":"TestPrepareSanitizesEveryArchiveRootItAccepts","Output":"    hardening_test.go:114: Prepare(\"C:evil\") = path_unsupported: payload archive entry name is not safe to place under the root, want a payload built on a sanitized root\n","OutputType":"error"}
{"Time":"2026-10-10T00:17:25.561148-04:00","Action":"output","Package":"fairdrop/internal/stream","Test":"TestPrepareSanitizesEveryArchiveRootItAccepts","Output":"--- FAIL: TestPrepareSanitizesEveryArchiveRootItAccepts (0.00s)\n","OutputType":"frame"}
{"Time":"2026-10-10T00:17:25.561182-04:00","Action":"fail","Package":"fairdrop/internal/stream","Test":"TestPrepareSanitizesEveryArchiveRootItAccepts","Elapsed":0}
{"Time":"2026-10-10T00:17:25.561217-04:00","Action":"output","Package":"fairdrop/internal/stream","Output":"FAIL\n","OutputType":"frame"}
{"Time":"2026-10-10T00:17:25.562691-04:00","Action":"output","Package":"fairdrop/internal/stream","Output":"FAIL\tfairdrop/internal/stream\t0.242s\n","OutputType":"frame"}
{"Time":"2026-10-10T00:17:25.562718-04:00","Action":"fail","Package":"fairdrop/internal/stream","Elapsed":0.242}
KILLED: let a drive prefix through the download-name sanitizer by TestPrepareSanitizesEveryArchiveRootItAccepts (expected injected assertion failure, not a product failure)
EXPECTED INJECTED FAILURE: change portable file mode; requires 'ZIP mode for' in a failing test/subtest of TestArchiveEmitsExplicitPortableModes
{"Time":"2026-10-10T00:17:26.136843-04:00","Action":"start","Package":"fairdrop/internal/stream"}
{"Time":"2026-10-10T00:17:26.359437-04:00","Action":"run","Package":"fairdrop/internal/stream","Test":"TestArchiveEmitsExplicitPortableModes"}
{"Time":"2026-10-10T00:17:26.359529-04:00","Action":"output","Package":"fairdrop/internal/stream","Test":"TestArchiveEmitsExplicitPortableModes","Output":"=== RUN   TestArchiveEmitsExplicitPortableModes\n","OutputType":"frame"}
{"Time":"2026-10-10T00:17:26.360258-04:00","Action":"output","Package":"fairdrop/internal/stream","Test":"TestArchiveEmitsExplicitPortableModes","Output":"    hardening_test.go:153: ZIP mode for \"root/nested/file\" = -rw-------, want -rw-r--r--\n","OutputType":"error"}
{"Time":"2026-10-10T00:17:26.36047-04:00","Action":"output","Package":"fairdrop/internal/stream","Test":"TestArchiveEmitsExplicitPortableModes","Output":"--- FAIL: TestArchiveEmitsExplicitPortableModes (0.00s)\n","OutputType":"frame"}
{"Time":"2026-10-10T00:17:26.360479-04:00","Action":"fail","Package":"fairdrop/internal/stream","Test":"TestArchiveEmitsExplicitPortableModes","Elapsed":0}
{"Time":"2026-10-10T00:17:26.360493-04:00","Action":"output","Package":"fairdrop/internal/stream","Output":"FAIL\n","OutputType":"frame"}
{"Time":"2026-10-10T00:17:26.361048-04:00","Action":"output","Package":"fairdrop/internal/stream","Output":"FAIL\tfairdrop/internal/stream\t0.224s\n","OutputType":"frame"}
{"Time":"2026-10-10T00:17:26.361065-04:00","Action":"fail","Package":"fairdrop/internal/stream","Elapsed":0.224}
KILLED: change portable file mode by TestArchiveEmitsExplicitPortableModes (expected injected assertion failure, not a product failure)
EXPECTED INJECTED FAILURE: change portable directory mode; requires 'ZIP mode for' in a failing test/subtest of TestArchiveEmitsExplicitPortableModes
{"Time":"2026-10-10T00:17:26.930105-04:00","Action":"start","Package":"fairdrop/internal/stream"}
{"Time":"2026-10-10T00:17:27.151457-04:00","Action":"run","Package":"fairdrop/internal/stream","Test":"TestArchiveEmitsExplicitPortableModes"}
{"Time":"2026-10-10T00:17:27.151548-04:00","Action":"output","Package":"fairdrop/internal/stream","Test":"TestArchiveEmitsExplicitPortableModes","Output":"=== RUN   TestArchiveEmitsExplicitPortableModes\n","OutputType":"frame"}
{"Time":"2026-10-10T00:17:27.152681-04:00","Action":"output","Package":"fairdrop/internal/stream","Test":"TestArchiveEmitsExplicitPortableModes","Output":"    hardening_test.go:153: ZIP mode for \"root/\" = drwx------, want drwxr-xr-x\n","OutputType":"error"}
{"Time":"2026-10-10T00:17:27.15271-04:00","Action":"output","Package":"fairdrop/internal/stream","Test":"TestArchiveEmitsExplicitPortableModes","Output":"    hardening_test.go:153: ZIP mode for \"root/nested/\" = drwx------, want drwxr-xr-x\n","OutputType":"error"}
{"Time":"2026-10-10T00:17:27.152902-04:00","Action":"output","Package":"fairdrop/internal/stream","Test":"TestArchiveEmitsExplicitPortableModes","Output":"--- FAIL: TestArchiveEmitsExplicitPortableModes (0.00s)\n","OutputType":"frame"}
{"Time":"2026-10-10T00:17:27.152911-04:00","Action":"fail","Package":"fairdrop/internal/stream","Test":"TestArchiveEmitsExplicitPortableModes","Elapsed":0}
{"Time":"2026-10-10T00:17:27.152931-04:00","Action":"output","Package":"fairdrop/internal/stream","Output":"FAIL\n","OutputType":"frame"}
{"Time":"2026-10-10T00:17:27.153431-04:00","Action":"output","Package":"fairdrop/internal/stream","Output":"FAIL\tfairdrop/internal/stream\t0.223s\n","OutputType":"frame"}
{"Time":"2026-10-10T00:17:27.153452-04:00","Action":"fail","Package":"fairdrop/internal/stream","Elapsed":0.223}
KILLED: change portable directory mode by TestArchiveEmitsExplicitPortableModes (expected injected assertion failure, not a product failure)
EXPECTED INJECTED FAILURE: remove archive drain stall guard; requires 'drain empty-read guard returned' in a failing test/subtest of TestEmptyReadGuardsFailOnRead101AndResetOnProgress
{"Time":"2026-10-10T00:17:27.716479-04:00","Action":"start","Package":"fairdrop/internal/stream"}
{"Time":"2026-10-10T00:17:27.951512-04:00","Action":"run","Package":"fairdrop/internal/stream","Test":"TestEmptyReadGuardsFailOnRead101AndResetOnProgress"}
{"Time":"2026-10-10T00:17:27.951583-04:00","Action":"output","Package":"fairdrop/internal/stream","Test":"TestEmptyReadGuardsFailOnRead101AndResetOnProgress","Output":"=== RUN   TestEmptyReadGuardsFailOnRead101AndResetOnProgress\n","OutputType":"frame"}
{"Time":"2026-10-10T00:17:27.951629-04:00","Action":"run","Package":"fairdrop/internal/stream","Test":"TestEmptyReadGuardsFailOnRead101AndResetOnProgress/drain/stalled"}
{"Time":"2026-10-10T00:17:27.951637-04:00","Action":"output","Package":"fairdrop/internal/stream","Test":"TestEmptyReadGuardsFailOnRead101AndResetOnProgress/drain/stalled","Output":"=== RUN   TestEmptyReadGuardsFailOnRead101AndResetOnProgress/drain/stalled\n","OutputType":"frame"}
{"Time":"2026-10-10T00:17:27.951797-04:00","Action":"output","Package":"fairdrop/internal/stream","Test":"TestEmptyReadGuardsFailOnRead101AndResetOnProgress/drain/stalled","Output":"    hardening_test.go:204: drain empty-read guard returned \u003cnil\u003e after 102 reads; want transfer_failed wrapping ErrNoProgress at 101\n","OutputType":"error"}
{"Time":"2026-10-10T00:17:27.95184-04:00","Action":"output","Package":"fairdrop/internal/stream","Test":"TestEmptyReadGuardsFailOnRead101AndResetOnProgress/drain/stalled","Output":"--- FAIL: TestEmptyReadGuardsFailOnRead101AndResetOnProgress/drain/stalled (0.00s)\n","OutputType":"frame"}
{"Time":"2026-10-10T00:17:27.951848-04:00","Action":"fail","Package":"fairdrop/internal/stream","Test":"TestEmptyReadGuardsFailOnRead101AndResetOnProgress/drain/stalled","Elapsed":0}
{"Time":"2026-10-10T00:17:27.95186-04:00","Action":"run","Package":"fairdrop/internal/stream","Test":"TestEmptyReadGuardsFailOnRead101AndResetOnProgress/drain/progress"}
{"Time":"2026-10-10T00:17:27.951865-04:00","Action":"output","Package":"fairdrop/internal/stream","Test":"TestEmptyReadGuardsFailOnRead101AndResetOnProgress/drain/progress","Output":"=== RUN   TestEmptyReadGuardsFailOnRead101AndResetOnProgress/drain/progress\n","OutputType":"frame"}
{"Time":"2026-10-10T00:17:27.951871-04:00","Action":"output","Package":"fairdrop/internal/stream","Test":"TestEmptyReadGuardsFailOnRead101AndResetOnProgress/drain/progress","Output":"--- PASS: TestEmptyReadGuardsFailOnRead101AndResetOnProgress/drain/progress (0.00s)\n","OutputType":"frame"}
{"Time":"2026-10-10T00:17:27.951879-04:00","Action":"pass","Package":"fairdrop/internal/stream","Test":"TestEmptyReadGuardsFailOnRead101AndResetOnProgress/drain/progress","Elapsed":0}
{"Time":"2026-10-10T00:17:27.951884-04:00","Action":"run","Package":"fairdrop/internal/stream","Test":"TestEmptyReadGuardsFailOnRead101AndResetOnProgress/entry/stalled"}
{"Time":"2026-10-10T00:17:27.951889-04:00","Action":"output","Package":"fairdrop/internal/stream","Test":"TestEmptyReadGuardsFailOnRead101AndResetOnProgress/entry/stalled","Output":"=== RUN   TestEmptyReadGuardsFailOnRead101AndResetOnProgress/entry/stalled\n","OutputType":"frame"}
{"Time":"2026-10-10T00:17:27.95212-04:00","Action":"output","Package":"fairdrop/internal/stream","Test":"TestEmptyReadGuardsFailOnRead101AndResetOnProgress/entry/stalled","Output":"--- PASS: TestEmptyReadGuardsFailOnRead101AndResetOnProgress/entry/stalled (0.00s)\n","OutputType":"frame"}
{"Time":"2026-10-10T00:17:27.952127-04:00","Action":"pass","Package":"fairdrop/internal/stream","Test":"TestEmptyReadGuardsFailOnRead101AndResetOnProgress/entry/stalled","Elapsed":0}
{"Time":"2026-10-10T00:17:27.952132-04:00","Action":"run","Package":"fairdrop/internal/stream","Test":"TestEmptyReadGuardsFailOnRead101AndResetOnProgress/entry/progress"}
{"Time":"2026-10-10T00:17:27.952136-04:00","Action":"output","Package":"fairdrop/internal/stream","Test":"TestEmptyReadGuardsFailOnRead101AndResetOnProgress/entry/progress","Output":"=== RUN   TestEmptyReadGuardsFailOnRead101AndResetOnProgress/entry/progress\n","OutputType":"frame"}
{"Time":"2026-10-10T00:17:27.952703-04:00","Action":"output","Package":"fairdrop/internal/stream","Test":"TestEmptyReadGuardsFailOnRead101AndResetOnProgress/entry/progress","Output":"--- PASS: TestEmptyReadGuardsFailOnRead101AndResetOnProgress/entry/progress (0.00s)\n","OutputType":"frame"}
{"Time":"2026-10-10T00:17:27.952738-04:00","Action":"pass","Package":"fairdrop/internal/stream","Test":"TestEmptyReadGuardsFailOnRead101AndResetOnProgress/entry/progress","Elapsed":0}
{"Time":"2026-10-10T00:17:27.952743-04:00","Action":"run","Package":"fairdrop/internal/stream","Test":"TestEmptyReadGuardsFailOnRead101AndResetOnProgress/file/stalled"}
{"Time":"2026-10-10T00:17:27.952747-04:00","Action":"output","Package":"fairdrop/internal/stream","Test":"TestEmptyReadGuardsFailOnRead101AndResetOnProgress/file/stalled","Output":"=== RUN   TestEmptyReadGuardsFailOnRead101AndResetOnProgress/file/stalled\n","OutputType":"frame"}
{"Time":"2026-10-10T00:17:27.952815-04:00","Action":"output","Package":"fairdrop/internal/stream","Test":"TestEmptyReadGuardsFailOnRead101AndResetOnProgress/file/stalled","Output":"--- PASS: TestEmptyReadGuardsFailOnRead101AndResetOnProgress/file/stalled (0.00s)\n","OutputType":"frame"}
{"Time":"2026-10-10T00:17:27.952825-04:00","Action":"pass","Package":"fairdrop/internal/stream","Test":"TestEmptyReadGuardsFailOnRead101AndResetOnProgress/file/stalled","Elapsed":0}
{"Time":"2026-10-10T00:17:27.952828-04:00","Action":"run","Package":"fairdrop/internal/stream","Test":"TestEmptyReadGuardsFailOnRead101AndResetOnProgress/file/progress"}
{"Time":"2026-10-10T00:17:27.952832-04:00","Action":"output","Package":"fairdrop/internal/stream","Test":"TestEmptyReadGuardsFailOnRead101AndResetOnProgress/file/progress","Output":"=== RUN   TestEmptyReadGuardsFailOnRead101AndResetOnProgress/file/progress\n","OutputType":"frame"}
{"Time":"2026-10-10T00:17:27.952837-04:00","Action":"output","Package":"fairdrop/internal/stream","Test":"TestEmptyReadGuardsFailOnRead101AndResetOnProgress/file/progress","Output":"--- PASS: TestEmptyReadGuardsFailOnRead101AndResetOnProgress/file/progress (0.00s)\n","OutputType":"frame"}
{"Time":"2026-10-10T00:17:27.952841-04:00","Action":"pass","Package":"fairdrop/internal/stream","Test":"TestEmptyReadGuardsFailOnRead101AndResetOnProgress/file/progress","Elapsed":0}
{"Time":"2026-10-10T00:17:27.952845-04:00","Action":"output","Package":"fairdrop/internal/stream","Test":"TestEmptyReadGuardsFailOnRead101AndResetOnProgress","Output":"--- FAIL: TestEmptyReadGuardsFailOnRead101AndResetOnProgress (0.00s)\n","OutputType":"frame"}
{"Time":"2026-10-10T00:17:27.952849-04:00","Action":"fail","Package":"fairdrop/internal/stream","Test":"TestEmptyReadGuardsFailOnRead101AndResetOnProgress","Elapsed":0}
{"Time":"2026-10-10T00:17:27.952852-04:00","Action":"output","Package":"fairdrop/internal/stream","Output":"FAIL\n","OutputType":"frame"}
{"Time":"2026-10-10T00:17:27.953496-04:00","Action":"output","Package":"fairdrop/internal/stream","Output":"FAIL\tfairdrop/internal/stream\t0.237s\n","OutputType":"frame"}
{"Time":"2026-10-10T00:17:27.953512-04:00","Action":"fail","Package":"fairdrop/internal/stream","Elapsed":0.237}
KILLED: remove archive drain stall guard by TestEmptyReadGuardsFailOnRead101AndResetOnProgress (expected injected assertion failure, not a product failure)
EXPECTED INJECTED FAILURE: do not reset archive drain stalls; requires 'drain did not reset empty-read count after progress' in a failing test/subtest of TestEmptyReadGuardsFailOnRead101AndResetOnProgress
{"Time":"2026-10-10T00:17:28.549648-04:00","Action":"start","Package":"fairdrop/internal/stream"}
{"Time":"2026-10-10T00:17:28.850269-04:00","Action":"run","Package":"fairdrop/internal/stream","Test":"TestEmptyReadGuardsFailOnRead101AndResetOnProgress"}
{"Time":"2026-10-10T00:17:28.850351-04:00","Action":"output","Package":"fairdrop/internal/stream","Test":"TestEmptyReadGuardsFailOnRead101AndResetOnProgress","Output":"=== RUN   TestEmptyReadGuardsFailOnRead101AndResetOnProgress\n","OutputType":"frame"}
{"Time":"2026-10-10T00:17:28.850393-04:00","Action":"run","Package":"fairdrop/internal/stream","Test":"TestEmptyReadGuardsFailOnRead101AndResetOnProgress/drain/stalled"}
{"Time":"2026-10-10T00:17:28.850401-04:00","Action":"output","Package":"fairdrop/internal/stream","Test":"TestEmptyReadGuardsFailOnRead101AndResetOnProgress/drain/stalled","Output":"=== RUN   TestEmptyReadGuardsFailOnRead101AndResetOnProgress/drain/stalled\n","OutputType":"frame"}
{"Time":"2026-10-10T00:17:28.850487-04:00","Action":"output","Package":"fairdrop/internal/stream","Test":"TestEmptyReadGuardsFailOnRead101AndResetOnProgress/drain/stalled","Output":"--- PASS: TestEmptyReadGuardsFailOnRead101AndResetOnProgress/drain/stalled (0.00s)\n","OutputType":"frame"}
{"Time":"2026-10-10T00:17:28.8505-04:00","Action":"pass","Package":"fairdrop/internal/stream","Test":"TestEmptyReadGuardsFailOnRead101AndResetOnProgress/drain/stalled","Elapsed":0}
{"Time":"2026-10-10T00:17:28.850517-04:00","Action":"run","Package":"fairdrop/internal/stream","Test":"TestEmptyReadGuardsFailOnRead101AndResetOnProgress/drain/progress"}
{"Time":"2026-10-10T00:17:28.850521-04:00","Action":"output","Package":"fairdrop/internal/stream","Test":"TestEmptyReadGuardsFailOnRead101AndResetOnProgress/drain/progress","Output":"=== RUN   TestEmptyReadGuardsFailOnRead101AndResetOnProgress/drain/progress\n","OutputType":"frame"}
{"Time":"2026-10-10T00:17:28.850553-04:00","Action":"output","Package":"fairdrop/internal/stream","Test":"TestEmptyReadGuardsFailOnRead101AndResetOnProgress/drain/progress","Output":"    hardening_test.go:207: drain did not reset empty-read count after progress: transfer_failed: payload archive stopped making progress\n","OutputType":"error"}
{"Time":"2026-10-10T00:17:28.85058-04:00","Action":"output","Package":"fairdrop/internal/stream","Test":"TestEmptyReadGuardsFailOnRead101AndResetOnProgress/drain/progress","Output":"--- FAIL: TestEmptyReadGuardsFailOnRead101AndResetOnProgress/drain/progress (0.00s)\n","OutputType":"frame"}
{"Time":"2026-10-10T00:17:28.850589-04:00","Action":"fail","Package":"fairdrop/internal/stream","Test":"TestEmptyReadGuardsFailOnRead101AndResetOnProgress/drain/progress","Elapsed":0}
{"Time":"2026-10-10T00:17:28.850594-04:00","Action":"run","Package":"fairdrop/internal/stream","Test":"TestEmptyReadGuardsFailOnRead101AndResetOnProgress/entry/stalled"}
{"Time":"2026-10-10T00:17:28.850597-04:00","Action":"output","Package":"fairdrop/internal/stream","Test":"TestEmptyReadGuardsFailOnRead101AndResetOnProgress/entry/stalled","Output":"=== RUN   TestEmptyReadGuardsFailOnRead101AndResetOnProgress/entry/stalled\n","OutputType":"frame"}
{"Time":"2026-10-10T00:17:28.850619-04:00","Action":"output","Package":"fairdrop/internal/stream","Test":"TestEmptyReadGuardsFailOnRead101AndResetOnProgress/entry/stalled","Output":"--- PASS: TestEmptyReadGuardsFailOnRead101AndResetOnProgress/entry/stalled (0.00s)\n","OutputType":"frame"}
{"Time":"2026-10-10T00:17:28.850635-04:00","Action":"pass","Package":"fairdrop/internal/stream","Test":"TestEmptyReadGuardsFailOnRead101AndResetOnProgress/entry/stalled","Elapsed":0}
{"Time":"2026-10-10T00:17:28.850651-04:00","Action":"run","Package":"fairdrop/internal/stream","Test":"TestEmptyReadGuardsFailOnRead101AndResetOnProgress/entry/progress"}
{"Time":"2026-10-10T00:17:28.850657-04:00","Action":"output","Package":"fairdrop/internal/stream","Test":"TestEmptyReadGuardsFailOnRead101AndResetOnProgress/entry/progress","Output":"=== RUN   TestEmptyReadGuardsFailOnRead101AndResetOnProgress/entry/progress\n","OutputType":"frame"}
{"Time":"2026-10-10T00:17:28.850706-04:00","Action":"output","Package":"fairdrop/internal/stream","Test":"TestEmptyReadGuardsFailOnRead101AndResetOnProgress/entry/progress","Output":"--- PASS: TestEmptyReadGuardsFailOnRead101AndResetOnProgress/entry/progress (0.00s)\n","OutputType":"frame"}
{"Time":"2026-10-10T00:17:28.850737-04:00","Action":"pass","Package":"fairdrop/internal/stream","Test":"TestEmptyReadGuardsFailOnRead101AndResetOnProgress/entry/progress","Elapsed":0}
{"Time":"2026-10-10T00:17:28.850741-04:00","Action":"run","Package":"fairdrop/internal/stream","Test":"TestEmptyReadGuardsFailOnRead101AndResetOnProgress/file/stalled"}
{"Time":"2026-10-10T00:17:28.850744-04:00","Action":"output","Package":"fairdrop/internal/stream","Test":"TestEmptyReadGuardsFailOnRead101AndResetOnProgress/file/stalled","Output":"=== RUN   TestEmptyReadGuardsFailOnRead101AndResetOnProgress/file/stalled\n","OutputType":"frame"}
{"Time":"2026-10-10T00:17:28.850747-04:00","Action":"output","Package":"fairdrop/internal/stream","Test":"TestEmptyReadGuardsFailOnRead101AndResetOnProgress/file/stalled","Output":"--- PASS: TestEmptyReadGuardsFailOnRead101AndResetOnProgress/file/stalled (0.00s)\n","OutputType":"frame"}
{"Time":"2026-10-10T00:17:28.85075-04:00","Action":"pass","Package":"fairdrop/internal/stream","Test":"TestEmptyReadGuardsFailOnRead101AndResetOnProgress/file/stalled","Elapsed":0}
{"Time":"2026-10-10T00:17:28.850753-04:00","Action":"run","Package":"fairdrop/internal/stream","Test":"TestEmptyReadGuardsFailOnRead101AndResetOnProgress/file/progress"}
{"Time":"2026-10-10T00:17:28.850756-04:00","Action":"output","Package":"fairdrop/internal/stream","Test":"TestEmptyReadGuardsFailOnRead101AndResetOnProgress/file/progress","Output":"=== RUN   TestEmptyReadGuardsFailOnRead101AndResetOnProgress/file/progress\n","OutputType":"frame"}
{"Time":"2026-10-10T00:17:28.850763-04:00","Action":"output","Package":"fairdrop/internal/stream","Test":"TestEmptyReadGuardsFailOnRead101AndResetOnProgress/file/progress","Output":"--- PASS: TestEmptyReadGuardsFailOnRead101AndResetOnProgress/file/progress (0.00s)\n","OutputType":"frame"}
{"Time":"2026-10-10T00:17:28.850768-04:00","Action":"pass","Package":"fairdrop/internal/stream","Test":"TestEmptyReadGuardsFailOnRead101AndResetOnProgress/file/progress","Elapsed":0}
{"Time":"2026-10-10T00:17:28.850771-04:00","Action":"output","Package":"fairdrop/internal/stream","Test":"TestEmptyReadGuardsFailOnRead101AndResetOnProgress","Output":"--- FAIL: TestEmptyReadGuardsFailOnRead101AndResetOnProgress (0.00s)\n","OutputType":"frame"}
{"Time":"2026-10-10T00:17:28.850774-04:00","Action":"fail","Package":"fairdrop/internal/stream","Test":"TestEmptyReadGuardsFailOnRead101AndResetOnProgress","Elapsed":0}
{"Time":"2026-10-10T00:17:28.850777-04:00","Action":"output","Package":"fairdrop/internal/stream","Output":"FAIL\n","OutputType":"frame"}
{"Time":"2026-10-10T00:17:28.851374-04:00","Action":"output","Package":"fairdrop/internal/stream","Output":"FAIL\tfairdrop/internal/stream\t0.301s\n","OutputType":"frame"}
{"Time":"2026-10-10T00:17:28.851391-04:00","Action":"fail","Package":"fairdrop/internal/stream","Elapsed":0.302}
KILLED: do not reset archive drain stalls by TestEmptyReadGuardsFailOnRead101AndResetOnProgress (expected injected assertion failure, not a product failure)
EXPECTED INJECTED FAILURE: admit responder during outstanding cleanup; requires 'want beacon_warning' in a failing test/subtest of TestWedgedStopDetachesAndCoalescesWithoutPoisoningSelection
{"Time":"2026-10-10T00:17:29.357479-04:00","Action":"start","Package":"fairdrop/internal/network"}
{"Time":"2026-10-10T00:17:29.588378-04:00","Action":"run","Package":"fairdrop/internal/network","Test":"TestWedgedStopDetachesAndCoalescesWithoutPoisoningSelection"}
{"Time":"2026-10-10T00:17:29.588477-04:00","Action":"output","Package":"fairdrop/internal/network","Test":"TestWedgedStopDetachesAndCoalescesWithoutPoisoningSelection","Output":"=== RUN   TestWedgedStopDetachesAndCoalescesWithoutPoisoningSelection\n","OutputType":"frame"}
{"Time":"2026-10-10T00:17:29.588575-04:00","Action":"output","Package":"fairdrop/internal/network","Test":"TestWedgedStopDetachesAndCoalescesWithoutPoisoningSelection","Output":"=== PAUSE TestWedgedStopDetachesAndCoalescesWithoutPoisoningSelection\n","OutputType":"frame"}
{"Time":"2026-10-10T00:17:29.588586-04:00","Action":"pause","Package":"fairdrop/internal/network","Test":"TestWedgedStopDetachesAndCoalescesWithoutPoisoningSelection"}
{"Time":"2026-10-10T00:17:29.588605-04:00","Action":"cont","Package":"fairdrop/internal/network","Test":"TestWedgedStopDetachesAndCoalescesWithoutPoisoningSelection"}
{"Time":"2026-10-10T00:17:29.588614-04:00","Action":"output","Package":"fairdrop/internal/network","Test":"TestWedgedStopDetachesAndCoalescesWithoutPoisoningSelection","Output":"=== CONT  TestWedgedStopDetachesAndCoalescesWithoutPoisoningSelection\n","OutputType":"frame"}
{"Time":"2026-10-10T00:17:29.588652-04:00","Action":"output","Package":"fairdrop/internal/network","Test":"TestWedgedStopDetachesAndCoalescesWithoutPoisoningSelection","Output":"    beacon_test.go:791: StartBeacon while Shutdown is wedged = \u003cnil\u003e, want beacon_warning\n","OutputType":"error"}
{"Time":"2026-10-10T00:17:29.588718-04:00","Action":"output","Package":"fairdrop/internal/network","Test":"TestWedgedStopDetachesAndCoalescesWithoutPoisoningSelection","Output":"--- FAIL: TestWedgedStopDetachesAndCoalescesWithoutPoisoningSelection (0.00s)\n","OutputType":"frame"}
{"Time":"2026-10-10T00:17:29.588733-04:00","Action":"fail","Package":"fairdrop/internal/network","Test":"TestWedgedStopDetachesAndCoalescesWithoutPoisoningSelection","Elapsed":0}
{"Time":"2026-10-10T00:17:29.588754-04:00","Action":"output","Package":"fairdrop/internal/network","Output":"FAIL\n","OutputType":"frame"}
{"Time":"2026-10-10T00:17:29.589729-04:00","Action":"output","Package":"fairdrop/internal/network","Output":"FAIL\tfairdrop/internal/network\t0.232s\n","OutputType":"frame"}
{"Time":"2026-10-10T00:17:29.589756-04:00","Action":"fail","Package":"fairdrop/internal/network","Elapsed":0.232}
KILLED: admit responder during outstanding cleanup by TestWedgedStopDetachesAndCoalescesWithoutPoisoningSelection (expected injected assertion failure, not a product failure)
EXPECTED INJECTED FAILURE: drop normal beacon joiner result; requires 'want the same stop-appropriate description' in a failing test/subtest of TestStopBeaconJoinerReceivesTheOwnersCleanupDiagnostic
{"Time":"2026-10-10T00:17:30.076349-04:00","Action":"start","Package":"fairdrop/internal/network"}
{"Time":"2026-10-10T00:17:30.288352-04:00","Action":"run","Package":"fairdrop/internal/network","Test":"TestStopBeaconJoinerReceivesTheOwnersCleanupDiagnostic"}
{"Time":"2026-10-10T00:17:30.288465-04:00","Action":"output","Package":"fairdrop/internal/network","Test":"TestStopBeaconJoinerReceivesTheOwnersCleanupDiagnostic","Output":"=== RUN   TestStopBeaconJoinerReceivesTheOwnersCleanupDiagnostic\n","OutputType":"frame"}
{"Time":"2026-10-10T00:17:30.288517-04:00","Action":"output","Package":"fairdrop/internal/network","Test":"TestStopBeaconJoinerReceivesTheOwnersCleanupDiagnostic","Output":"=== PAUSE TestStopBeaconJoinerReceivesTheOwnersCleanupDiagnostic\n","OutputType":"frame"}
{"Time":"2026-10-10T00:17:30.288524-04:00","Action":"pause","Package":"fairdrop/internal/network","Test":"TestStopBeaconJoinerReceivesTheOwnersCleanupDiagnostic"}
{"Time":"2026-10-10T00:17:30.288536-04:00","Action":"cont","Package":"fairdrop/internal/network","Test":"TestStopBeaconJoinerReceivesTheOwnersCleanupDiagnostic"}
{"Time":"2026-10-10T00:17:30.288541-04:00","Action":"output","Package":"fairdrop/internal/network","Test":"TestStopBeaconJoinerReceivesTheOwnersCleanupDiagnostic","Output":"=== CONT  TestStopBeaconJoinerReceivesTheOwnersCleanupDiagnostic\n","OutputType":"frame"}
{"Time":"2026-10-10T00:17:30.288547-04:00","Action":"output","Package":"fairdrop/internal/network","Test":"TestStopBeaconJoinerReceivesTheOwnersCleanupDiagnostic","Output":"    beacon_test.go:677: owner and joined StopBeacon results = (beacon_warning: device discovery cleanup reported a problem, \u003cnil\u003e), want the same stop-appropriate description\n","OutputType":"error"}
{"Time":"2026-10-10T00:17:30.288568-04:00","Action":"output","Package":"fairdrop/internal/network","Test":"TestStopBeaconJoinerReceivesTheOwnersCleanupDiagnostic","Output":"--- FAIL: TestStopBeaconJoinerReceivesTheOwnersCleanupDiagnostic (0.00s)\n","OutputType":"frame"}
{"Time":"2026-10-10T00:17:30.288575-04:00","Action":"fail","Package":"fairdrop/internal/network","Test":"TestStopBeaconJoinerReceivesTheOwnersCleanupDiagnostic","Elapsed":0}
{"Time":"2026-10-10T00:17:30.288582-04:00","Action":"output","Package":"fairdrop/internal/network","Output":"FAIL\n","OutputType":"frame"}
{"Time":"2026-10-10T00:17:30.289166-04:00","Action":"output","Package":"fairdrop/internal/network","Output":"FAIL\tfairdrop/internal/network\t0.213s\n","OutputType":"frame"}
{"Time":"2026-10-10T00:17:30.289187-04:00","Action":"fail","Package":"fairdrop/internal/network","Elapsed":0.213}
KILLED: drop normal beacon joiner result by TestStopBeaconJoinerReceivesTheOwnersCleanupDiagnostic (expected injected assertion failure, not a product failure)
EXPECTED INJECTED FAILURE: drop failed-start beacon joiner result; requires 'want two non-nil results' in a failing test/subtest of TestStopBeaconJoinsFailedStartCleanupAndRecovery
{"Time":"2026-10-10T00:17:30.657903-04:00","Action":"start","Package":"fairdrop/internal/network"}
{"Time":"2026-10-10T00:17:30.947334-04:00","Action":"run","Package":"fairdrop/internal/network","Test":"TestStopBeaconJoinsFailedStartCleanupAndRecovery"}
{"Time":"2026-10-10T00:17:30.947513-04:00","Action":"output","Package":"fairdrop/internal/network","Test":"TestStopBeaconJoinsFailedStartCleanupAndRecovery","Output":"=== RUN   TestStopBeaconJoinsFailedStartCleanupAndRecovery\n","OutputType":"frame"}
{"Time":"2026-10-10T00:17:30.947607-04:00","Action":"output","Package":"fairdrop/internal/network","Test":"TestStopBeaconJoinsFailedStartCleanupAndRecovery","Output":"=== PAUSE TestStopBeaconJoinsFailedStartCleanupAndRecovery\n","OutputType":"frame"}
{"Time":"2026-10-10T00:17:30.947623-04:00","Action":"pause","Package":"fairdrop/internal/network","Test":"TestStopBeaconJoinsFailedStartCleanupAndRecovery"}
{"Time":"2026-10-10T00:17:30.947635-04:00","Action":"cont","Package":"fairdrop/internal/network","Test":"TestStopBeaconJoinsFailedStartCleanupAndRecovery"}
{"Time":"2026-10-10T00:17:30.947646-04:00","Action":"output","Package":"fairdrop/internal/network","Test":"TestStopBeaconJoinsFailedStartCleanupAndRecovery","Output":"=== CONT  TestStopBeaconJoinsFailedStartCleanupAndRecovery\n","OutputType":"frame"}
{"Time":"2026-10-10T00:17:30.947661-04:00","Action":"output","Package":"fairdrop/internal/network","Test":"TestStopBeaconJoinsFailedStartCleanupAndRecovery","Output":"    beacon_test.go:721: failed-start owner and StopBeacon joiner = (beacon_warning: device discovery did not start, \u003cnil\u003e), want two non-nil results\n","OutputType":"error"}
{"Time":"2026-10-10T00:17:30.9477-04:00","Action":"output","Package":"fairdrop/internal/network","Test":"TestStopBeaconJoinsFailedStartCleanupAndRecovery","Output":"--- FAIL: TestStopBeaconJoinsFailedStartCleanupAndRecovery (0.00s)\n","OutputType":"frame"}
{"Time":"2026-10-10T00:17:30.947716-04:00","Action":"fail","Package":"fairdrop/internal/network","Test":"TestStopBeaconJoinsFailedStartCleanupAndRecovery","Elapsed":0}
{"Time":"2026-10-10T00:17:30.947747-04:00","Action":"output","Package":"fairdrop/internal/network","Output":"FAIL\n","OutputType":"frame"}
{"Time":"2026-10-10T00:17:30.949021-04:00","Action":"output","Package":"fairdrop/internal/network","Output":"FAIL\tfairdrop/internal/network\t0.291s\n","OutputType":"frame"}
{"Time":"2026-10-10T00:17:30.949051-04:00","Action":"fail","Package":"fairdrop/internal/network","Elapsed":0.291}
KILLED: drop failed-start beacon joiner result by TestStopBeaconJoinsFailedStartCleanupAndRecovery (expected injected assertion failure, not a product failure)
EXPECTED INJECTED FAILURE: invoke beacon factory before cleanup refusal; requires 'want the original one only' in a failing test/subtest of TestStopBeaconJoinerReceivesTheOwnersCleanupDiagnostic
{"Time":"2026-10-10T00:17:31.449974-04:00","Action":"start","Package":"fairdrop/internal/network"}
{"Time":"2026-10-10T00:17:31.709486-04:00","Action":"run","Package":"fairdrop/internal/network","Test":"TestStopBeaconJoinerReceivesTheOwnersCleanupDiagnostic"}
{"Time":"2026-10-10T00:17:31.709673-04:00","Action":"output","Package":"fairdrop/internal/network","Test":"TestStopBeaconJoinerReceivesTheOwnersCleanupDiagnostic","Output":"=== RUN   TestStopBeaconJoinerReceivesTheOwnersCleanupDiagnostic\n","OutputType":"frame"}
{"Time":"2026-10-10T00:17:31.709772-04:00","Action":"output","Package":"fairdrop/internal/network","Test":"TestStopBeaconJoinerReceivesTheOwnersCleanupDiagnostic","Output":"=== PAUSE TestStopBeaconJoinerReceivesTheOwnersCleanupDiagnostic\n","OutputType":"frame"}
{"Time":"2026-10-10T00:17:31.709788-04:00","Action":"pause","Package":"fairdrop/internal/network","Test":"TestStopBeaconJoinerReceivesTheOwnersCleanupDiagnostic"}
{"Time":"2026-10-10T00:17:31.709807-04:00","Action":"cont","Package":"fairdrop/internal/network","Test":"TestStopBeaconJoinerReceivesTheOwnersCleanupDiagnostic"}
{"Time":"2026-10-10T00:17:31.709819-04:00","Action":"output","Package":"fairdrop/internal/network","Test":"TestStopBeaconJoinerReceivesTheOwnersCleanupDiagnostic","Output":"=== CONT  TestStopBeaconJoinerReceivesTheOwnersCleanupDiagnostic\n","OutputType":"frame"}
{"Time":"2026-10-10T00:17:31.709838-04:00","Action":"output","Package":"fairdrop/internal/network","Test":"TestStopBeaconJoinerReceivesTheOwnersCleanupDiagnostic","Output":"    beacon_test.go:668: overlap invoked the start factory 2 times, want the original one only\n","OutputType":"error"}
{"Time":"2026-10-10T00:17:31.709876-04:00","Action":"output","Package":"fairdrop/internal/network","Test":"TestStopBeaconJoinerReceivesTheOwnersCleanupDiagnostic","Output":"--- FAIL: TestStopBeaconJoinerReceivesTheOwnersCleanupDiagnostic (0.00s)\n","OutputType":"frame"}
{"Time":"2026-10-10T00:17:31.709891-04:00","Action":"fail","Package":"fairdrop/internal/network","Test":"TestStopBeaconJoinerReceivesTheOwnersCleanupDiagnostic","Elapsed":0}
{"Time":"2026-10-10T00:17:31.70991-04:00","Action":"output","Package":"fairdrop/internal/network","Output":"FAIL\n","OutputType":"frame"}
{"Time":"2026-10-10T00:17:31.711178-04:00","Action":"output","Package":"fairdrop/internal/network","Output":"FAIL\tfairdrop/internal/network\t0.261s\n","OutputType":"frame"}
{"Time":"2026-10-10T00:17:31.711225-04:00","Action":"fail","Package":"fairdrop/internal/network","Elapsed":0.261}
KILLED: invoke beacon factory before cleanup refusal by TestStopBeaconJoinerReceivesTheOwnersCleanupDiagnostic (expected injected assertion failure, not a product failure)
EXPECTED INJECTED FAILURE: invoke beacon factory before failed-start refusal; requires 'want one' in a failing test/subtest of TestStopBeaconJoinsFailedStartCleanupAndRecovery
{"Time":"2026-10-10T00:17:32.104823-04:00","Action":"start","Package":"fairdrop/internal/network"}
{"Time":"2026-10-10T00:17:32.319528-04:00","Action":"run","Package":"fairdrop/internal/network","Test":"TestStopBeaconJoinsFailedStartCleanupAndRecovery"}
{"Time":"2026-10-10T00:17:32.319628-04:00","Action":"output","Package":"fairdrop/internal/network","Test":"TestStopBeaconJoinsFailedStartCleanupAndRecovery","Output":"=== RUN   TestStopBeaconJoinsFailedStartCleanupAndRecovery\n","OutputType":"frame"}
{"Time":"2026-10-10T00:17:32.319697-04:00","Action":"output","Package":"fairdrop/internal/network","Test":"TestStopBeaconJoinsFailedStartCleanupAndRecovery","Output":"=== PAUSE TestStopBeaconJoinsFailedStartCleanupAndRecovery\n","OutputType":"frame"}
{"Time":"2026-10-10T00:17:32.319707-04:00","Action":"pause","Package":"fairdrop/internal/network","Test":"TestStopBeaconJoinsFailedStartCleanupAndRecovery"}
{"Time":"2026-10-10T00:17:32.319716-04:00","Action":"cont","Package":"fairdrop/internal/network","Test":"TestStopBeaconJoinsFailedStartCleanupAndRecovery"}
{"Time":"2026-10-10T00:17:32.319723-04:00","Action":"output","Package":"fairdrop/internal/network","Test":"TestStopBeaconJoinsFailedStartCleanupAndRecovery","Output":"=== CONT  TestStopBeaconJoinsFailedStartCleanupAndRecovery\n","OutputType":"frame"}
{"Time":"2026-10-10T00:17:32.319731-04:00","Action":"output","Package":"fairdrop/internal/network","Test":"TestStopBeaconJoinsFailedStartCleanupAndRecovery","Output":"    beacon_test.go:716: failed-start overlap invoked the factory 2 times, want one\n","OutputType":"error"}
{"Time":"2026-10-10T00:17:32.319853-04:00","Action":"output","Package":"fairdrop/internal/network","Test":"TestStopBeaconJoinsFailedStartCleanupAndRecovery","Output":"--- FAIL: TestStopBeaconJoinsFailedStartCleanupAndRecovery (0.00s)\n","OutputType":"frame"}
{"Time":"2026-10-10T00:17:32.319865-04:00","Action":"fail","Package":"fairdrop/internal/network","Test":"TestStopBeaconJoinsFailedStartCleanupAndRecovery","Elapsed":0}
{"Time":"2026-10-10T00:17:32.319884-04:00","Action":"output","Package":"fairdrop/internal/network","Output":"FAIL\n","OutputType":"frame"}
{"Time":"2026-10-10T00:17:32.320767-04:00","Action":"output","Package":"fairdrop/internal/network","Output":"FAIL\tfairdrop/internal/network\t0.216s\n","OutputType":"frame"}
{"Time":"2026-10-10T00:17:32.320788-04:00","Action":"fail","Package":"fairdrop/internal/network","Elapsed":0.216}
KILLED: invoke beacon factory before failed-start refusal by TestStopBeaconJoinsFailedStartCleanupAndRecovery (expected injected assertion failure, not a product failure)
EXPECTED INJECTED FAILURE: retain network mutex across Shutdown; requires 'StopBeacon retained the manager mutex across Shutdown' in a failing test/subtest of TestWedgedStopDetachesAndCoalescesWithoutPoisoningSelection
{"Time":"2026-10-10T00:17:32.804556-04:00","Action":"start","Package":"fairdrop/internal/network"}
{"Time":"2026-10-10T00:17:33.063001-04:00","Action":"run","Package":"fairdrop/internal/network","Test":"TestWedgedStopDetachesAndCoalescesWithoutPoisoningSelection"}
{"Time":"2026-10-10T00:17:33.063168-04:00","Action":"output","Package":"fairdrop/internal/network","Test":"TestWedgedStopDetachesAndCoalescesWithoutPoisoningSelection","Output":"=== RUN   TestWedgedStopDetachesAndCoalescesWithoutPoisoningSelection\n","OutputType":"frame"}
{"Time":"2026-10-10T00:17:33.063278-04:00","Action":"output","Package":"fairdrop/internal/network","Test":"TestWedgedStopDetachesAndCoalescesWithoutPoisoningSelection","Output":"=== PAUSE TestWedgedStopDetachesAndCoalescesWithoutPoisoningSelection\n","OutputType":"frame"}
{"Time":"2026-10-10T00:17:33.063297-04:00","Action":"pause","Package":"fairdrop/internal/network","Test":"TestWedgedStopDetachesAndCoalescesWithoutPoisoningSelection"}
{"Time":"2026-10-10T00:17:33.06331-04:00","Action":"cont","Package":"fairdrop/internal/network","Test":"TestWedgedStopDetachesAndCoalescesWithoutPoisoningSelection"}
{"Time":"2026-10-10T00:17:33.063322-04:00","Action":"output","Package":"fairdrop/internal/network","Test":"TestWedgedStopDetachesAndCoalescesWithoutPoisoningSelection","Output":"=== CONT  TestWedgedStopDetachesAndCoalescesWithoutPoisoningSelection\n","OutputType":"frame"}
{"Time":"2026-10-10T00:17:33.063339-04:00","Action":"output","Package":"fairdrop/internal/network","Test":"TestWedgedStopDetachesAndCoalescesWithoutPoisoningSelection","Output":"    beacon_test.go:774: StopBeacon retained the manager mutex across Shutdown\n","OutputType":"error"}
{"Time":"2026-10-10T00:17:33.063355-04:00","Action":"output","Package":"fairdrop/internal/network","Test":"TestWedgedStopDetachesAndCoalescesWithoutPoisoningSelection","Output":"--- FAIL: TestWedgedStopDetachesAndCoalescesWithoutPoisoningSelection (0.00s)\n","OutputType":"frame"}
{"Time":"2026-10-10T00:17:33.063376-04:00","Action":"fail","Package":"fairdrop/internal/network","Test":"TestWedgedStopDetachesAndCoalescesWithoutPoisoningSelection","Elapsed":0}
{"Time":"2026-10-10T00:17:33.063403-04:00","Action":"output","Package":"fairdrop/internal/network","Output":"FAIL\n","OutputType":"frame"}
{"Time":"2026-10-10T00:17:33.064546-04:00","Action":"output","Package":"fairdrop/internal/network","Output":"FAIL\tfairdrop/internal/network\t0.260s\n","OutputType":"frame"}
{"Time":"2026-10-10T00:17:33.064577-04:00","Action":"fail","Package":"fairdrop/internal/network","Elapsed":0.26}
KILLED: retain network mutex across Shutdown by TestWedgedStopDetachesAndCoalescesWithoutPoisoningSelection (expected injected assertion failure, not a product failure)
EXPECTED INJECTED FAILURE: retain selection gate across Shutdown; requires 'StopBeacon retained the selection gate across Shutdown' in a failing test/subtest of TestWedgedStopDetachesAndCoalescesWithoutPoisoningSelection
{"Time":"2026-10-10T00:17:33.567149-04:00","Action":"start","Package":"fairdrop/internal/network"}
{"Time":"2026-10-10T00:17:33.804102-04:00","Action":"run","Package":"fairdrop/internal/network","Test":"TestWedgedStopDetachesAndCoalescesWithoutPoisoningSelection"}
{"Time":"2026-10-10T00:17:33.804166-04:00","Action":"output","Package":"fairdrop/internal/network","Test":"TestWedgedStopDetachesAndCoalescesWithoutPoisoningSelection","Output":"=== RUN   TestWedgedStopDetachesAndCoalescesWithoutPoisoningSelection\n","OutputType":"frame"}
{"Time":"2026-10-10T00:17:33.804203-04:00","Action":"output","Package":"fairdrop/internal/network","Test":"TestWedgedStopDetachesAndCoalescesWithoutPoisoningSelection","Output":"=== PAUSE TestWedgedStopDetachesAndCoalescesWithoutPoisoningSelection\n","OutputType":"frame"}
{"Time":"2026-10-10T00:17:33.804208-04:00","Action":"pause","Package":"fairdrop/internal/network","Test":"TestWedgedStopDetachesAndCoalescesWithoutPoisoningSelection"}
{"Time":"2026-10-10T00:17:33.804213-04:00","Action":"cont","Package":"fairdrop/internal/network","Test":"TestWedgedStopDetachesAndCoalescesWithoutPoisoningSelection"}
{"Time":"2026-10-10T00:17:33.804222-04:00","Action":"output","Package":"fairdrop/internal/network","Test":"TestWedgedStopDetachesAndCoalescesWithoutPoisoningSelection","Output":"=== CONT  TestWedgedStopDetachesAndCoalescesWithoutPoisoningSelection\n","OutputType":"frame"}
{"Time":"2026-10-10T00:17:33.80424-04:00","Action":"output","Package":"fairdrop/internal/network","Test":"TestWedgedStopDetachesAndCoalescesWithoutPoisoningSelection","Output":"    beacon_test.go:781: StopBeacon retained the selection gate across Shutdown\n","OutputType":"error"}
{"Time":"2026-10-10T00:17:33.804254-04:00","Action":"output","Package":"fairdrop/internal/network","Test":"TestWedgedStopDetachesAndCoalescesWithoutPoisoningSelection","Output":"--- FAIL: TestWedgedStopDetachesAndCoalescesWithoutPoisoningSelection (0.00s)\n","OutputType":"frame"}
{"Time":"2026-10-10T00:17:33.804259-04:00","Action":"fail","Package":"fairdrop/internal/network","Test":"TestWedgedStopDetachesAndCoalescesWithoutPoisoningSelection","Elapsed":0}
{"Time":"2026-10-10T00:17:33.804271-04:00","Action":"output","Package":"fairdrop/internal/network","Output":"FAIL\n","OutputType":"frame"}
{"Time":"2026-10-10T00:17:33.805336-04:00","Action":"output","Package":"fairdrop/internal/network","Output":"FAIL\tfairdrop/internal/network\t0.238s\n","OutputType":"frame"}
{"Time":"2026-10-10T00:17:33.80535-04:00","Action":"fail","Package":"fairdrop/internal/network","Elapsed":0.238}
KILLED: retain selection gate across Shutdown by TestWedgedStopDetachesAndCoalescesWithoutPoisoningSelection (expected injected assertion failure, not a product failure)
EXPECTED INJECTED FAILURE: retain network mutex across failed-start cleanup; requires 'failed StartBeacon retained the manager mutex across partial-handle Shutdown' in a failing test/subtest of TestFailedStartCleanupDoesNotHoldManagerLocksOrAdmitAResponder
{"Time":"2026-10-10T00:17:34.284379-04:00","Action":"start","Package":"fairdrop/internal/network"}
{"Time":"2026-10-10T00:17:34.613276-04:00","Action":"run","Package":"fairdrop/internal/network","Test":"TestFailedStartCleanupDoesNotHoldManagerLocksOrAdmitAResponder"}
{"Time":"2026-10-10T00:17:34.613529-04:00","Action":"output","Package":"fairdrop/internal/network","Test":"TestFailedStartCleanupDoesNotHoldManagerLocksOrAdmitAResponder","Output":"=== RUN   TestFailedStartCleanupDoesNotHoldManagerLocksOrAdmitAResponder\n","OutputType":"frame"}
{"Time":"2026-10-10T00:17:34.613643-04:00","Action":"output","Package":"fairdrop/internal/network","Test":"TestFailedStartCleanupDoesNotHoldManagerLocksOrAdmitAResponder","Output":"=== PAUSE TestFailedStartCleanupDoesNotHoldManagerLocksOrAdmitAResponder\n","OutputType":"frame"}
{"Time":"2026-10-10T00:17:34.613662-04:00","Action":"pause","Package":"fairdrop/internal/network","Test":"TestFailedStartCleanupDoesNotHoldManagerLocksOrAdmitAResponder"}
{"Time":"2026-10-10T00:17:34.613675-04:00","Action":"cont","Package":"fairdrop/internal/network","Test":"TestFailedStartCleanupDoesNotHoldManagerLocksOrAdmitAResponder"}
{"Time":"2026-10-10T00:17:34.613687-04:00","Action":"output","Package":"fairdrop/internal/network","Test":"TestFailedStartCleanupDoesNotHoldManagerLocksOrAdmitAResponder","Output":"=== CONT  TestFailedStartCleanupDoesNotHoldManagerLocksOrAdmitAResponder\n","OutputType":"frame"}
{"Time":"2026-10-10T00:17:34.613701-04:00","Action":"output","Package":"fairdrop/internal/network","Test":"TestFailedStartCleanupDoesNotHoldManagerLocksOrAdmitAResponder","Output":"    beacon_test.go:824: failed StartBeacon retained the manager mutex across partial-handle Shutdown\n","OutputType":"error"}
{"Time":"2026-10-10T00:17:34.613758-04:00","Action":"output","Package":"fairdrop/internal/network","Test":"TestFailedStartCleanupDoesNotHoldManagerLocksOrAdmitAResponder","Output":"--- FAIL: TestFailedStartCleanupDoesNotHoldManagerLocksOrAdmitAResponder (0.00s)\n","OutputType":"frame"}
{"Time":"2026-10-10T00:17:34.613773-04:00","Action":"fail","Package":"fairdrop/internal/network","Test":"TestFailedStartCleanupDoesNotHoldManagerLocksOrAdmitAResponder","Elapsed":0}
{"Time":"2026-10-10T00:17:34.613827-04:00","Action":"output","Package":"fairdrop/internal/network","Output":"FAIL\n","OutputType":"frame"}
{"Time":"2026-10-10T00:17:34.615118-04:00","Action":"output","Package":"fairdrop/internal/network","Output":"FAIL\tfairdrop/internal/network\t0.330s\n","OutputType":"frame"}
{"Time":"2026-10-10T00:17:34.615168-04:00","Action":"fail","Package":"fairdrop/internal/network","Elapsed":0.331}
KILLED: retain network mutex across failed-start cleanup by TestFailedStartCleanupDoesNotHoldManagerLocksOrAdmitAResponder (expected injected assertion failure, not a product failure)
EXPECTED INJECTED FAILURE: retain selection gate across failed-start cleanup; requires 'failed StartBeacon retained the selection gate across partial-handle Shutdown' in a failing test/subtest of TestFailedStartCleanupDoesNotHoldManagerLocksOrAdmitAResponder
{"Time":"2026-10-10T00:17:35.096149-04:00","Action":"start","Package":"fairdrop/internal/network"}
{"Time":"2026-10-10T00:17:35.353361-04:00","Action":"run","Package":"fairdrop/internal/network","Test":"TestFailedStartCleanupDoesNotHoldManagerLocksOrAdmitAResponder"}
{"Time":"2026-10-10T00:17:35.353562-04:00","Action":"output","Package":"fairdrop/internal/network","Test":"TestFailedStartCleanupDoesNotHoldManagerLocksOrAdmitAResponder","Output":"=== RUN   TestFailedStartCleanupDoesNotHoldManagerLocksOrAdmitAResponder\n","OutputType":"frame"}
{"Time":"2026-10-10T00:17:35.353681-04:00","Action":"output","Package":"fairdrop/internal/network","Test":"TestFailedStartCleanupDoesNotHoldManagerLocksOrAdmitAResponder","Output":"=== PAUSE TestFailedStartCleanupDoesNotHoldManagerLocksOrAdmitAResponder\n","OutputType":"frame"}
{"Time":"2026-10-10T00:17:35.353698-04:00","Action":"pause","Package":"fairdrop/internal/network","Test":"TestFailedStartCleanupDoesNotHoldManagerLocksOrAdmitAResponder"}
{"Time":"2026-10-10T00:17:35.353712-04:00","Action":"cont","Package":"fairdrop/internal/network","Test":"TestFailedStartCleanupDoesNotHoldManagerLocksOrAdmitAResponder"}
{"Time":"2026-10-10T00:17:35.353724-04:00","Action":"output","Package":"fairdrop/internal/network","Test":"TestFailedStartCleanupDoesNotHoldManagerLocksOrAdmitAResponder","Output":"=== CONT  TestFailedStartCleanupDoesNotHoldManagerLocksOrAdmitAResponder\n","OutputType":"frame"}
{"Time":"2026-10-10T00:17:35.353736-04:00","Action":"output","Package":"fairdrop/internal/network","Test":"TestFailedStartCleanupDoesNotHoldManagerLocksOrAdmitAResponder","Output":"    beacon_test.go:831: failed StartBeacon retained the selection gate across partial-handle Shutdown\n","OutputType":"error"}
{"Time":"2026-10-10T00:17:35.353791-04:00","Action":"output","Package":"fairdrop/internal/network","Test":"TestFailedStartCleanupDoesNotHoldManagerLocksOrAdmitAResponder","Output":"--- FAIL: TestFailedStartCleanupDoesNotHoldManagerLocksOrAdmitAResponder (0.00s)\n","OutputType":"frame"}
{"Time":"2026-10-10T00:17:35.353805-04:00","Action":"fail","Package":"fairdrop/internal/network","Test":"TestFailedStartCleanupDoesNotHoldManagerLocksOrAdmitAResponder","Elapsed":0}
{"Time":"2026-10-10T00:17:35.353833-04:00","Action":"output","Package":"fairdrop/internal/network","Output":"FAIL\n","OutputType":"frame"}
{"Time":"2026-10-10T00:17:35.355215-04:00","Action":"output","Package":"fairdrop/internal/network","Output":"FAIL\tfairdrop/internal/network\t0.259s\n","OutputType":"frame"}
{"Time":"2026-10-10T00:17:35.355287-04:00","Action":"fail","Package":"fairdrop/internal/network","Elapsed":0.259}
KILLED: retain selection gate across failed-start cleanup by TestFailedStartCleanupDoesNotHoldManagerLocksOrAdmitAResponder (expected injected assertion failure, not a product failure)
EXPECTED INJECTED FAILURE: admit Stage across outstanding cleanup; requires 'Stage across cleanup-admission race' in a failing test/subtest of TestStageRechecksOutstandingCleanupAtAdmission
{"Time":"2026-10-10T00:17:35.905901-04:00","Action":"start","Package":"fairdrop/internal/transfer"}
{"Time":"2026-10-10T00:17:36.208794-04:00","Action":"run","Package":"fairdrop/internal/transfer","Test":"TestStageRechecksOutstandingCleanupAtAdmission"}
{"Time":"2026-10-10T00:17:36.208946-04:00","Action":"output","Package":"fairdrop/internal/transfer","Test":"TestStageRechecksOutstandingCleanupAtAdmission","Output":"=== RUN   TestStageRechecksOutstandingCleanupAtAdmission\n","OutputType":"frame"}
{"Time":"2026-10-10T00:17:36.209158-04:00","Action":"output","Package":"fairdrop/internal/transfer","Test":"TestStageRechecksOutstandingCleanupAtAdmission","Output":"    coordinator_stage_test.go:51: Stage across cleanup-admission race = \u003cnil\u003e, want busy\n","OutputType":"error"}
{"Time":"2026-10-10T00:17:36.209459-04:00","Action":"output","Package":"fairdrop/internal/transfer","Test":"TestStageRechecksOutstandingCleanupAtAdmission","Output":"--- FAIL: TestStageRechecksOutstandingCleanupAtAdmission (0.00s)\n","OutputType":"frame"}
{"Time":"2026-10-10T00:17:36.209495-04:00","Action":"fail","Package":"fairdrop/internal/transfer","Test":"TestStageRechecksOutstandingCleanupAtAdmission","Elapsed":0}
{"Time":"2026-10-10T00:17:36.209531-04:00","Action":"output","Package":"fairdrop/internal/transfer","Output":"FAIL\n","OutputType":"frame"}
{"Time":"2026-10-10T00:17:36.210549-04:00","Action":"output","Package":"fairdrop/internal/transfer","Output":"FAIL\tfairdrop/internal/transfer\t0.304s\n","OutputType":"frame"}
{"Time":"2026-10-10T00:17:36.210587-04:00","Action":"fail","Package":"fairdrop/internal/transfer","Elapsed":0.305}
KILLED: admit Stage across outstanding cleanup by TestStageRechecksOutstandingCleanupAtAdmission (expected injected assertion failure, not a product failure)
EXPECTED INJECTED FAILURE: launch repeated adapter cleanup workers; requires 'teardown launched another StopBeacon' in a failing test/subtest of TestAClaimWhoseStopBeaconTimedOutLeavesItForTeardown
{"Time":"2026-10-10T00:17:36.751179-04:00","Action":"start","Package":"fairdrop/internal/transfer"}
{"Time":"2026-10-10T00:17:36.989819-04:00","Action":"run","Package":"fairdrop/internal/transfer","Test":"TestAClaimWhoseStopBeaconTimedOutLeavesItForTeardown"}
{"Time":"2026-10-10T00:17:36.989967-04:00","Action":"output","Package":"fairdrop/internal/transfer","Test":"TestAClaimWhoseStopBeaconTimedOutLeavesItForTeardown","Output":"=== RUN   TestAClaimWhoseStopBeaconTimedOutLeavesItForTeardown\n","OutputType":"frame"}
{"Time":"2026-10-10T00:17:36.990782-04:00","Action":"output","Package":"fairdrop/internal/transfer","Test":"TestAClaimWhoseStopBeaconTimedOutLeavesItForTeardown","Output":"    coordinator_lifecycle_test.go:1774: teardown launched another StopBeacon (1 then 2), want one coalesced outstanding call\n","OutputType":"error"}
{"Time":"2026-10-10T00:17:36.990886-04:00","Action":"output","Package":"fairdrop/internal/transfer","Test":"TestAClaimWhoseStopBeaconTimedOutLeavesItForTeardown","Output":"--- FAIL: TestAClaimWhoseStopBeaconTimedOutLeavesItForTeardown (0.00s)\n","OutputType":"frame"}
{"Time":"2026-10-10T00:17:36.990908-04:00","Action":"fail","Package":"fairdrop/internal/transfer","Test":"TestAClaimWhoseStopBeaconTimedOutLeavesItForTeardown","Elapsed":0}
{"Time":"2026-10-10T00:17:36.990977-04:00","Action":"output","Package":"fairdrop/internal/transfer","Output":"FAIL\n","OutputType":"frame"}
{"Time":"2026-10-10T00:17:36.991932-04:00","Action":"output","Package":"fairdrop/internal/transfer","Output":"FAIL\tfairdrop/internal/transfer\t0.240s\n","OutputType":"frame"}
{"Time":"2026-10-10T00:17:36.99196-04:00","Action":"fail","Package":"fairdrop/internal/transfer","Elapsed":0.241}
KILLED: launch repeated adapter cleanup workers by TestAClaimWhoseStopBeaconTimedOutLeavesItForTeardown (expected injected assertion failure, not a product failure)
EXPECTED INJECTED FAILURE: detach production server cleanup slot; requires 'want busy' in a failing test/subtest of TestTimedOutServerStopFencesNewSessionsUntilTheProductionCallCompletes
{"Time":"2026-10-10T00:17:37.531708-04:00","Action":"start","Package":"fairdrop/internal/transfer"}
{"Time":"2026-10-10T00:17:37.769415-04:00","Action":"run","Package":"fairdrop/internal/transfer","Test":"TestTimedOutServerStopFencesNewSessionsUntilTheProductionCallCompletes"}
{"Time":"2026-10-10T00:17:37.769481-04:00","Action":"output","Package":"fairdrop/internal/transfer","Test":"TestTimedOutServerStopFencesNewSessionsUntilTheProductionCallCompletes","Output":"=== RUN   TestTimedOutServerStopFencesNewSessionsUntilTheProductionCallCompletes\n","OutputType":"frame"}
{"Time":"2026-10-10T00:17:37.770268-04:00","Action":"output","Package":"fairdrop/internal/transfer","Test":"TestTimedOutServerStopFencesNewSessionsUntilTheProductionCallCompletes","Output":"    coordinator_lifecycle_test.go:1669: Stage while the timed-out production ServerPort.Stop still runs = \u003cnil\u003e, want busy\n","OutputType":"error"}
{"Time":"2026-10-10T00:17:37.770294-04:00","Action":"output","Package":"fairdrop/internal/transfer","Test":"TestTimedOutServerStopFencesNewSessionsUntilTheProductionCallCompletes","Output":"--- FAIL: TestTimedOutServerStopFencesNewSessionsUntilTheProductionCallCompletes (0.00s)\n","OutputType":"frame"}
{"Time":"2026-10-10T00:17:37.770312-04:00","Action":"fail","Package":"fairdrop/internal/transfer","Test":"TestTimedOutServerStopFencesNewSessionsUntilTheProductionCallCompletes","Elapsed":0}
{"Time":"2026-10-10T00:17:37.77032-04:00","Action":"output","Package":"fairdrop/internal/transfer","Output":"FAIL\n","OutputType":"frame"}
{"Time":"2026-10-10T00:17:37.770711-04:00","Action":"output","Package":"fairdrop/internal/transfer","Output":"FAIL\tfairdrop/internal/transfer\t0.239s\n","OutputType":"frame"}
{"Time":"2026-10-10T00:17:37.770725-04:00","Action":"fail","Package":"fairdrop/internal/transfer","Elapsed":0.239}
KILLED: detach production server cleanup slot by TestTimedOutServerStopFencesNewSessionsUntilTheProductionCallCompletes (expected injected assertion failure, not a product failure)
EXPECTED INJECTED FAILURE: duplicate production server cleanup calls; requires 'want one coalesced call' in a failing test/subtest of TestTimedOutServerStopFencesNewSessionsUntilTheProductionCallCompletes
{"Time":"2026-10-10T00:17:38.108712-04:00","Action":"start","Package":"fairdrop/internal/transfer"}
{"Time":"2026-10-10T00:17:38.320537-04:00","Action":"run","Package":"fairdrop/internal/transfer","Test":"TestTimedOutServerStopFencesNewSessionsUntilTheProductionCallCompletes"}
{"Time":"2026-10-10T00:17:38.320628-04:00","Action":"output","Package":"fairdrop/internal/transfer","Test":"TestTimedOutServerStopFencesNewSessionsUntilTheProductionCallCompletes","Output":"=== RUN   TestTimedOutServerStopFencesNewSessionsUntilTheProductionCallCompletes\n","OutputType":"frame"}
{"Time":"2026-10-10T00:17:38.321593-04:00","Action":"output","Package":"fairdrop/internal/transfer","Test":"TestTimedOutServerStopFencesNewSessionsUntilTheProductionCallCompletes","Output":"    coordinator_lifecycle_test.go:1681: pending server cleanup launched 2 ServerPort.Stop calls, want one coalesced call\n","OutputType":"error"}
{"Time":"2026-10-10T00:17:38.321611-04:00","Action":"output","Package":"fairdrop/internal/transfer","Test":"TestTimedOutServerStopFencesNewSessionsUntilTheProductionCallCompletes","Output":"--- FAIL: TestTimedOutServerStopFencesNewSessionsUntilTheProductionCallCompletes (0.00s)\n","OutputType":"frame"}
{"Time":"2026-10-10T00:17:38.321619-04:00","Action":"fail","Package":"fairdrop/internal/transfer","Test":"TestTimedOutServerStopFencesNewSessionsUntilTheProductionCallCompletes","Elapsed":0}
{"Time":"2026-10-10T00:17:38.321636-04:00","Action":"output","Package":"fairdrop/internal/transfer","Output":"FAIL\n","OutputType":"frame"}
{"Time":"2026-10-10T00:17:38.322373-04:00","Action":"output","Package":"fairdrop/internal/transfer","Output":"FAIL\tfairdrop/internal/transfer\t0.213s\n","OutputType":"frame"}
{"Time":"2026-10-10T00:17:38.322412-04:00","Action":"fail","Package":"fairdrop/internal/transfer","Elapsed":0.214}
KILLED: duplicate production server cleanup calls by TestTimedOutServerStopFencesNewSessionsUntilTheProductionCallCompletes (expected injected assertion failure, not a product failure)
EXPECTED INJECTED FAILURE: equalize nested cleanup bounds; requires 'want 15s' in a failing test/subtest of TestCoordinatorCleanupOutlastsServerTeardown
{"Time":"2026-10-10T00:17:40.706313-04:00","Action":"start","Package":"fairdrop"}
{"Time":"2026-10-10T00:17:41.012496-04:00","Action":"run","Package":"fairdrop","Test":"TestCoordinatorCleanupOutlastsServerTeardown"}
{"Time":"2026-10-10T00:17:41.012773-04:00","Action":"output","Package":"fairdrop","Test":"TestCoordinatorCleanupOutlastsServerTeardown","Output":"=== RUN   TestCoordinatorCleanupOutlastsServerTeardown\n","OutputType":"frame"}
{"Time":"2026-10-10T00:17:41.01294-04:00","Action":"output","Package":"fairdrop","Test":"TestCoordinatorCleanupOutlastsServerTeardown","Output":"    main_test.go:25: transfer.AdapterCleanupBound = 10s, want 15s\n","OutputType":"error"}
{"Time":"2026-10-10T00:17:41.013054-04:00","Action":"output","Package":"fairdrop","Test":"TestCoordinatorCleanupOutlastsServerTeardown","Output":"--- FAIL: TestCoordinatorCleanupOutlastsServerTeardown (0.00s)\n","OutputType":"frame"}
{"Time":"2026-10-10T00:17:41.013071-04:00","Action":"fail","Package":"fairdrop","Test":"TestCoordinatorCleanupOutlastsServerTeardown","Elapsed":0}
{"Time":"2026-10-10T00:17:41.013107-04:00","Action":"output","Package":"fairdrop","Output":"FAIL\n","OutputType":"frame"}
{"Time":"2026-10-10T00:17:41.014385-04:00","Action":"output","Package":"fairdrop","Output":"FAIL\tfairdrop\t0.308s\n","OutputType":"frame"}
{"Time":"2026-10-10T00:17:41.014416-04:00","Action":"fail","Package":"fairdrop","Elapsed":0.308}
KILLED: equalize nested cleanup bounds by TestCoordinatorCleanupOutlastsServerTeardown (expected injected assertion failure, not a product failure)
EXPECTED INJECTED FAILURE: absorb inner unquiescent failure as diagnostic; requires 'want the inner unquiescent marker preserved' in a failing test/subtest of TestCoordinatorPropagatesAnInnerUnquiescentServerFailure
{"Time":"2026-10-10T00:17:41.571482-04:00","Action":"start","Package":"fairdrop/internal/transfer"}
{"Time":"2026-10-10T00:17:41.806301-04:00","Action":"run","Package":"fairdrop/internal/transfer","Test":"TestCoordinatorPropagatesAnInnerUnquiescentServerFailure"}
{"Time":"2026-10-10T00:17:41.806441-04:00","Action":"output","Package":"fairdrop/internal/transfer","Test":"TestCoordinatorPropagatesAnInnerUnquiescentServerFailure","Output":"=== RUN   TestCoordinatorPropagatesAnInnerUnquiescentServerFailure\n","OutputType":"frame"}
{"Time":"2026-10-10T00:17:41.806972-04:00","Action":"output","Package":"fairdrop/internal/transfer","Test":"TestCoordinatorPropagatesAnInnerUnquiescentServerFailure","Output":"    coordinator_lifecycle_test.go:1709: Cancel() = \u003cnil\u003e, want the inner unquiescent marker preserved\n","OutputType":"error"}
{"Time":"2026-10-10T00:17:41.807022-04:00","Action":"output","Package":"fairdrop/internal/transfer","Test":"TestCoordinatorPropagatesAnInnerUnquiescentServerFailure","Output":"--- FAIL: TestCoordinatorPropagatesAnInnerUnquiescentServerFailure (0.00s)\n","OutputType":"frame"}
{"Time":"2026-10-10T00:17:41.80705-04:00","Action":"fail","Package":"fairdrop/internal/transfer","Test":"TestCoordinatorPropagatesAnInnerUnquiescentServerFailure","Elapsed":0}
{"Time":"2026-10-10T00:17:41.807078-04:00","Action":"output","Package":"fairdrop/internal/transfer","Output":"FAIL\n","OutputType":"frame"}
{"Time":"2026-10-10T00:17:41.807931-04:00","Action":"output","Package":"fairdrop/internal/transfer","Output":"FAIL\tfairdrop/internal/transfer\t0.236s\n","OutputType":"frame"}
{"Time":"2026-10-10T00:17:41.807965-04:00","Action":"fail","Package":"fairdrop/internal/transfer","Elapsed":0.236}
KILLED: absorb inner unquiescent failure as diagnostic by TestCoordinatorPropagatesAnInnerUnquiescentServerFailure (expected injected assertion failure, not a product failure)
EXPECTED INJECTED FAILURE: erase server unquiescent marker; requires 'want structurally unquiescent failure' in a failing test/subtest of TestEachServerTeardownWaitIsNamedInIsolation
{"Time":"2026-10-10T00:17:42.434792-04:00","Action":"start","Package":"fairdrop/internal/server"}
{"Time":"2026-10-10T00:17:42.710678-04:00","Action":"run","Package":"fairdrop/internal/server","Test":"TestEachServerTeardownWaitIsNamedInIsolation"}
{"Time":"2026-10-10T00:17:42.710822-04:00","Action":"output","Package":"fairdrop/internal/server","Test":"TestEachServerTeardownWaitIsNamedInIsolation","Output":"=== RUN   TestEachServerTeardownWaitIsNamedInIsolation\n","OutputType":"frame"}
{"Time":"2026-10-10T00:17:42.710873-04:00","Action":"run","Package":"fairdrop/internal/server","Test":"TestEachServerTeardownWaitIsNamedInIsolation/accept_loop"}
{"Time":"2026-10-10T00:17:42.710886-04:00","Action":"output","Package":"fairdrop/internal/server","Test":"TestEachServerTeardownWaitIsNamedInIsolation/accept_loop","Output":"=== RUN   TestEachServerTeardownWaitIsNamedInIsolation/accept_loop\n","OutputType":"frame"}
{"Time":"2026-10-10T00:17:42.71199-04:00","Action":"output","Package":"fairdrop/internal/server","Test":"TestEachServerTeardownWaitIsNamedInIsolation/accept_loop","Output":"    lifecycle_test.go:1094: awaitQuiescence() = transfer_failed: transfer server teardown did not finish before its bound: the accept loop did not return, want structurally unquiescent failure\n","OutputType":"error"}
{"Time":"2026-10-10T00:17:42.712219-04:00","Action":"output","Package":"fairdrop/internal/server","Test":"TestEachServerTeardownWaitIsNamedInIsolation/accept_loop","Output":"--- FAIL: TestEachServerTeardownWaitIsNamedInIsolation/accept_loop (0.00s)\n","OutputType":"frame"}
{"Time":"2026-10-10T00:17:42.712247-04:00","Action":"fail","Package":"fairdrop/internal/server","Test":"TestEachServerTeardownWaitIsNamedInIsolation/accept_loop","Elapsed":0}
{"Time":"2026-10-10T00:17:42.712275-04:00","Action":"run","Package":"fairdrop/internal/server","Test":"TestEachServerTeardownWaitIsNamedInIsolation/handler"}
{"Time":"2026-10-10T00:17:42.712288-04:00","Action":"output","Package":"fairdrop/internal/server","Test":"TestEachServerTeardownWaitIsNamedInIsolation/handler","Output":"=== RUN   TestEachServerTeardownWaitIsNamedInIsolation/handler\n","OutputType":"frame"}
{"Time":"2026-10-10T00:17:42.713398-04:00","Action":"output","Package":"fairdrop/internal/server","Test":"TestEachServerTeardownWaitIsNamedInIsolation/handler","Output":"    lifecycle_test.go:1094: awaitQuiescence() = transfer_failed: transfer server teardown did not finish before its bound: a request handler did not return, want structurally unquiescent failure\n","OutputType":"error"}
{"Time":"2026-10-10T00:17:42.713417-04:00","Action":"output","Package":"fairdrop/internal/server","Test":"TestEachServerTeardownWaitIsNamedInIsolation/handler","Output":"--- FAIL: TestEachServerTeardownWaitIsNamedInIsolation/handler (0.00s)\n","OutputType":"frame"}
{"Time":"2026-10-10T00:17:42.713464-04:00","Action":"fail","Package":"fairdrop/internal/server","Test":"TestEachServerTeardownWaitIsNamedInIsolation/handler","Elapsed":0}
{"Time":"2026-10-10T00:17:42.71348-04:00","Action":"run","Package":"fairdrop/internal/server","Test":"TestEachServerTeardownWaitIsNamedInIsolation/connection"}
{"Time":"2026-10-10T00:17:42.713499-04:00","Action":"output","Package":"fairdrop/internal/server","Test":"TestEachServerTeardownWaitIsNamedInIsolation/connection","Output":"=== RUN   TestEachServerTeardownWaitIsNamedInIsolation/connection\n","OutputType":"frame"}
{"Time":"2026-10-10T00:17:42.714588-04:00","Action":"output","Package":"fairdrop/internal/server","Test":"TestEachServerTeardownWaitIsNamedInIsolation/connection","Output":"    lifecycle_test.go:1094: awaitQuiescence() = transfer_failed: transfer server teardown did not finish before its bound: a connection did not return, want structurally unquiescent failure\n","OutputType":"error"}
{"Time":"2026-10-10T00:17:42.714607-04:00","Action":"output","Package":"fairdrop/internal/server","Test":"TestEachServerTeardownWaitIsNamedInIsolation/connection","Output":"--- FAIL: TestEachServerTeardownWaitIsNamedInIsolation/connection (0.00s)\n","OutputType":"frame"}
{"Time":"2026-10-10T00:17:42.714618-04:00","Action":"fail","Package":"fairdrop/internal/server","Test":"TestEachServerTeardownWaitIsNamedInIsolation/connection","Elapsed":0}
{"Time":"2026-10-10T00:17:42.714679-04:00","Action":"output","Package":"fairdrop/internal/server","Test":"TestEachServerTeardownWaitIsNamedInIsolation","Output":"--- FAIL: TestEachServerTeardownWaitIsNamedInIsolation (0.00s)\n","OutputType":"frame"}
{"Time":"2026-10-10T00:17:42.71469-04:00","Action":"fail","Package":"fairdrop/internal/server","Test":"TestEachServerTeardownWaitIsNamedInIsolation","Elapsed":0}
{"Time":"2026-10-10T00:17:42.714698-04:00","Action":"output","Package":"fairdrop/internal/server","Output":"FAIL\n","OutputType":"frame"}
{"Time":"2026-10-10T00:17:42.715913-04:00","Action":"output","Package":"fairdrop/internal/server","Output":"FAIL\tfairdrop/internal/server\t0.281s\n","OutputType":"frame"}
{"Time":"2026-10-10T00:17:42.715942-04:00","Action":"fail","Package":"fairdrop/internal/server","Elapsed":0.281}
KILLED: erase server unquiescent marker by TestEachServerTeardownWaitIsNamedInIsolation (expected injected assertion failure, not a product failure)
EXPECTED INJECTED FAILURE: admit server run during prior teardown; requires 'want server_start_failed' in a failing test/subtest of TestStopReleasesItsMutexBeforeWaitingAndFencesAConcurrentStart
{"Time":"2026-10-10T00:17:43.349833-04:00","Action":"start","Package":"fairdrop/internal/server"}
{"Time":"2026-10-10T00:17:43.637332-04:00","Action":"run","Package":"fairdrop/internal/server","Test":"TestStopReleasesItsMutexBeforeWaitingAndFencesAConcurrentStart"}
{"Time":"2026-10-10T00:17:43.637513-04:00","Action":"output","Package":"fairdrop/internal/server","Test":"TestStopReleasesItsMutexBeforeWaitingAndFencesAConcurrentStart","Output":"=== RUN   TestStopReleasesItsMutexBeforeWaitingAndFencesAConcurrentStart\n","OutputType":"frame"}
{"Time":"2026-10-10T00:17:43.637645-04:00","Action":"output","Package":"fairdrop/internal/server","Test":"TestStopReleasesItsMutexBeforeWaitingAndFencesAConcurrentStart","Output":"=== PAUSE TestStopReleasesItsMutexBeforeWaitingAndFencesAConcurrentStart\n","OutputType":"frame"}
{"Time":"2026-10-10T00:17:43.637679-04:00","Action":"pause","Package":"fairdrop/internal/server","Test":"TestStopReleasesItsMutexBeforeWaitingAndFencesAConcurrentStart"}
{"Time":"2026-10-10T00:17:43.637693-04:00","Action":"cont","Package":"fairdrop/internal/server","Test":"TestStopReleasesItsMutexBeforeWaitingAndFencesAConcurrentStart"}
{"Time":"2026-10-10T00:17:43.637704-04:00","Action":"output","Package":"fairdrop/internal/server","Test":"TestStopReleasesItsMutexBeforeWaitingAndFencesAConcurrentStart","Output":"=== CONT  TestStopReleasesItsMutexBeforeWaitingAndFencesAConcurrentStart\n","OutputType":"frame"}
{"Time":"2026-10-10T00:17:43.691146-04:00","Action":"output","Package":"fairdrop/internal/server","Test":"TestStopReleasesItsMutexBeforeWaitingAndFencesAConcurrentStart","Output":"    lifecycle_test.go:490: Start() while a prior Stop was still in flight = \u003cnil\u003e, want server_start_failed\n","OutputType":"error"}
{"Time":"2026-10-10T00:17:43.691433-04:00","Action":"output","Package":"fairdrop/internal/server","Test":"TestStopReleasesItsMutexBeforeWaitingAndFencesAConcurrentStart","Output":"--- FAIL: TestStopReleasesItsMutexBeforeWaitingAndFencesAConcurrentStart (0.05s)\n","OutputType":"frame"}
{"Time":"2026-10-10T00:17:43.691489-04:00","Action":"fail","Package":"fairdrop/internal/server","Test":"TestStopReleasesItsMutexBeforeWaitingAndFencesAConcurrentStart","Elapsed":0.05}
{"Time":"2026-10-10T00:17:43.691553-04:00","Action":"output","Package":"fairdrop/internal/server","Output":"FAIL\n","OutputType":"frame"}
{"Time":"2026-10-10T00:17:43.694815-04:00","Action":"output","Package":"fairdrop/internal/server","Output":"FAIL\tfairdrop/internal/server\t0.345s\n","OutputType":"frame"}
{"Time":"2026-10-10T00:17:43.694913-04:00","Action":"fail","Package":"fairdrop/internal/server","Elapsed":0.345}
KILLED: admit server run during prior teardown by TestStopReleasesItsMutexBeforeWaitingAndFencesAConcurrentStart (expected injected assertion failure, not a product failure)
EXPECTED INJECTED FAILURE: always name every server wait; requires 'want exact isolated diagnostic' in a failing test/subtest of TestEachServerTeardownWaitIsNamedInIsolation
{"Time":"2026-10-10T00:17:44.351508-04:00","Action":"start","Package":"fairdrop/internal/server"}
{"Time":"2026-10-10T00:17:44.652769-04:00","Action":"run","Package":"fairdrop/internal/server","Test":"TestEachServerTeardownWaitIsNamedInIsolation"}
{"Time":"2026-10-10T00:17:44.652991-04:00","Action":"output","Package":"fairdrop/internal/server","Test":"TestEachServerTeardownWaitIsNamedInIsolation","Output":"=== RUN   TestEachServerTeardownWaitIsNamedInIsolation\n","OutputType":"frame"}
{"Time":"2026-10-10T00:17:44.653057-04:00","Action":"run","Package":"fairdrop/internal/server","Test":"TestEachServerTeardownWaitIsNamedInIsolation/accept_loop"}
{"Time":"2026-10-10T00:17:44.653083-04:00","Action":"output","Package":"fairdrop/internal/server","Test":"TestEachServerTeardownWaitIsNamedInIsolation/accept_loop","Output":"=== RUN   TestEachServerTeardownWaitIsNamedInIsolation/accept_loop\n","OutputType":"frame"}
{"Time":"2026-10-10T00:17:44.654165-04:00","Action":"output","Package":"fairdrop/internal/server","Test":"TestEachServerTeardownWaitIsNamedInIsolation/accept_loop","Output":"    lifecycle_test.go:1097: awaitQuiescence() = \"transfer_failed: transfer server teardown did not finish before its bound: the accept loop, a request handler, a connection did not return\", want exact isolated diagnostic \"transfer_failed: transfer server teardown did not finish before its bound: the accept loop did not return\"\n","OutputType":"error"}
{"Time":"2026-10-10T00:17:44.654433-04:00","Action":"output","Package":"fairdrop/internal/server","Test":"TestEachServerTeardownWaitIsNamedInIsolation/accept_loop","Output":"--- FAIL: TestEachServerTeardownWaitIsNamedInIsolation/accept_loop (0.00s)\n","OutputType":"frame"}
{"Time":"2026-10-10T00:17:44.654458-04:00","Action":"fail","Package":"fairdrop/internal/server","Test":"TestEachServerTeardownWaitIsNamedInIsolation/accept_loop","Elapsed":0}
{"Time":"2026-10-10T00:17:44.65448-04:00","Action":"run","Package":"fairdrop/internal/server","Test":"TestEachServerTeardownWaitIsNamedInIsolation/handler"}
{"Time":"2026-10-10T00:17:44.654492-04:00","Action":"output","Package":"fairdrop/internal/server","Test":"TestEachServerTeardownWaitIsNamedInIsolation/handler","Output":"=== RUN   TestEachServerTeardownWaitIsNamedInIsolation/handler\n","OutputType":"frame"}
{"Time":"2026-10-10T00:17:44.655628-04:00","Action":"output","Package":"fairdrop/internal/server","Test":"TestEachServerTeardownWaitIsNamedInIsolation/handler","Output":"    lifecycle_test.go:1097: awaitQuiescence() = \"transfer_failed: transfer server teardown did not finish before its bound: the accept loop, a request handler, a connection did not return\", want exact isolated diagnostic \"transfer_failed: transfer server teardown did not finish before its bound: a request handler did not return\"\n","OutputType":"error"}
{"Time":"2026-10-10T00:17:44.655652-04:00","Action":"output","Package":"fairdrop/internal/server","Test":"TestEachServerTeardownWaitIsNamedInIsolation/handler","Output":"--- FAIL: TestEachServerTeardownWaitIsNamedInIsolation/handler (0.00s)\n","OutputType":"frame"}
{"Time":"2026-10-10T00:17:44.655665-04:00","Action":"fail","Package":"fairdrop/internal/server","Test":"TestEachServerTeardownWaitIsNamedInIsolation/handler","Elapsed":0}
{"Time":"2026-10-10T00:17:44.655689-04:00","Action":"run","Package":"fairdrop/internal/server","Test":"TestEachServerTeardownWaitIsNamedInIsolation/connection"}
{"Time":"2026-10-10T00:17:44.655702-04:00","Action":"output","Package":"fairdrop/internal/server","Test":"TestEachServerTeardownWaitIsNamedInIsolation/connection","Output":"=== RUN   TestEachServerTeardownWaitIsNamedInIsolation/connection\n","OutputType":"frame"}
{"Time":"2026-10-10T00:17:44.656863-04:00","Action":"output","Package":"fairdrop/internal/server","Test":"TestEachServerTeardownWaitIsNamedInIsolation/connection","Output":"    lifecycle_test.go:1097: awaitQuiescence() = \"transfer_failed: transfer server teardown did not finish before its bound: the accept loop, a request handler, a connection did not return\", want exact isolated diagnostic \"transfer_failed: transfer server teardown did not finish before its bound: a connection did not return\"\n","OutputType":"error"}
{"Time":"2026-10-10T00:17:44.657128-04:00","Action":"output","Package":"fairdrop/internal/server","Test":"TestEachServerTeardownWaitIsNamedInIsolation/connection","Output":"--- FAIL: TestEachServerTeardownWaitIsNamedInIsolation/connection (0.00s)\n","OutputType":"frame"}
{"Time":"2026-10-10T00:17:44.657281-04:00","Action":"fail","Package":"fairdrop/internal/server","Test":"TestEachServerTeardownWaitIsNamedInIsolation/connection","Elapsed":0}
{"Time":"2026-10-10T00:17:44.657309-04:00","Action":"output","Package":"fairdrop/internal/server","Test":"TestEachServerTeardownWaitIsNamedInIsolation","Output":"--- FAIL: TestEachServerTeardownWaitIsNamedInIsolation (0.00s)\n","OutputType":"frame"}
{"Time":"2026-10-10T00:17:44.657323-04:00","Action":"fail","Package":"fairdrop/internal/server","Test":"TestEachServerTeardownWaitIsNamedInIsolation","Elapsed":0}
{"Time":"2026-10-10T00:17:44.657334-04:00","Action":"output","Package":"fairdrop/internal/server","Output":"FAIL\n","OutputType":"frame"}
{"Time":"2026-10-10T00:17:44.658431-04:00","Action":"output","Package":"fairdrop/internal/server","Output":"FAIL\tfairdrop/internal/server\t0.307s\n","OutputType":"frame"}
{"Time":"2026-10-10T00:17:44.658474-04:00","Action":"fail","Package":"fairdrop/internal/server","Elapsed":0.307}
KILLED: always name every server wait by TestEachServerTeardownWaitIsNamedInIsolation (expected injected assertion failure, not a product failure)
EXPECTED INJECTED FAILURE: omit isolated accept-loop timeout name; requires 'want exact isolated diagnostic' in a failing test/subtest of TestEachServerTeardownWaitIsNamedInIsolation
{"Time":"2026-10-10T00:17:45.283009-04:00","Action":"start","Package":"fairdrop/internal/server"}
{"Time":"2026-10-10T00:17:45.575755-04:00","Action":"run","Package":"fairdrop/internal/server","Test":"TestEachServerTeardownWaitIsNamedInIsolation"}
{"Time":"2026-10-10T00:17:45.575904-04:00","Action":"output","Package":"fairdrop/internal/server","Test":"TestEachServerTeardownWaitIsNamedInIsolation","Output":"=== RUN   TestEachServerTeardownWaitIsNamedInIsolation\n","OutputType":"frame"}
{"Time":"2026-10-10T00:17:45.575982-04:00","Action":"run","Package":"fairdrop/internal/server","Test":"TestEachServerTeardownWaitIsNamedInIsolation/accept_loop"}
{"Time":"2026-10-10T00:17:45.576-04:00","Action":"output","Package":"fairdrop/internal/server","Test":"TestEachServerTeardownWaitIsNamedInIsolation/accept_loop","Output":"=== RUN   TestEachServerTeardownWaitIsNamedInIsolation/accept_loop\n","OutputType":"frame"}
{"Time":"2026-10-10T00:17:45.577087-04:00","Action":"output","Package":"fairdrop/internal/server","Test":"TestEachServerTeardownWaitIsNamedInIsolation/accept_loop","Output":"    lifecycle_test.go:1097: awaitQuiescence() = \"transfer_failed: transfer server teardown did not finish before its bound:  did not return\", want exact isolated diagnostic \"transfer_failed: transfer server teardown did not finish before its bound: the accept loop did not return\"\n","OutputType":"error"}
{"Time":"2026-10-10T00:17:45.577312-04:00","Action":"output","Package":"fairdrop/internal/server","Test":"TestEachServerTeardownWaitIsNamedInIsolation/accept_loop","Output":"--- FAIL: TestEachServerTeardownWaitIsNamedInIsolation/accept_loop (0.00s)\n","OutputType":"frame"}
{"Time":"2026-10-10T00:17:45.577327-04:00","Action":"fail","Package":"fairdrop/internal/server","Test":"TestEachServerTeardownWaitIsNamedInIsolation/accept_loop","Elapsed":0}
{"Time":"2026-10-10T00:17:45.577355-04:00","Action":"run","Package":"fairdrop/internal/server","Test":"TestEachServerTeardownWaitIsNamedInIsolation/handler"}
{"Time":"2026-10-10T00:17:45.577365-04:00","Action":"output","Package":"fairdrop/internal/server","Test":"TestEachServerTeardownWaitIsNamedInIsolation/handler","Output":"=== RUN   TestEachServerTeardownWaitIsNamedInIsolation/handler\n","OutputType":"frame"}
{"Time":"2026-10-10T00:17:45.578505-04:00","Action":"output","Package":"fairdrop/internal/server","Test":"TestEachServerTeardownWaitIsNamedInIsolation/handler","Output":"--- PASS: TestEachServerTeardownWaitIsNamedInIsolation/handler (0.00s)\n","OutputType":"frame"}
{"Time":"2026-10-10T00:17:45.57853-04:00","Action":"pass","Package":"fairdrop/internal/server","Test":"TestEachServerTeardownWaitIsNamedInIsolation/handler","Elapsed":0}
{"Time":"2026-10-10T00:17:45.578554-04:00","Action":"run","Package":"fairdrop/internal/server","Test":"TestEachServerTeardownWaitIsNamedInIsolation/connection"}
{"Time":"2026-10-10T00:17:45.578576-04:00","Action":"output","Package":"fairdrop/internal/server","Test":"TestEachServerTeardownWaitIsNamedInIsolation/connection","Output":"=== RUN   TestEachServerTeardownWaitIsNamedInIsolation/connection\n","OutputType":"frame"}
{"Time":"2026-10-10T00:17:45.579667-04:00","Action":"output","Package":"fairdrop/internal/server","Test":"TestEachServerTeardownWaitIsNamedInIsolation/connection","Output":"--- PASS: TestEachServerTeardownWaitIsNamedInIsolation/connection (0.00s)\n","OutputType":"frame"}
{"Time":"2026-10-10T00:17:45.579686-04:00","Action":"pass","Package":"fairdrop/internal/server","Test":"TestEachServerTeardownWaitIsNamedInIsolation/connection","Elapsed":0}
{"Time":"2026-10-10T00:17:45.579703-04:00","Action":"output","Package":"fairdrop/internal/server","Test":"TestEachServerTeardownWaitIsNamedInIsolation","Output":"--- FAIL: TestEachServerTeardownWaitIsNamedInIsolation (0.00s)\n","OutputType":"frame"}
{"Time":"2026-10-10T00:17:45.579714-04:00","Action":"fail","Package":"fairdrop/internal/server","Test":"TestEachServerTeardownWaitIsNamedInIsolation","Elapsed":0}
{"Time":"2026-10-10T00:17:45.579723-04:00","Action":"output","Package":"fairdrop/internal/server","Output":"FAIL\n","OutputType":"frame"}
{"Time":"2026-10-10T00:17:45.580946-04:00","Action":"output","Package":"fairdrop/internal/server","Output":"FAIL\tfairdrop/internal/server\t0.298s\n","OutputType":"frame"}
{"Time":"2026-10-10T00:17:45.580965-04:00","Action":"fail","Package":"fairdrop/internal/server","Elapsed":0.298}
KILLED: omit isolated accept-loop timeout name by TestEachServerTeardownWaitIsNamedInIsolation (expected injected assertion failure, not a product failure)
EXPECTED INJECTED FAILURE: omit isolated connection timeout name; requires 'want exact isolated diagnostic' in a failing test/subtest of TestEachServerTeardownWaitIsNamedInIsolation
{"Time":"2026-10-10T00:17:46.203915-04:00","Action":"start","Package":"fairdrop/internal/server"}
{"Time":"2026-10-10T00:17:46.490332-04:00","Action":"run","Package":"fairdrop/internal/server","Test":"TestEachServerTeardownWaitIsNamedInIsolation"}
{"Time":"2026-10-10T00:17:46.490451-04:00","Action":"output","Package":"fairdrop/internal/server","Test":"TestEachServerTeardownWaitIsNamedInIsolation","Output":"=== RUN   TestEachServerTeardownWaitIsNamedInIsolation\n","OutputType":"frame"}
{"Time":"2026-10-10T00:17:46.490522-04:00","Action":"run","Package":"fairdrop/internal/server","Test":"TestEachServerTeardownWaitIsNamedInIsolation/accept_loop"}
{"Time":"2026-10-10T00:17:46.490539-04:00","Action":"output","Package":"fairdrop/internal/server","Test":"TestEachServerTeardownWaitIsNamedInIsolation/accept_loop","Output":"=== RUN   TestEachServerTeardownWaitIsNamedInIsolation/accept_loop\n","OutputType":"frame"}
{"Time":"2026-10-10T00:17:46.49162-04:00","Action":"output","Package":"fairdrop/internal/server","Test":"TestEachServerTeardownWaitIsNamedInIsolation/accept_loop","Output":"--- PASS: TestEachServerTeardownWaitIsNamedInIsolation/accept_loop (0.00s)\n","OutputType":"frame"}
{"Time":"2026-10-10T00:17:46.491657-04:00","Action":"pass","Package":"fairdrop/internal/server","Test":"TestEachServerTeardownWaitIsNamedInIsolation/accept_loop","Elapsed":0}
{"Time":"2026-10-10T00:17:46.491674-04:00","Action":"run","Package":"fairdrop/internal/server","Test":"TestEachServerTeardownWaitIsNamedInIsolation/handler"}
{"Time":"2026-10-10T00:17:46.491683-04:00","Action":"output","Package":"fairdrop/internal/server","Test":"TestEachServerTeardownWaitIsNamedInIsolation/handler","Output":"=== RUN   TestEachServerTeardownWaitIsNamedInIsolation/handler\n","OutputType":"frame"}
{"Time":"2026-10-10T00:17:46.492771-04:00","Action":"output","Package":"fairdrop/internal/server","Test":"TestEachServerTeardownWaitIsNamedInIsolation/handler","Output":"--- PASS: TestEachServerTeardownWaitIsNamedInIsolation/handler (0.00s)\n","OutputType":"frame"}
{"Time":"2026-10-10T00:17:46.492787-04:00","Action":"pass","Package":"fairdrop/internal/server","Test":"TestEachServerTeardownWaitIsNamedInIsolation/handler","Elapsed":0}
{"Time":"2026-10-10T00:17:46.492804-04:00","Action":"run","Package":"fairdrop/internal/server","Test":"TestEachServerTeardownWaitIsNamedInIsolation/connection"}
{"Time":"2026-10-10T00:17:46.492814-04:00","Action":"output","Package":"fairdrop/internal/server","Test":"TestEachServerTeardownWaitIsNamedInIsolation/connection","Output":"=== RUN   TestEachServerTeardownWaitIsNamedInIsolation/connection\n","OutputType":"frame"}
{"Time":"2026-10-10T00:17:46.494007-04:00","Action":"output","Package":"fairdrop/internal/server","Test":"TestEachServerTeardownWaitIsNamedInIsolation/connection","Output":"    lifecycle_test.go:1097: awaitQuiescence() = \"transfer_failed: transfer server teardown did not finish before its bound:  did not return\", want exact isolated diagnostic \"transfer_failed: transfer server teardown did not finish before its bound: a connection did not return\"\n","OutputType":"error"}
{"Time":"2026-10-10T00:17:46.494187-04:00","Action":"output","Package":"fairdrop/internal/server","Test":"TestEachServerTeardownWaitIsNamedInIsolation/connection","Output":"--- FAIL: TestEachServerTeardownWaitIsNamedInIsolation/connection (0.00s)\n","OutputType":"frame"}
{"Time":"2026-10-10T00:17:46.494203-04:00","Action":"fail","Package":"fairdrop/internal/server","Test":"TestEachServerTeardownWaitIsNamedInIsolation/connection","Elapsed":0}
{"Time":"2026-10-10T00:17:46.494215-04:00","Action":"output","Package":"fairdrop/internal/server","Test":"TestEachServerTeardownWaitIsNamedInIsolation","Output":"--- FAIL: TestEachServerTeardownWaitIsNamedInIsolation (0.00s)\n","OutputType":"frame"}
{"Time":"2026-10-10T00:17:46.494239-04:00","Action":"fail","Package":"fairdrop/internal/server","Test":"TestEachServerTeardownWaitIsNamedInIsolation","Elapsed":0}
{"Time":"2026-10-10T00:17:46.49425-04:00","Action":"output","Package":"fairdrop/internal/server","Output":"FAIL\n","OutputType":"frame"}
{"Time":"2026-10-10T00:17:46.495527-04:00","Action":"output","Package":"fairdrop/internal/server","Output":"FAIL\tfairdrop/internal/server\t0.291s\n","OutputType":"frame"}
{"Time":"2026-10-10T00:17:46.495551-04:00","Action":"fail","Package":"fairdrop/internal/server","Elapsed":0.292}
KILLED: omit isolated connection timeout name by TestEachServerTeardownWaitIsNamedInIsolation (expected injected assertion failure, not a product failure)
EXPECTED INJECTED FAILURE: detach real handler quiescence waiter; requires 'handler quiescence channel closed while its real work was still present' in a failing test/subtest of TestInitQuiescenceTracksRealHandlerAndConnectionWaitState
{"Time":"2026-10-10T00:17:47.134363-04:00","Action":"start","Package":"fairdrop/internal/server"}
{"Time":"2026-10-10T00:17:47.428311-04:00","Action":"run","Package":"fairdrop/internal/server","Test":"TestInitQuiescenceTracksRealHandlerAndConnectionWaitState"}
{"Time":"2026-10-10T00:17:47.428396-04:00","Action":"output","Package":"fairdrop/internal/server","Test":"TestInitQuiescenceTracksRealHandlerAndConnectionWaitState","Output":"=== RUN   TestInitQuiescenceTracksRealHandlerAndConnectionWaitState\n","OutputType":"frame"}
{"Time":"2026-10-10T00:17:47.428443-04:00","Action":"output","Package":"fairdrop/internal/server","Test":"TestInitQuiescenceTracksRealHandlerAndConnectionWaitState","Output":"=== PAUSE TestInitQuiescenceTracksRealHandlerAndConnectionWaitState\n","OutputType":"frame"}
{"Time":"2026-10-10T00:17:47.42845-04:00","Action":"pause","Package":"fairdrop/internal/server","Test":"TestInitQuiescenceTracksRealHandlerAndConnectionWaitState"}
{"Time":"2026-10-10T00:17:47.428455-04:00","Action":"cont","Package":"fairdrop/internal/server","Test":"TestInitQuiescenceTracksRealHandlerAndConnectionWaitState"}
{"Time":"2026-10-10T00:17:47.42846-04:00","Action":"output","Package":"fairdrop/internal/server","Test":"TestInitQuiescenceTracksRealHandlerAndConnectionWaitState","Output":"=== CONT  TestInitQuiescenceTracksRealHandlerAndConnectionWaitState\n","OutputType":"frame"}
{"Time":"2026-10-10T00:17:47.428475-04:00","Action":"output","Package":"fairdrop/internal/server","Test":"TestInitQuiescenceTracksRealHandlerAndConnectionWaitState","Output":"    lifecycle_test.go:1131: handler quiescence channel closed while its real work was still present\n","OutputType":"error"}
{"Time":"2026-10-10T00:17:47.428616-04:00","Action":"output","Package":"fairdrop/internal/server","Test":"TestInitQuiescenceTracksRealHandlerAndConnectionWaitState","Output":"--- FAIL: TestInitQuiescenceTracksRealHandlerAndConnectionWaitState (0.00s)\n","OutputType":"frame"}
{"Time":"2026-10-10T00:17:47.428624-04:00","Action":"fail","Package":"fairdrop/internal/server","Test":"TestInitQuiescenceTracksRealHandlerAndConnectionWaitState","Elapsed":0}
{"Time":"2026-10-10T00:17:47.42863-04:00","Action":"output","Package":"fairdrop/internal/server","Output":"FAIL\n","OutputType":"frame"}
{"Time":"2026-10-10T00:17:47.429247-04:00","Action":"output","Package":"fairdrop/internal/server","Output":"FAIL\tfairdrop/internal/server\t0.295s\n","OutputType":"frame"}
{"Time":"2026-10-10T00:17:47.429258-04:00","Action":"fail","Package":"fairdrop/internal/server","Elapsed":0.295}
KILLED: detach real handler quiescence waiter by TestInitQuiescenceTracksRealHandlerAndConnectionWaitState (expected injected assertion failure, not a product failure)
EXPECTED INJECTED FAILURE: detach real connection quiescence waiter; requires 'connection quiescence channel closed while its real work was still present' in a failing test/subtest of TestInitQuiescenceTracksRealHandlerAndConnectionWaitState
{"Time":"2026-10-10T00:17:48.034489-04:00","Action":"start","Package":"fairdrop/internal/server"}
{"Time":"2026-10-10T00:17:48.327529-04:00","Action":"run","Package":"fairdrop/internal/server","Test":"TestInitQuiescenceTracksRealHandlerAndConnectionWaitState"}
{"Time":"2026-10-10T00:17:48.32759-04:00","Action":"output","Package":"fairdrop/internal/server","Test":"TestInitQuiescenceTracksRealHandlerAndConnectionWaitState","Output":"=== RUN   TestInitQuiescenceTracksRealHandlerAndConnectionWaitState\n","OutputType":"frame"}
{"Time":"2026-10-10T00:17:48.327636-04:00","Action":"output","Package":"fairdrop/internal/server","Test":"TestInitQuiescenceTracksRealHandlerAndConnectionWaitState","Output":"=== PAUSE TestInitQuiescenceTracksRealHandlerAndConnectionWaitState\n","OutputType":"frame"}
{"Time":"2026-10-10T00:17:48.327641-04:00","Action":"pause","Package":"fairdrop/internal/server","Test":"TestInitQuiescenceTracksRealHandlerAndConnectionWaitState"}
{"Time":"2026-10-10T00:17:48.327646-04:00","Action":"cont","Package":"fairdrop/internal/server","Test":"TestInitQuiescenceTracksRealHandlerAndConnectionWaitState"}
{"Time":"2026-10-10T00:17:48.327649-04:00","Action":"output","Package":"fairdrop/internal/server","Test":"TestInitQuiescenceTracksRealHandlerAndConnectionWaitState","Output":"=== CONT  TestInitQuiescenceTracksRealHandlerAndConnectionWaitState\n","OutputType":"frame"}
{"Time":"2026-10-10T00:17:48.353761-04:00","Action":"output","Package":"fairdrop/internal/server","Test":"TestInitQuiescenceTracksRealHandlerAndConnectionWaitState","Output":"    lifecycle_test.go:1132: connection quiescence channel closed while its real work was still present\n","OutputType":"error"}
{"Time":"2026-10-10T00:17:48.353904-04:00","Action":"output","Package":"fairdrop/internal/server","Test":"TestInitQuiescenceTracksRealHandlerAndConnectionWaitState","Output":"--- FAIL: TestInitQuiescenceTracksRealHandlerAndConnectionWaitState (0.03s)\n","OutputType":"frame"}
{"Time":"2026-10-10T00:17:48.353921-04:00","Action":"fail","Package":"fairdrop/internal/server","Test":"TestInitQuiescenceTracksRealHandlerAndConnectionWaitState","Elapsed":0.03}
{"Time":"2026-10-10T00:17:48.353936-04:00","Action":"output","Package":"fairdrop/internal/server","Output":"FAIL\n","OutputType":"frame"}
{"Time":"2026-10-10T00:17:48.354705-04:00","Action":"output","Package":"fairdrop/internal/server","Output":"FAIL\tfairdrop/internal/server\t0.320s\n","OutputType":"frame"}
{"Time":"2026-10-10T00:17:48.354717-04:00","Action":"fail","Package":"fairdrop/internal/server","Elapsed":0.32}
KILLED: detach real connection quiescence waiter by TestInitQuiescenceTracksRealHandlerAndConnectionWaitState (expected injected assertion failure, not a product failure)
EXPECTED INJECTED FAILURE: drop prepared directory close error; requires 'want the prepared close cause and transfer_failed code preserved' in a failing test/subtest of TestArchiveCloseDelegatesOnceAndPreservesThePreparedCause
{"Time":"2026-10-10T00:17:48.943715-04:00","Action":"start","Package":"fairdrop/internal/stream"}
{"Time":"2026-10-10T00:17:49.183979-04:00","Action":"run","Package":"fairdrop/internal/stream","Test":"TestArchiveCloseDelegatesOnceAndPreservesThePreparedCause"}
{"Time":"2026-10-10T00:17:49.184105-04:00","Action":"output","Package":"fairdrop/internal/stream","Test":"TestArchiveCloseDelegatesOnceAndPreservesThePreparedCause","Output":"=== RUN   TestArchiveCloseDelegatesOnceAndPreservesThePreparedCause\n","OutputType":"frame"}
{"Time":"2026-10-10T00:17:49.18419-04:00","Action":"output","Package":"fairdrop/internal/stream","Test":"TestArchiveCloseDelegatesOnceAndPreservesThePreparedCause","Output":"=== PAUSE TestArchiveCloseDelegatesOnceAndPreservesThePreparedCause\n","OutputType":"frame"}
{"Time":"2026-10-10T00:17:49.184201-04:00","Action":"pause","Package":"fairdrop/internal/stream","Test":"TestArchiveCloseDelegatesOnceAndPreservesThePreparedCause"}
{"Time":"2026-10-10T00:17:49.184215-04:00","Action":"cont","Package":"fairdrop/internal/stream","Test":"TestArchiveCloseDelegatesOnceAndPreservesThePreparedCause"}
{"Time":"2026-10-10T00:17:49.184223-04:00","Action":"output","Package":"fairdrop/internal/stream","Test":"TestArchiveCloseDelegatesOnceAndPreservesThePreparedCause","Output":"=== CONT  TestArchiveCloseDelegatesOnceAndPreservesThePreparedCause\n","OutputType":"frame"}
{"Time":"2026-10-10T00:17:49.184237-04:00","Action":"output","Package":"fairdrop/internal/stream","Test":"TestArchiveCloseDelegatesOnceAndPreservesThePreparedCause","Output":"    archive_test.go:77: first archive Close = \u003cnil\u003e, want the prepared close cause and transfer_failed code preserved\n","OutputType":"error"}
{"Time":"2026-10-10T00:17:49.184308-04:00","Action":"output","Package":"fairdrop/internal/stream","Test":"TestArchiveCloseDelegatesOnceAndPreservesThePreparedCause","Output":"--- FAIL: TestArchiveCloseDelegatesOnceAndPreservesThePreparedCause (0.00s)\n","OutputType":"frame"}
{"Time":"2026-10-10T00:17:49.184332-04:00","Action":"fail","Package":"fairdrop/internal/stream","Test":"TestArchiveCloseDelegatesOnceAndPreservesThePreparedCause","Elapsed":0}
{"Time":"2026-10-10T00:17:49.184354-04:00","Action":"output","Package":"fairdrop/internal/stream","Output":"FAIL\n","OutputType":"frame"}
{"Time":"2026-10-10T00:17:49.185214-04:00","Action":"output","Package":"fairdrop/internal/stream","Output":"FAIL\tfairdrop/internal/stream\t0.241s\n","OutputType":"frame"}
{"Time":"2026-10-10T00:17:49.185248-04:00","Action":"fail","Package":"fairdrop/internal/stream","Elapsed":0.242}
KILLED: drop prepared directory close error by TestArchiveCloseDelegatesOnceAndPreservesThePreparedCause (expected injected assertion failure, not a product failure)
