{"Time":"2026-10-07T15:27:52.655512-04:00","Action":"start","Package":"fairdrop/internal/server"}
{"Time":"2026-10-07T15:27:52.977053-04:00","Action":"run","Package":"fairdrop/internal/server","Test":"TestNaturalCompletionWaitsForHTTPFinalization"}
{"Time":"2026-10-07T15:27:52.977459-04:00","Action":"output","Package":"fairdrop/internal/server","Test":"TestNaturalCompletionWaitsForHTTPFinalization","Output":"=== RUN   TestNaturalCompletionWaitsForHTTPFinalization\n","OutputType":"frame"}
{"Time":"2026-10-07T15:27:52.977515-04:00","Action":"run","Package":"fairdrop/internal/server","Test":"TestNaturalCompletionWaitsForHTTPFinalization/file/success"}
{"Time":"2026-10-07T15:27:52.977532-04:00","Action":"output","Package":"fairdrop/internal/server","Test":"TestNaturalCompletionWaitsForHTTPFinalization/file/success","Output":"=== RUN   TestNaturalCompletionWaitsForHTTPFinalization/file/success\n","OutputType":"frame"}
{"Time":"2026-10-07T15:27:52.980212-04:00","Action":"output","Package":"fairdrop/internal/server","Test":"TestNaturalCompletionWaitsForHTTPFinalization/file/success","Output":"--- PASS: TestNaturalCompletionWaitsForHTTPFinalization/file/success (0.00s)\n","OutputType":"frame"}
{"Time":"2026-10-07T15:27:52.980234-04:00","Action":"pass","Package":"fairdrop/internal/server","Test":"TestNaturalCompletionWaitsForHTTPFinalization/file/success","Elapsed":0}
{"Time":"2026-10-07T15:27:52.980277-04:00","Action":"run","Package":"fairdrop/internal/server","Test":"TestNaturalCompletionWaitsForHTTPFinalization/file/write-error"}
{"Time":"2026-10-07T15:27:52.980286-04:00","Action":"output","Package":"fairdrop/internal/server","Test":"TestNaturalCompletionWaitsForHTTPFinalization/file/write-error","Output":"=== RUN   TestNaturalCompletionWaitsForHTTPFinalization/file/write-error\n","OutputType":"frame"}
{"Time":"2026-10-07T15:27:52.980865-04:00","Action":"output","Package":"fairdrop/internal/server","Test":"TestNaturalCompletionWaitsForHTTPFinalization/file/write-error","Output":"--- PASS: TestNaturalCompletionWaitsForHTTPFinalization/file/write-error (0.00s)\n","OutputType":"frame"}
{"Time":"2026-10-07T15:27:52.980942-04:00","Action":"pass","Package":"fairdrop/internal/server","Test":"TestNaturalCompletionWaitsForHTTPFinalization/file/write-error","Elapsed":0}
{"Time":"2026-10-07T15:27:52.98096-04:00","Action":"run","Package":"fairdrop/internal/server","Test":"TestNaturalCompletionWaitsForHTTPFinalization/file/short-write"}
{"Time":"2026-10-07T15:27:52.98097-04:00","Action":"output","Package":"fairdrop/internal/server","Test":"TestNaturalCompletionWaitsForHTTPFinalization/file/short-write","Output":"=== RUN   TestNaturalCompletionWaitsForHTTPFinalization/file/short-write\n","OutputType":"frame"}
{"Time":"2026-10-07T15:27:52.981268-04:00","Action":"output","Package":"fairdrop/internal/server","Test":"TestNaturalCompletionWaitsForHTTPFinalization/file/short-write","Output":"--- PASS: TestNaturalCompletionWaitsForHTTPFinalization/file/short-write (0.00s)\n","OutputType":"frame"}
{"Time":"2026-10-07T15:27:52.981289-04:00","Action":"pass","Package":"fairdrop/internal/server","Test":"TestNaturalCompletionWaitsForHTTPFinalization/file/short-write","Elapsed":0}
{"Time":"2026-10-07T15:27:52.9813-04:00","Action":"run","Package":"fairdrop/internal/server","Test":"TestNaturalCompletionWaitsForHTTPFinalization/file/cancel"}
{"Time":"2026-10-07T15:27:52.981313-04:00","Action":"output","Package":"fairdrop/internal/server","Test":"TestNaturalCompletionWaitsForHTTPFinalization/file/cancel","Output":"=== RUN   TestNaturalCompletionWaitsForHTTPFinalization/file/cancel\n","OutputType":"frame"}
{"Time":"2026-10-07T15:27:52.981679-04:00","Action":"output","Package":"fairdrop/internal/server","Test":"TestNaturalCompletionWaitsForHTTPFinalization/file/cancel","Output":"--- PASS: TestNaturalCompletionWaitsForHTTPFinalization/file/cancel (0.00s)\n","OutputType":"frame"}
{"Time":"2026-10-07T15:27:52.981691-04:00","Action":"pass","Package":"fairdrop/internal/server","Test":"TestNaturalCompletionWaitsForHTTPFinalization/file/cancel","Elapsed":0}
{"Time":"2026-10-07T15:27:52.981698-04:00","Action":"run","Package":"fairdrop/internal/server","Test":"TestNaturalCompletionWaitsForHTTPFinalization/file/disconnect"}
{"Time":"2026-10-07T15:27:52.981745-04:00","Action":"output","Package":"fairdrop/internal/server","Test":"TestNaturalCompletionWaitsForHTTPFinalization/file/disconnect","Output":"=== RUN   TestNaturalCompletionWaitsForHTTPFinalization/file/disconnect\n","OutputType":"frame"}
{"Time":"2026-10-07T15:27:53.034259-04:00","Action":"output","Package":"fairdrop/internal/server","Test":"TestNaturalCompletionWaitsForHTTPFinalization/file/disconnect","Output":"--- PASS: TestNaturalCompletionWaitsForHTTPFinalization/file/disconnect (0.05s)\n","OutputType":"frame"}
{"Time":"2026-10-07T15:27:53.03429-04:00","Action":"pass","Package":"fairdrop/internal/server","Test":"TestNaturalCompletionWaitsForHTTPFinalization/file/disconnect","Elapsed":0.05}
{"Time":"2026-10-07T15:27:53.034335-04:00","Action":"run","Package":"fairdrop/internal/server","Test":"TestNaturalCompletionWaitsForHTTPFinalization/chunked/success"}
{"Time":"2026-10-07T15:27:53.034345-04:00","Action":"output","Package":"fairdrop/internal/server","Test":"TestNaturalCompletionWaitsForHTTPFinalization/chunked/success","Output":"=== RUN   TestNaturalCompletionWaitsForHTTPFinalization/chunked/success\n","OutputType":"frame"}
{"Time":"2026-10-07T15:27:53.035084-04:00","Action":"output","Package":"fairdrop/internal/server","Test":"TestNaturalCompletionWaitsForHTTPFinalization/chunked/success","Output":"--- PASS: TestNaturalCompletionWaitsForHTTPFinalization/chunked/success (0.00s)\n","OutputType":"frame"}
{"Time":"2026-10-07T15:27:53.035105-04:00","Action":"pass","Package":"fairdrop/internal/server","Test":"TestNaturalCompletionWaitsForHTTPFinalization/chunked/success","Elapsed":0}
{"Time":"2026-10-07T15:27:53.035118-04:00","Action":"run","Package":"fairdrop/internal/server","Test":"TestNaturalCompletionWaitsForHTTPFinalization/chunked/write-error"}
{"Time":"2026-10-07T15:27:53.035127-04:00","Action":"output","Package":"fairdrop/internal/server","Test":"TestNaturalCompletionWaitsForHTTPFinalization/chunked/write-error","Output":"=== RUN   TestNaturalCompletionWaitsForHTTPFinalization/chunked/write-error\n","OutputType":"frame"}
{"Time":"2026-10-07T15:27:53.035702-04:00","Action":"output","Package":"fairdrop/internal/server","Test":"TestNaturalCompletionWaitsForHTTPFinalization/chunked/write-error","Output":"--- PASS: TestNaturalCompletionWaitsForHTTPFinalization/chunked/write-error (0.00s)\n","OutputType":"frame"}
{"Time":"2026-10-07T15:27:53.035717-04:00","Action":"pass","Package":"fairdrop/internal/server","Test":"TestNaturalCompletionWaitsForHTTPFinalization/chunked/write-error","Elapsed":0}
{"Time":"2026-10-07T15:27:53.035728-04:00","Action":"run","Package":"fairdrop/internal/server","Test":"TestNaturalCompletionWaitsForHTTPFinalization/chunked/short-write"}
{"Time":"2026-10-07T15:27:53.035735-04:00","Action":"output","Package":"fairdrop/internal/server","Test":"TestNaturalCompletionWaitsForHTTPFinalization/chunked/short-write","Output":"=== RUN   TestNaturalCompletionWaitsForHTTPFinalization/chunked/short-write\n","OutputType":"frame"}
{"Time":"2026-10-07T15:27:53.036466-04:00","Action":"output","Package":"fairdrop/internal/server","Test":"TestNaturalCompletionWaitsForHTTPFinalization/chunked/short-write","Output":"--- PASS: TestNaturalCompletionWaitsForHTTPFinalization/chunked/short-write (0.00s)\n","OutputType":"frame"}
{"Time":"2026-10-07T15:27:53.036483-04:00","Action":"pass","Package":"fairdrop/internal/server","Test":"TestNaturalCompletionWaitsForHTTPFinalization/chunked/short-write","Elapsed":0}
{"Time":"2026-10-07T15:27:53.036498-04:00","Action":"run","Package":"fairdrop/internal/server","Test":"TestNaturalCompletionWaitsForHTTPFinalization/chunked/cancel"}
{"Time":"2026-10-07T15:27:53.036507-04:00","Action":"output","Package":"fairdrop/internal/server","Test":"TestNaturalCompletionWaitsForHTTPFinalization/chunked/cancel","Output":"=== RUN   TestNaturalCompletionWaitsForHTTPFinalization/chunked/cancel\n","OutputType":"frame"}
{"Time":"2026-10-07T15:27:53.037093-04:00","Action":"output","Package":"fairdrop/internal/server","Test":"TestNaturalCompletionWaitsForHTTPFinalization/chunked/cancel","Output":"--- PASS: TestNaturalCompletionWaitsForHTTPFinalization/chunked/cancel (0.00s)\n","OutputType":"frame"}
{"Time":"2026-10-07T15:27:53.037171-04:00","Action":"pass","Package":"fairdrop/internal/server","Test":"TestNaturalCompletionWaitsForHTTPFinalization/chunked/cancel","Elapsed":0}
{"Time":"2026-10-07T15:27:53.037186-04:00","Action":"run","Package":"fairdrop/internal/server","Test":"TestNaturalCompletionWaitsForHTTPFinalization/chunked/disconnect"}
{"Time":"2026-10-07T15:27:53.037196-04:00","Action":"output","Package":"fairdrop/internal/server","Test":"TestNaturalCompletionWaitsForHTTPFinalization/chunked/disconnect","Output":"=== RUN   TestNaturalCompletionWaitsForHTTPFinalization/chunked/disconnect\n","OutputType":"frame"}
{"Time":"2026-10-07T15:27:53.089971-04:00","Action":"output","Package":"fairdrop/internal/server","Test":"TestNaturalCompletionWaitsForHTTPFinalization/chunked/disconnect","Output":"--- PASS: TestNaturalCompletionWaitsForHTTPFinalization/chunked/disconnect (0.05s)\n","OutputType":"frame"}
{"Time":"2026-10-07T15:27:53.090095-04:00","Action":"pass","Package":"fairdrop/internal/server","Test":"TestNaturalCompletionWaitsForHTTPFinalization/chunked/disconnect","Elapsed":0.05}
{"Time":"2026-10-07T15:27:53.090138-04:00","Action":"output","Package":"fairdrop/internal/server","Test":"TestNaturalCompletionWaitsForHTTPFinalization","Output":"--- PASS: TestNaturalCompletionWaitsForHTTPFinalization (0.11s)\n","OutputType":"frame"}
{"Time":"2026-10-07T15:27:53.09017-04:00","Action":"pass","Package":"fairdrop/internal/server","Test":"TestNaturalCompletionWaitsForHTTPFinalization","Elapsed":0.11}
{"Time":"2026-10-07T15:27:53.090202-04:00","Action":"output","Package":"fairdrop/internal/server","Output":"PASS\n","OutputType":"frame"}
{"Time":"2026-10-07T15:27:53.093696-04:00","Action":"output","Package":"fairdrop/internal/server","Output":"ok  \tfairdrop/internal/server\t0.437s\n"}
{"Time":"2026-10-07T15:27:53.093772-04:00","Action":"pass","Package":"fairdrop/internal/server","Elapsed":0.438}
BASELINE PASSED: TestNaturalCompletionWaitsForHTTPFinalization (structured test and package pass)
{"Time":"2026-10-07T15:27:53.805303-04:00","Action":"start","Package":"fairdrop/internal/server"}
{"Time":"2026-10-07T15:27:54.052803-04:00","Action":"run","Package":"fairdrop/internal/server","Test":"TestPreparationFailureFinalizes410BeforeTerminalTeardown"}
{"Time":"2026-10-07T15:27:54.052921-04:00","Action":"output","Package":"fairdrop/internal/server","Test":"TestPreparationFailureFinalizes410BeforeTerminalTeardown","Output":"=== RUN   TestPreparationFailureFinalizes410BeforeTerminalTeardown\n","OutputType":"frame"}
{"Time":"2026-10-07T15:27:54.055523-04:00","Action":"output","Package":"fairdrop/internal/server","Test":"TestPreparationFailureFinalizes410BeforeTerminalTeardown","Output":"--- PASS: TestPreparationFailureFinalizes410BeforeTerminalTeardown (0.00s)\n","OutputType":"frame"}
{"Time":"2026-10-07T15:27:54.05555-04:00","Action":"pass","Package":"fairdrop/internal/server","Test":"TestPreparationFailureFinalizes410BeforeTerminalTeardown","Elapsed":0}
{"Time":"2026-10-07T15:27:54.055579-04:00","Action":"output","Package":"fairdrop/internal/server","Output":"PASS\n","OutputType":"frame"}
{"Time":"2026-10-07T15:27:54.056926-04:00","Action":"output","Package":"fairdrop/internal/server","Output":"ok  \tfairdrop/internal/server\t0.251s\n"}
{"Time":"2026-10-07T15:27:54.056943-04:00","Action":"pass","Package":"fairdrop/internal/server","Elapsed":0.252}
BASELINE PASSED: TestPreparationFailureFinalizes410BeforeTerminalTeardown (structured test and package pass)
{"Time":"2026-10-07T15:27:54.581589-04:00","Action":"start","Package":"fairdrop/internal/server"}
{"Time":"2026-10-07T15:27:54.810691-04:00","Action":"run","Package":"fairdrop/internal/server","Test":"TestHTTPRejectionsPreserveTCPHalfClose"}
{"Time":"2026-10-07T15:27:54.810771-04:00","Action":"output","Package":"fairdrop/internal/server","Test":"TestHTTPRejectionsPreserveTCPHalfClose","Output":"=== RUN   TestHTTPRejectionsPreserveTCPHalfClose\n","OutputType":"frame"}
{"Time":"2026-10-07T15:27:54.810824-04:00","Action":"run","Package":"fairdrop/internal/server","Test":"TestHTTPRejectionsPreserveTCPHalfClose/unread-body"}
{"Time":"2026-10-07T15:27:54.810839-04:00","Action":"output","Package":"fairdrop/internal/server","Test":"TestHTTPRejectionsPreserveTCPHalfClose/unread-body","Output":"=== RUN   TestHTTPRejectionsPreserveTCPHalfClose/unread-body\n","OutputType":"frame"}
{"Time":"2026-10-07T15:27:55.31496-04:00","Action":"output","Package":"fairdrop/internal/server","Test":"TestHTTPRejectionsPreserveTCPHalfClose/unread-body","Output":"--- PASS: TestHTTPRejectionsPreserveTCPHalfClose/unread-body (0.50s)\n","OutputType":"frame"}
{"Time":"2026-10-07T15:27:55.31526-04:00","Action":"pass","Package":"fairdrop/internal/server","Test":"TestHTTPRejectionsPreserveTCPHalfClose/unread-body","Elapsed":0.5}
{"Time":"2026-10-07T15:27:55.315403-04:00","Action":"run","Package":"fairdrop/internal/server","Test":"TestHTTPRejectionsPreserveTCPHalfClose/oversized-header"}
{"Time":"2026-10-07T15:27:55.315496-04:00","Action":"output","Package":"fairdrop/internal/server","Test":"TestHTTPRejectionsPreserveTCPHalfClose/oversized-header","Output":"=== RUN   TestHTTPRejectionsPreserveTCPHalfClose/oversized-header\n","OutputType":"frame"}
{"Time":"2026-10-07T15:27:55.818669-04:00","Action":"output","Package":"fairdrop/internal/server","Test":"TestHTTPRejectionsPreserveTCPHalfClose/oversized-header","Output":"--- PASS: TestHTTPRejectionsPreserveTCPHalfClose/oversized-header (0.50s)\n","OutputType":"frame"}
{"Time":"2026-10-07T15:27:55.818718-04:00","Action":"pass","Package":"fairdrop/internal/server","Test":"TestHTTPRejectionsPreserveTCPHalfClose/oversized-header","Elapsed":0.5}
{"Time":"2026-10-07T15:27:55.81873-04:00","Action":"output","Package":"fairdrop/internal/server","Test":"TestHTTPRejectionsPreserveTCPHalfClose","Output":"--- PASS: TestHTTPRejectionsPreserveTCPHalfClose (1.01s)\n","OutputType":"frame"}
{"Time":"2026-10-07T15:27:55.818742-04:00","Action":"pass","Package":"fairdrop/internal/server","Test":"TestHTTPRejectionsPreserveTCPHalfClose","Elapsed":1.01}
{"Time":"2026-10-07T15:27:55.818748-04:00","Action":"output","Package":"fairdrop/internal/server","Output":"PASS\n","OutputType":"frame"}
{"Time":"2026-10-07T15:27:55.820115-04:00","Action":"output","Package":"fairdrop/internal/server","Output":"ok  \tfairdrop/internal/server\t1.238s\n"}
{"Time":"2026-10-07T15:27:55.820132-04:00","Action":"pass","Package":"fairdrop/internal/server","Elapsed":1.2389999999999999}
BASELINE PASSED: TestHTTPRejectionsPreserveTCPHalfClose (structured test and package pass)
{"Time":"2026-10-07T15:27:56.182355-04:00","Action":"start","Package":"fairdrop/internal/stream"}
{"Time":"2026-10-07T15:27:56.408923-04:00","Action":"run","Package":"fairdrop/internal/stream","Test":"TestWriteToConcurrentCallersStreamExactlyOnce"}
{"Time":"2026-10-07T15:27:56.409039-04:00","Action":"output","Package":"fairdrop/internal/stream","Test":"TestWriteToConcurrentCallersStreamExactlyOnce","Output":"=== RUN   TestWriteToConcurrentCallersStreamExactlyOnce\n","OutputType":"frame"}
{"Time":"2026-10-07T15:27:56.409102-04:00","Action":"run","Package":"fairdrop/internal/stream","Test":"TestWriteToConcurrentCallersStreamExactlyOnce/file"}
{"Time":"2026-10-07T15:27:56.409112-04:00","Action":"output","Package":"fairdrop/internal/stream","Test":"TestWriteToConcurrentCallersStreamExactlyOnce/file","Output":"=== RUN   TestWriteToConcurrentCallersStreamExactlyOnce/file\n","OutputType":"frame"}
{"Time":"2026-10-07T15:27:56.410224-04:00","Action":"output","Package":"fairdrop/internal/stream","Test":"TestWriteToConcurrentCallersStreamExactlyOnce/file","Output":"--- PASS: TestWriteToConcurrentCallersStreamExactlyOnce/file (0.00s)\n","OutputType":"frame"}
{"Time":"2026-10-07T15:27:56.410236-04:00","Action":"pass","Package":"fairdrop/internal/stream","Test":"TestWriteToConcurrentCallersStreamExactlyOnce/file","Elapsed":0}
{"Time":"2026-10-07T15:27:56.410254-04:00","Action":"run","Package":"fairdrop/internal/stream","Test":"TestWriteToConcurrentCallersStreamExactlyOnce/folder"}
{"Time":"2026-10-07T15:27:56.410258-04:00","Action":"output","Package":"fairdrop/internal/stream","Test":"TestWriteToConcurrentCallersStreamExactlyOnce/folder","Output":"=== RUN   TestWriteToConcurrentCallersStreamExactlyOnce/folder\n","OutputType":"frame"}
{"Time":"2026-10-07T15:27:56.411548-04:00","Action":"output","Package":"fairdrop/internal/stream","Test":"TestWriteToConcurrentCallersStreamExactlyOnce/folder","Output":"--- PASS: TestWriteToConcurrentCallersStreamExactlyOnce/folder (0.00s)\n","OutputType":"frame"}
{"Time":"2026-10-07T15:27:56.411556-04:00","Action":"pass","Package":"fairdrop/internal/stream","Test":"TestWriteToConcurrentCallersStreamExactlyOnce/folder","Elapsed":0}
{"Time":"2026-10-07T15:27:56.411563-04:00","Action":"output","Package":"fairdrop/internal/stream","Test":"TestWriteToConcurrentCallersStreamExactlyOnce","Output":"--- PASS: TestWriteToConcurrentCallersStreamExactlyOnce (0.00s)\n","OutputType":"frame"}
{"Time":"2026-10-07T15:27:56.411569-04:00","Action":"pass","Package":"fairdrop/internal/stream","Test":"TestWriteToConcurrentCallersStreamExactlyOnce","Elapsed":0}
{"Time":"2026-10-07T15:27:56.411575-04:00","Action":"output","Package":"fairdrop/internal/stream","Output":"PASS\n","OutputType":"frame"}
{"Time":"2026-10-07T15:27:56.412168-04:00","Action":"output","Package":"fairdrop/internal/stream","Output":"ok  \tfairdrop/internal/stream\t0.229s\n"}
{"Time":"2026-10-07T15:27:56.412177-04:00","Action":"pass","Package":"fairdrop/internal/stream","Elapsed":0.23}
BASELINE PASSED: TestWriteToConcurrentCallersStreamExactlyOnce (structured test and package pass)
{"Time":"2026-10-07T15:27:57.417611-04:00","Action":"start","Package":"fairdrop"}
{"Time":"2026-10-07T15:27:57.703344-04:00","Action":"run","Package":"fairdrop","Test":"TestStageTransferRefusesSelectedSymlinkAndPreservesTraversalRefusals"}
{"Time":"2026-10-07T15:27:57.703493-04:00","Action":"output","Package":"fairdrop","Test":"TestStageTransferRefusesSelectedSymlinkAndPreservesTraversalRefusals","Output":"=== RUN   TestStageTransferRefusesSelectedSymlinkAndPreservesTraversalRefusals\n","OutputType":"frame"}
{"Time":"2026-10-07T15:27:57.704223-04:00","Action":"run","Package":"fairdrop","Test":"TestStageTransferRefusesSelectedSymlinkAndPreservesTraversalRefusals/directory-link"}
{"Time":"2026-10-07T15:27:57.704234-04:00","Action":"output","Package":"fairdrop","Test":"TestStageTransferRefusesSelectedSymlinkAndPreservesTraversalRefusals/directory-link","Output":"=== RUN   TestStageTransferRefusesSelectedSymlinkAndPreservesTraversalRefusals/directory-link\n","OutputType":"frame"}
{"Time":"2026-10-07T15:27:57.704753-04:00","Action":"output","Package":"fairdrop","Test":"TestStageTransferRefusesSelectedSymlinkAndPreservesTraversalRefusals/directory-link","Output":"--- PASS: TestStageTransferRefusesSelectedSymlinkAndPreservesTraversalRefusals/directory-link (0.00s)\n","OutputType":"frame"}
{"Time":"2026-10-07T15:27:57.704761-04:00","Action":"pass","Package":"fairdrop","Test":"TestStageTransferRefusesSelectedSymlinkAndPreservesTraversalRefusals/directory-link","Elapsed":0}
{"Time":"2026-10-07T15:27:57.704772-04:00","Action":"run","Package":"fairdrop","Test":"TestStageTransferRefusesSelectedSymlinkAndPreservesTraversalRefusals/file-link"}
{"Time":"2026-10-07T15:27:57.704776-04:00","Action":"output","Package":"fairdrop","Test":"TestStageTransferRefusesSelectedSymlinkAndPreservesTraversalRefusals/file-link","Output":"=== RUN   TestStageTransferRefusesSelectedSymlinkAndPreservesTraversalRefusals/file-link\n","OutputType":"frame"}
{"Time":"2026-10-07T15:27:57.704896-04:00","Action":"output","Package":"fairdrop","Test":"TestStageTransferRefusesSelectedSymlinkAndPreservesTraversalRefusals/file-link","Output":"--- PASS: TestStageTransferRefusesSelectedSymlinkAndPreservesTraversalRefusals/file-link (0.00s)\n","OutputType":"frame"}
{"Time":"2026-10-07T15:27:57.704903-04:00","Action":"pass","Package":"fairdrop","Test":"TestStageTransferRefusesSelectedSymlinkAndPreservesTraversalRefusals/file-link","Elapsed":0}
{"Time":"2026-10-07T15:27:57.704907-04:00","Action":"run","Package":"fairdrop","Test":"TestStageTransferRefusesSelectedSymlinkAndPreservesTraversalRefusals/trailing-link"}
{"Time":"2026-10-07T15:27:57.70491-04:00","Action":"output","Package":"fairdrop","Test":"TestStageTransferRefusesSelectedSymlinkAndPreservesTraversalRefusals/trailing-link","Output":"=== RUN   TestStageTransferRefusesSelectedSymlinkAndPreservesTraversalRefusals/trailing-link\n","OutputType":"frame"}
{"Time":"2026-10-07T15:27:57.704974-04:00","Action":"output","Package":"fairdrop","Test":"TestStageTransferRefusesSelectedSymlinkAndPreservesTraversalRefusals/trailing-link","Output":"--- PASS: TestStageTransferRefusesSelectedSymlinkAndPreservesTraversalRefusals/trailing-link (0.00s)\n","OutputType":"frame"}
{"Time":"2026-10-07T15:27:57.70498-04:00","Action":"pass","Package":"fairdrop","Test":"TestStageTransferRefusesSelectedSymlinkAndPreservesTraversalRefusals/trailing-link","Elapsed":0}
{"Time":"2026-10-07T15:27:57.704984-04:00","Action":"run","Package":"fairdrop","Test":"TestStageTransferRefusesSelectedSymlinkAndPreservesTraversalRefusals/link-dot"}
{"Time":"2026-10-07T15:27:57.704987-04:00","Action":"output","Package":"fairdrop","Test":"TestStageTransferRefusesSelectedSymlinkAndPreservesTraversalRefusals/link-dot","Output":"=== RUN   TestStageTransferRefusesSelectedSymlinkAndPreservesTraversalRefusals/link-dot\n","OutputType":"frame"}
{"Time":"2026-10-07T15:27:57.705041-04:00","Action":"output","Package":"fairdrop","Test":"TestStageTransferRefusesSelectedSymlinkAndPreservesTraversalRefusals/link-dot","Output":"--- PASS: TestStageTransferRefusesSelectedSymlinkAndPreservesTraversalRefusals/link-dot (0.00s)\n","OutputType":"frame"}
{"Time":"2026-10-07T15:27:57.705063-04:00","Action":"pass","Package":"fairdrop","Test":"TestStageTransferRefusesSelectedSymlinkAndPreservesTraversalRefusals/link-dot","Elapsed":0}
{"Time":"2026-10-07T15:27:57.705067-04:00","Action":"run","Package":"fairdrop","Test":"TestStageTransferRefusesSelectedSymlinkAndPreservesTraversalRefusals/link-parent"}
{"Time":"2026-10-07T15:27:57.70507-04:00","Action":"output","Package":"fairdrop","Test":"TestStageTransferRefusesSelectedSymlinkAndPreservesTraversalRefusals/link-parent","Output":"=== RUN   TestStageTransferRefusesSelectedSymlinkAndPreservesTraversalRefusals/link-parent\n","OutputType":"frame"}
{"Time":"2026-10-07T15:27:57.705103-04:00","Action":"output","Package":"fairdrop","Test":"TestStageTransferRefusesSelectedSymlinkAndPreservesTraversalRefusals/link-parent","Output":"--- PASS: TestStageTransferRefusesSelectedSymlinkAndPreservesTraversalRefusals/link-parent (0.00s)\n","OutputType":"frame"}
{"Time":"2026-10-07T15:27:57.705109-04:00","Action":"pass","Package":"fairdrop","Test":"TestStageTransferRefusesSelectedSymlinkAndPreservesTraversalRefusals/link-parent","Elapsed":0}
{"Time":"2026-10-07T15:27:57.705112-04:00","Action":"run","Package":"fairdrop","Test":"TestStageTransferRefusesSelectedSymlinkAndPreservesTraversalRefusals/trailing-file"}
{"Time":"2026-10-07T15:27:57.705115-04:00","Action":"output","Package":"fairdrop","Test":"TestStageTransferRefusesSelectedSymlinkAndPreservesTraversalRefusals/trailing-file","Output":"=== RUN   TestStageTransferRefusesSelectedSymlinkAndPreservesTraversalRefusals/trailing-file\n","OutputType":"frame"}
{"Time":"2026-10-07T15:27:57.705234-04:00","Action":"output","Package":"fairdrop","Test":"TestStageTransferRefusesSelectedSymlinkAndPreservesTraversalRefusals/trailing-file","Output":"--- PASS: TestStageTransferRefusesSelectedSymlinkAndPreservesTraversalRefusals/trailing-file (0.00s)\n","OutputType":"frame"}
{"Time":"2026-10-07T15:27:57.70524-04:00","Action":"pass","Package":"fairdrop","Test":"TestStageTransferRefusesSelectedSymlinkAndPreservesTraversalRefusals/trailing-file","Elapsed":0}
{"Time":"2026-10-07T15:27:57.705244-04:00","Action":"run","Package":"fairdrop","Test":"TestStageTransferRefusesSelectedSymlinkAndPreservesTraversalRefusals/file-parent"}
{"Time":"2026-10-07T15:27:57.705246-04:00","Action":"output","Package":"fairdrop","Test":"TestStageTransferRefusesSelectedSymlinkAndPreservesTraversalRefusals/file-parent","Output":"=== RUN   TestStageTransferRefusesSelectedSymlinkAndPreservesTraversalRefusals/file-parent\n","OutputType":"frame"}
{"Time":"2026-10-07T15:27:57.705387-04:00","Action":"output","Package":"fairdrop","Test":"TestStageTransferRefusesSelectedSymlinkAndPreservesTraversalRefusals/file-parent","Output":"--- PASS: TestStageTransferRefusesSelectedSymlinkAndPreservesTraversalRefusals/file-parent (0.00s)\n","OutputType":"frame"}
{"Time":"2026-10-07T15:27:57.705393-04:00","Action":"pass","Package":"fairdrop","Test":"TestStageTransferRefusesSelectedSymlinkAndPreservesTraversalRefusals/file-parent","Elapsed":0}
{"Time":"2026-10-07T15:27:57.705785-04:00","Action":"output","Package":"fairdrop","Test":"TestStageTransferRefusesSelectedSymlinkAndPreservesTraversalRefusals","Output":"--- PASS: TestStageTransferRefusesSelectedSymlinkAndPreservesTraversalRefusals (0.00s)\n","OutputType":"frame"}
{"Time":"2026-10-07T15:27:57.705791-04:00","Action":"pass","Package":"fairdrop","Test":"TestStageTransferRefusesSelectedSymlinkAndPreservesTraversalRefusals","Elapsed":0}
{"Time":"2026-10-07T15:27:57.705844-04:00","Action":"output","Package":"fairdrop","Output":"PASS\n","OutputType":"frame"}
{"Time":"2026-10-07T15:27:57.706745-04:00","Action":"output","Package":"fairdrop","Output":"ok  \tfairdrop\t0.289s\n"}
{"Time":"2026-10-07T15:27:57.706759-04:00","Action":"pass","Package":"fairdrop","Elapsed":0.289}
BASELINE PASSED: TestStageTransferRefusesSelectedSymlinkAndPreservesTraversalRefusals (structured test and package pass)
{"Time":"2026-10-07T15:27:58.332511-04:00","Action":"start","Package":"fairdrop"}
{"Time":"2026-10-07T15:27:58.598803-04:00","Action":"run","Package":"fairdrop","Test":"TestSelectionResolutionHonoursAdmissionAndCancellation"}
{"Time":"2026-10-07T15:27:58.598896-04:00","Action":"output","Package":"fairdrop","Test":"TestSelectionResolutionHonoursAdmissionAndCancellation","Output":"=== RUN   TestSelectionResolutionHonoursAdmissionAndCancellation\n","OutputType":"frame"}
{"Time":"2026-10-07T15:27:58.598956-04:00","Action":"run","Package":"fairdrop","Test":"TestSelectionResolutionHonoursAdmissionAndCancellation/caller"}
{"Time":"2026-10-07T15:27:58.598975-04:00","Action":"output","Package":"fairdrop","Test":"TestSelectionResolutionHonoursAdmissionAndCancellation/caller","Output":"=== RUN   TestSelectionResolutionHonoursAdmissionAndCancellation/caller\n","OutputType":"frame"}
{"Time":"2026-10-07T15:27:58.599787-04:00","Action":"output","Package":"fairdrop","Test":"TestSelectionResolutionHonoursAdmissionAndCancellation/caller","Output":"--- PASS: TestSelectionResolutionHonoursAdmissionAndCancellation/caller (0.00s)\n","OutputType":"frame"}
{"Time":"2026-10-07T15:27:58.5998-04:00","Action":"pass","Package":"fairdrop","Test":"TestSelectionResolutionHonoursAdmissionAndCancellation/caller","Elapsed":0}
{"Time":"2026-10-07T15:27:58.599821-04:00","Action":"run","Package":"fairdrop","Test":"TestSelectionResolutionHonoursAdmissionAndCancellation/cancel"}
{"Time":"2026-10-07T15:27:58.599828-04:00","Action":"output","Package":"fairdrop","Test":"TestSelectionResolutionHonoursAdmissionAndCancellation/cancel","Output":"=== RUN   TestSelectionResolutionHonoursAdmissionAndCancellation/cancel\n","OutputType":"frame"}
{"Time":"2026-10-07T15:27:58.599846-04:00","Action":"output","Package":"fairdrop","Test":"TestSelectionResolutionHonoursAdmissionAndCancellation/cancel","Output":"--- PASS: TestSelectionResolutionHonoursAdmissionAndCancellation/cancel (0.00s)\n","OutputType":"frame"}
{"Time":"2026-10-07T15:27:58.599867-04:00","Action":"pass","Package":"fairdrop","Test":"TestSelectionResolutionHonoursAdmissionAndCancellation/cancel","Elapsed":0}
{"Time":"2026-10-07T15:27:58.599875-04:00","Action":"run","Package":"fairdrop","Test":"TestSelectionResolutionHonoursAdmissionAndCancellation/shutdown"}
{"Time":"2026-10-07T15:27:58.599881-04:00","Action":"output","Package":"fairdrop","Test":"TestSelectionResolutionHonoursAdmissionAndCancellation/shutdown","Output":"=== RUN   TestSelectionResolutionHonoursAdmissionAndCancellation/shutdown\n","OutputType":"frame"}
{"Time":"2026-10-07T15:27:58.599964-04:00","Action":"output","Package":"fairdrop","Test":"TestSelectionResolutionHonoursAdmissionAndCancellation/shutdown","Output":"--- PASS: TestSelectionResolutionHonoursAdmissionAndCancellation/shutdown (0.00s)\n","OutputType":"frame"}
{"Time":"2026-10-07T15:27:58.599975-04:00","Action":"pass","Package":"fairdrop","Test":"TestSelectionResolutionHonoursAdmissionAndCancellation/shutdown","Elapsed":0}
{"Time":"2026-10-07T15:27:58.599982-04:00","Action":"output","Package":"fairdrop","Test":"TestSelectionResolutionHonoursAdmissionAndCancellation","Output":"--- PASS: TestSelectionResolutionHonoursAdmissionAndCancellation (0.00s)\n","OutputType":"frame"}
{"Time":"2026-10-07T15:27:58.59999-04:00","Action":"pass","Package":"fairdrop","Test":"TestSelectionResolutionHonoursAdmissionAndCancellation","Elapsed":0}
{"Time":"2026-10-07T15:27:58.600006-04:00","Action":"output","Package":"fairdrop","Output":"PASS\n","OutputType":"frame"}
{"Time":"2026-10-07T15:27:58.600852-04:00","Action":"output","Package":"fairdrop","Output":"ok  \tfairdrop\t0.268s\n"}
{"Time":"2026-10-07T15:27:58.600867-04:00","Action":"pass","Package":"fairdrop","Elapsed":0.268}
BASELINE PASSED: TestSelectionResolutionHonoursAdmissionAndCancellation (structured test and package pass)
{"Time":"2026-10-07T15:27:59.239969-04:00","Action":"start","Package":"fairdrop"}
{"Time":"2026-10-07T15:27:59.493672-04:00","Action":"run","Package":"fairdrop","Test":"TestSelectionResolutionCancellationImmediatelyBeforeResult"}
{"Time":"2026-10-07T15:27:59.493868-04:00","Action":"output","Package":"fairdrop","Test":"TestSelectionResolutionCancellationImmediatelyBeforeResult","Output":"=== RUN   TestSelectionResolutionCancellationImmediatelyBeforeResult\n","OutputType":"frame"}
{"Time":"2026-10-07T15:27:59.49478-04:00","Action":"output","Package":"fairdrop","Test":"TestSelectionResolutionCancellationImmediatelyBeforeResult","Output":"--- PASS: TestSelectionResolutionCancellationImmediatelyBeforeResult (0.00s)\n","OutputType":"frame"}
{"Time":"2026-10-07T15:27:59.494797-04:00","Action":"pass","Package":"fairdrop","Test":"TestSelectionResolutionCancellationImmediatelyBeforeResult","Elapsed":0}
{"Time":"2026-10-07T15:27:59.494817-04:00","Action":"output","Package":"fairdrop","Output":"PASS\n","OutputType":"frame"}
{"Time":"2026-10-07T15:27:59.495655-04:00","Action":"output","Package":"fairdrop","Output":"ok  \tfairdrop\t0.255s\n"}
{"Time":"2026-10-07T15:27:59.495712-04:00","Action":"pass","Package":"fairdrop","Elapsed":0.256}
BASELINE PASSED: TestSelectionResolutionCancellationImmediatelyBeforeResult (structured test and package pass)
{"Time":"2026-10-07T15:28:00.116843-04:00","Action":"start","Package":"fairdrop"}
{"Time":"2026-10-07T15:28:00.378664-04:00","Action":"run","Package":"fairdrop","Test":"TestSelectionResolutionCancellationAtResolverReturn"}
{"Time":"2026-10-07T15:28:00.378752-04:00","Action":"output","Package":"fairdrop","Test":"TestSelectionResolutionCancellationAtResolverReturn","Output":"=== RUN   TestSelectionResolutionCancellationAtResolverReturn\n","OutputType":"frame"}
{"Time":"2026-10-07T15:28:00.379175-04:00","Action":"output","Package":"fairdrop","Test":"TestSelectionResolutionCancellationAtResolverReturn","Output":"--- PASS: TestSelectionResolutionCancellationAtResolverReturn (0.00s)\n","OutputType":"frame"}
{"Time":"2026-10-07T15:28:00.37919-04:00","Action":"pass","Package":"fairdrop","Test":"TestSelectionResolutionCancellationAtResolverReturn","Elapsed":0}
{"Time":"2026-10-07T15:28:00.379211-04:00","Action":"output","Package":"fairdrop","Output":"PASS\n","OutputType":"frame"}
{"Time":"2026-10-07T15:28:00.380111-04:00","Action":"output","Package":"fairdrop","Output":"ok  \tfairdrop\t0.263s\n"}
{"Time":"2026-10-07T15:28:00.380138-04:00","Action":"pass","Package":"fairdrop","Elapsed":0.263}
BASELINE PASSED: TestSelectionResolutionCancellationAtResolverReturn (structured test and package pass)
{"Time":"2026-10-07T15:28:01.02018-04:00","Action":"start","Package":"fairdrop"}
{"Time":"2026-10-07T15:28:01.278957-04:00","Action":"run","Package":"fairdrop","Test":"TestNativeRootEscapeRemainsPathUnsupported"}
{"Time":"2026-10-07T15:28:01.279057-04:00","Action":"output","Package":"fairdrop","Test":"TestNativeRootEscapeRemainsPathUnsupported","Output":"=== RUN   TestNativeRootEscapeRemainsPathUnsupported\n","OutputType":"frame"}
{"Time":"2026-10-07T15:28:01.279828-04:00","Action":"run","Package":"fairdrop","Test":"TestNativeRootEscapeRemainsPathUnsupported/0"}
{"Time":"2026-10-07T15:28:01.279843-04:00","Action":"output","Package":"fairdrop","Test":"TestNativeRootEscapeRemainsPathUnsupported/0","Output":"=== RUN   TestNativeRootEscapeRemainsPathUnsupported/0\n","OutputType":"frame"}
{"Time":"2026-10-07T15:28:01.280551-04:00","Action":"output","Package":"fairdrop","Test":"TestNativeRootEscapeRemainsPathUnsupported/0","Output":"--- PASS: TestNativeRootEscapeRemainsPathUnsupported/0 (0.00s)\n","OutputType":"frame"}
{"Time":"2026-10-07T15:28:01.280565-04:00","Action":"pass","Package":"fairdrop","Test":"TestNativeRootEscapeRemainsPathUnsupported/0","Elapsed":0}
{"Time":"2026-10-07T15:28:01.281038-04:00","Action":"output","Package":"fairdrop","Test":"TestNativeRootEscapeRemainsPathUnsupported","Output":"--- PASS: TestNativeRootEscapeRemainsPathUnsupported (0.00s)\n","OutputType":"frame"}
{"Time":"2026-10-07T15:28:01.281058-04:00","Action":"pass","Package":"fairdrop","Test":"TestNativeRootEscapeRemainsPathUnsupported","Elapsed":0}
{"Time":"2026-10-07T15:28:01.281079-04:00","Action":"output","Package":"fairdrop","Output":"PASS\n","OutputType":"frame"}
{"Time":"2026-10-07T15:28:01.28214-04:00","Action":"output","Package":"fairdrop","Output":"ok  \tfairdrop\t0.262s\n"}
{"Time":"2026-10-07T15:28:01.282168-04:00","Action":"pass","Package":"fairdrop","Elapsed":0.262}
BASELINE PASSED: TestNativeRootEscapeRemainsPathUnsupported (structured test and package pass)
{"Time":"2026-10-07T15:28:01.658259-04:00","Action":"start","Package":"fairdrop/internal/server"}
{"Time":"2026-10-07T15:28:01.910668-04:00","Action":"run","Package":"fairdrop/internal/server","Test":"TestHeaderOnlyFinalizationWaitsAndRetainsFailureCodes"}
{"Time":"2026-10-07T15:28:01.910785-04:00","Action":"output","Package":"fairdrop/internal/server","Test":"TestHeaderOnlyFinalizationWaitsAndRetainsFailureCodes","Output":"=== RUN   TestHeaderOnlyFinalizationWaitsAndRetainsFailureCodes\n","OutputType":"frame"}
{"Time":"2026-10-07T15:28:01.910859-04:00","Action":"run","Package":"fairdrop/internal/server","Test":"TestHeaderOnlyFinalizationWaitsAndRetainsFailureCodes/empty-file/success"}
{"Time":"2026-10-07T15:28:01.910876-04:00","Action":"output","Package":"fairdrop/internal/server","Test":"TestHeaderOnlyFinalizationWaitsAndRetainsFailureCodes/empty-file/success","Output":"=== RUN   TestHeaderOnlyFinalizationWaitsAndRetainsFailureCodes/empty-file/success\n","OutputType":"frame"}
{"Time":"2026-10-07T15:28:01.913924-04:00","Action":"output","Package":"fairdrop/internal/server","Test":"TestHeaderOnlyFinalizationWaitsAndRetainsFailureCodes/empty-file/success","Output":"--- PASS: TestHeaderOnlyFinalizationWaitsAndRetainsFailureCodes/empty-file/success (0.00s)\n","OutputType":"frame"}
{"Time":"2026-10-07T15:28:01.913946-04:00","Action":"pass","Package":"fairdrop/internal/server","Test":"TestHeaderOnlyFinalizationWaitsAndRetainsFailureCodes/empty-file/success","Elapsed":0}
{"Time":"2026-10-07T15:28:01.913966-04:00","Action":"run","Package":"fairdrop/internal/server","Test":"TestHeaderOnlyFinalizationWaitsAndRetainsFailureCodes/empty-file/write-error"}
{"Time":"2026-10-07T15:28:01.913974-04:00","Action":"output","Package":"fairdrop/internal/server","Test":"TestHeaderOnlyFinalizationWaitsAndRetainsFailureCodes/empty-file/write-error","Output":"=== RUN   TestHeaderOnlyFinalizationWaitsAndRetainsFailureCodes/empty-file/write-error\n","OutputType":"frame"}
{"Time":"2026-10-07T15:28:01.914518-04:00","Action":"output","Package":"fairdrop/internal/server","Test":"TestHeaderOnlyFinalizationWaitsAndRetainsFailureCodes/empty-file/write-error","Output":"--- PASS: TestHeaderOnlyFinalizationWaitsAndRetainsFailureCodes/empty-file/write-error (0.00s)\n","OutputType":"frame"}
{"Time":"2026-10-07T15:28:01.914531-04:00","Action":"pass","Package":"fairdrop/internal/server","Test":"TestHeaderOnlyFinalizationWaitsAndRetainsFailureCodes/empty-file/write-error","Elapsed":0}
{"Time":"2026-10-07T15:28:01.914544-04:00","Action":"run","Package":"fairdrop/internal/server","Test":"TestHeaderOnlyFinalizationWaitsAndRetainsFailureCodes/empty-file/short-write"}
{"Time":"2026-10-07T15:28:01.914552-04:00","Action":"output","Package":"fairdrop/internal/server","Test":"TestHeaderOnlyFinalizationWaitsAndRetainsFailureCodes/empty-file/short-write","Output":"=== RUN   TestHeaderOnlyFinalizationWaitsAndRetainsFailureCodes/empty-file/short-write\n","OutputType":"frame"}
{"Time":"2026-10-07T15:28:01.914966-04:00","Action":"output","Package":"fairdrop/internal/server","Test":"TestHeaderOnlyFinalizationWaitsAndRetainsFailureCodes/empty-file/short-write","Output":"--- PASS: TestHeaderOnlyFinalizationWaitsAndRetainsFailureCodes/empty-file/short-write (0.00s)\n","OutputType":"frame"}
{"Time":"2026-10-07T15:28:01.914986-04:00","Action":"pass","Package":"fairdrop/internal/server","Test":"TestHeaderOnlyFinalizationWaitsAndRetainsFailureCodes/empty-file/short-write","Elapsed":0}
{"Time":"2026-10-07T15:28:01.914996-04:00","Action":"run","Package":"fairdrop/internal/server","Test":"TestHeaderOnlyFinalizationWaitsAndRetainsFailureCodes/empty-file/cancel"}
{"Time":"2026-10-07T15:28:01.915016-04:00","Action":"output","Package":"fairdrop/internal/server","Test":"TestHeaderOnlyFinalizationWaitsAndRetainsFailureCodes/empty-file/cancel","Output":"=== RUN   TestHeaderOnlyFinalizationWaitsAndRetainsFailureCodes/empty-file/cancel\n","OutputType":"frame"}
{"Time":"2026-10-07T15:28:01.915439-04:00","Action":"output","Package":"fairdrop/internal/server","Test":"TestHeaderOnlyFinalizationWaitsAndRetainsFailureCodes/empty-file/cancel","Output":"--- PASS: TestHeaderOnlyFinalizationWaitsAndRetainsFailureCodes/empty-file/cancel (0.00s)\n","OutputType":"frame"}
{"Time":"2026-10-07T15:28:01.9155-04:00","Action":"pass","Package":"fairdrop/internal/server","Test":"TestHeaderOnlyFinalizationWaitsAndRetainsFailureCodes/empty-file/cancel","Elapsed":0}
{"Time":"2026-10-07T15:28:01.915507-04:00","Action":"run","Package":"fairdrop/internal/server","Test":"TestHeaderOnlyFinalizationWaitsAndRetainsFailureCodes/preparation-failure/success"}
{"Time":"2026-10-07T15:28:01.915512-04:00","Action":"output","Package":"fairdrop/internal/server","Test":"TestHeaderOnlyFinalizationWaitsAndRetainsFailureCodes/preparation-failure/success","Output":"=== RUN   TestHeaderOnlyFinalizationWaitsAndRetainsFailureCodes/preparation-failure/success\n","OutputType":"frame"}
{"Time":"2026-10-07T15:28:01.915861-04:00","Action":"output","Package":"fairdrop/internal/server","Test":"TestHeaderOnlyFinalizationWaitsAndRetainsFailureCodes/preparation-failure/success","Output":"--- PASS: TestHeaderOnlyFinalizationWaitsAndRetainsFailureCodes/preparation-failure/success (0.00s)\n","OutputType":"frame"}
{"Time":"2026-10-07T15:28:01.915872-04:00","Action":"pass","Package":"fairdrop/internal/server","Test":"TestHeaderOnlyFinalizationWaitsAndRetainsFailureCodes/preparation-failure/success","Elapsed":0}
{"Time":"2026-10-07T15:28:01.915887-04:00","Action":"run","Package":"fairdrop/internal/server","Test":"TestHeaderOnlyFinalizationWaitsAndRetainsFailureCodes/preparation-failure/write-error"}
{"Time":"2026-10-07T15:28:01.915893-04:00","Action":"output","Package":"fairdrop/internal/server","Test":"TestHeaderOnlyFinalizationWaitsAndRetainsFailureCodes/preparation-failure/write-error","Output":"=== RUN   TestHeaderOnlyFinalizationWaitsAndRetainsFailureCodes/preparation-failure/write-error\n","OutputType":"frame"}
{"Time":"2026-10-07T15:28:01.916428-04:00","Action":"output","Package":"fairdrop/internal/server","Test":"TestHeaderOnlyFinalizationWaitsAndRetainsFailureCodes/preparation-failure/write-error","Output":"--- PASS: TestHeaderOnlyFinalizationWaitsAndRetainsFailureCodes/preparation-failure/write-error (0.00s)\n","OutputType":"frame"}
{"Time":"2026-10-07T15:28:01.916441-04:00","Action":"pass","Package":"fairdrop/internal/server","Test":"TestHeaderOnlyFinalizationWaitsAndRetainsFailureCodes/preparation-failure/write-error","Elapsed":0}
{"Time":"2026-10-07T15:28:01.916458-04:00","Action":"run","Package":"fairdrop/internal/server","Test":"TestHeaderOnlyFinalizationWaitsAndRetainsFailureCodes/preparation-failure/short-write"}
{"Time":"2026-10-07T15:28:01.916465-04:00","Action":"output","Package":"fairdrop/internal/server","Test":"TestHeaderOnlyFinalizationWaitsAndRetainsFailureCodes/preparation-failure/short-write","Output":"=== RUN   TestHeaderOnlyFinalizationWaitsAndRetainsFailureCodes/preparation-failure/short-write\n","OutputType":"frame"}
{"Time":"2026-10-07T15:28:01.916893-04:00","Action":"output","Package":"fairdrop/internal/server","Test":"TestHeaderOnlyFinalizationWaitsAndRetainsFailureCodes/preparation-failure/short-write","Output":"--- PASS: TestHeaderOnlyFinalizationWaitsAndRetainsFailureCodes/preparation-failure/short-write (0.00s)\n","OutputType":"frame"}
{"Time":"2026-10-07T15:28:01.916904-04:00","Action":"pass","Package":"fairdrop/internal/server","Test":"TestHeaderOnlyFinalizationWaitsAndRetainsFailureCodes/preparation-failure/short-write","Elapsed":0}
{"Time":"2026-10-07T15:28:01.916911-04:00","Action":"run","Package":"fairdrop/internal/server","Test":"TestHeaderOnlyFinalizationWaitsAndRetainsFailureCodes/preparation-failure/cancel"}
{"Time":"2026-10-07T15:28:01.916916-04:00","Action":"output","Package":"fairdrop/internal/server","Test":"TestHeaderOnlyFinalizationWaitsAndRetainsFailureCodes/preparation-failure/cancel","Output":"=== RUN   TestHeaderOnlyFinalizationWaitsAndRetainsFailureCodes/preparation-failure/cancel\n","OutputType":"frame"}
{"Time":"2026-10-07T15:28:01.917404-04:00","Action":"output","Package":"fairdrop/internal/server","Test":"TestHeaderOnlyFinalizationWaitsAndRetainsFailureCodes/preparation-failure/cancel","Output":"--- PASS: TestHeaderOnlyFinalizationWaitsAndRetainsFailureCodes/preparation-failure/cancel (0.00s)\n","OutputType":"frame"}
{"Time":"2026-10-07T15:28:01.917421-04:00","Action":"pass","Package":"fairdrop/internal/server","Test":"TestHeaderOnlyFinalizationWaitsAndRetainsFailureCodes/preparation-failure/cancel","Elapsed":0}
{"Time":"2026-10-07T15:28:01.917428-04:00","Action":"output","Package":"fairdrop/internal/server","Test":"TestHeaderOnlyFinalizationWaitsAndRetainsFailureCodes","Output":"--- PASS: TestHeaderOnlyFinalizationWaitsAndRetainsFailureCodes (0.01s)\n","OutputType":"frame"}
{"Time":"2026-10-07T15:28:01.917434-04:00","Action":"pass","Package":"fairdrop/internal/server","Test":"TestHeaderOnlyFinalizationWaitsAndRetainsFailureCodes","Elapsed":0.01}
{"Time":"2026-10-07T15:28:01.917445-04:00","Action":"output","Package":"fairdrop/internal/server","Output":"PASS\n","OutputType":"frame"}
{"Time":"2026-10-07T15:28:01.918435-04:00","Action":"output","Package":"fairdrop/internal/server","Output":"ok  \tfairdrop/internal/server\t0.260s\n"}
{"Time":"2026-10-07T15:28:01.918452-04:00","Action":"pass","Package":"fairdrop/internal/server","Elapsed":0.26}
BASELINE PASSED: TestHeaderOnlyFinalizationWaitsAndRetainsFailureCodes (structured test and package pass)
{"Time":"2026-10-07T15:28:02.553808-04:00","Action":"start","Package":"fairdrop"}
{"Time":"2026-10-07T15:28:02.815852-04:00","Action":"run","Package":"fairdrop","Test":"TestVerifyWorkflowExecutesGateCommandsInActiveFields"}
{"Time":"2026-10-07T15:28:02.81597-04:00","Action":"output","Package":"fairdrop","Test":"TestVerifyWorkflowExecutesGateCommandsInActiveFields","Output":"=== RUN   TestVerifyWorkflowExecutesGateCommandsInActiveFields\n","OutputType":"frame"}
{"Time":"2026-10-07T15:28:02.817713-04:00","Action":"output","Package":"fairdrop","Test":"TestVerifyWorkflowExecutesGateCommandsInActiveFields","Output":"--- PASS: TestVerifyWorkflowExecutesGateCommandsInActiveFields (0.00s)\n","OutputType":"frame"}
{"Time":"2026-10-07T15:28:02.817725-04:00","Action":"pass","Package":"fairdrop","Test":"TestVerifyWorkflowExecutesGateCommandsInActiveFields","Elapsed":0}
{"Time":"2026-10-07T15:28:02.817741-04:00","Action":"output","Package":"fairdrop","Output":"PASS\n","OutputType":"frame"}
{"Time":"2026-10-07T15:28:02.818288-04:00","Action":"output","Package":"fairdrop","Output":"ok  \tfairdrop\t0.264s\n"}
{"Time":"2026-10-07T15:28:02.818307-04:00","Action":"pass","Package":"fairdrop","Elapsed":0.265}
BASELINE PASSED: TestVerifyWorkflowExecutesGateCommandsInActiveFields (structured test and package pass)
{"Time":"2026-10-07T15:28:03.436296-04:00","Action":"start","Package":"fairdrop"}
{"Time":"2026-10-07T15:28:03.699309-04:00","Action":"run","Package":"fairdrop","Test":"TestVerifyWorkflowLinuxJobIsAdapterVerificationOnly"}
{"Time":"2026-10-07T15:28:03.699407-04:00","Action":"output","Package":"fairdrop","Test":"TestVerifyWorkflowLinuxJobIsAdapterVerificationOnly","Output":"=== RUN   TestVerifyWorkflowLinuxJobIsAdapterVerificationOnly\n","OutputType":"frame"}
{"Time":"2026-10-07T15:28:03.699676-04:00","Action":"output","Package":"fairdrop","Test":"TestVerifyWorkflowLinuxJobIsAdapterVerificationOnly","Output":"--- PASS: TestVerifyWorkflowLinuxJobIsAdapterVerificationOnly (0.00s)\n","OutputType":"frame"}
{"Time":"2026-10-07T15:28:03.699694-04:00","Action":"pass","Package":"fairdrop","Test":"TestVerifyWorkflowLinuxJobIsAdapterVerificationOnly","Elapsed":0}
{"Time":"2026-10-07T15:28:03.699726-04:00","Action":"output","Package":"fairdrop","Output":"PASS\n","OutputType":"frame"}
{"Time":"2026-10-07T15:28:03.700728-04:00","Action":"output","Package":"fairdrop","Output":"ok  \tfairdrop\t0.264s\n"}
{"Time":"2026-10-07T15:28:03.700764-04:00","Action":"pass","Package":"fairdrop","Elapsed":0.264}
BASELINE PASSED: TestVerifyWorkflowLinuxJobIsAdapterVerificationOnly (structured test and package pass)
{"Time":"2026-10-07T15:28:04.337488-04:00","Action":"start","Package":"fairdrop"}
{"Time":"2026-10-07T15:28:04.597244-04:00","Action":"run","Package":"fairdrop","Test":"TestVerifyWorkflowPinsNativeProofGatesToTheirJobsAndPlatforms"}
{"Time":"2026-10-07T15:28:04.597319-04:00","Action":"output","Package":"fairdrop","Test":"TestVerifyWorkflowPinsNativeProofGatesToTheirJobsAndPlatforms","Output":"=== RUN   TestVerifyWorkflowPinsNativeProofGatesToTheirJobsAndPlatforms\n","OutputType":"frame"}
{"Time":"2026-10-07T15:28:04.597513-04:00","Action":"output","Package":"fairdrop","Test":"TestVerifyWorkflowPinsNativeProofGatesToTheirJobsAndPlatforms","Output":"--- PASS: TestVerifyWorkflowPinsNativeProofGatesToTheirJobsAndPlatforms (0.00s)\n","OutputType":"frame"}
{"Time":"2026-10-07T15:28:04.597523-04:00","Action":"pass","Package":"fairdrop","Test":"TestVerifyWorkflowPinsNativeProofGatesToTheirJobsAndPlatforms","Elapsed":0}
{"Time":"2026-10-07T15:28:04.597537-04:00","Action":"output","Package":"fairdrop","Output":"PASS\n","OutputType":"frame"}
{"Time":"2026-10-07T15:28:04.598112-04:00","Action":"output","Package":"fairdrop","Output":"ok  \tfairdrop\t0.260s\n"}
{"Time":"2026-10-07T15:28:04.598128-04:00","Action":"pass","Package":"fairdrop","Elapsed":0.261}
BASELINE PASSED: TestVerifyWorkflowPinsNativeProofGatesToTheirJobsAndPlatforms (structured test and package pass)
{"Time":"2026-10-07T15:28:04.846432-04:00","Action":"start","Package":"fairdrop/internal/source"}
{"Time":"2026-10-07T15:28:05.039484-04:00","Action":"run","Package":"fairdrop/internal/source","Test":"TestDirectoryHandleBudgetIncludesAncestorsAndPreparedPin"}
{"Time":"2026-10-07T15:28:05.039562-04:00","Action":"output","Package":"fairdrop/internal/source","Test":"TestDirectoryHandleBudgetIncludesAncestorsAndPreparedPin","Output":"=== RUN   TestDirectoryHandleBudgetIncludesAncestorsAndPreparedPin\n","OutputType":"frame"}
{"Time":"2026-10-07T15:28:05.039618-04:00","Action":"run","Package":"fairdrop/internal/source","Test":"TestDirectoryHandleBudgetIncludesAncestorsAndPreparedPin/53"}
{"Time":"2026-10-07T15:28:05.039622-04:00","Action":"output","Package":"fairdrop/internal/source","Test":"TestDirectoryHandleBudgetIncludesAncestorsAndPreparedPin/53","Output":"=== RUN   TestDirectoryHandleBudgetIncludesAncestorsAndPreparedPin/53\n","OutputType":"frame"}
{"Time":"2026-10-07T15:28:05.039801-04:00","Action":"output","Package":"fairdrop/internal/source","Test":"TestDirectoryHandleBudgetIncludesAncestorsAndPreparedPin/53","Output":"--- PASS: TestDirectoryHandleBudgetIncludesAncestorsAndPreparedPin/53 (0.00s)\n","OutputType":"frame"}
{"Time":"2026-10-07T15:28:05.039813-04:00","Action":"pass","Package":"fairdrop/internal/source","Test":"TestDirectoryHandleBudgetIncludesAncestorsAndPreparedPin/53","Elapsed":0}
{"Time":"2026-10-07T15:28:05.039833-04:00","Action":"run","Package":"fairdrop/internal/source","Test":"TestDirectoryHandleBudgetIncludesAncestorsAndPreparedPin/54"}
{"Time":"2026-10-07T15:28:05.039838-04:00","Action":"output","Package":"fairdrop/internal/source","Test":"TestDirectoryHandleBudgetIncludesAncestorsAndPreparedPin/54","Output":"=== RUN   TestDirectoryHandleBudgetIncludesAncestorsAndPreparedPin/54\n","OutputType":"frame"}
{"Time":"2026-10-07T15:28:05.039988-04:00","Action":"output","Package":"fairdrop/internal/source","Test":"TestDirectoryHandleBudgetIncludesAncestorsAndPreparedPin/54","Output":"--- PASS: TestDirectoryHandleBudgetIncludesAncestorsAndPreparedPin/54 (0.00s)\n","OutputType":"frame"}
{"Time":"2026-10-07T15:28:05.039996-04:00","Action":"pass","Package":"fairdrop/internal/source","Test":"TestDirectoryHandleBudgetIncludesAncestorsAndPreparedPin/54","Elapsed":0}
{"Time":"2026-10-07T15:28:05.040001-04:00","Action":"output","Package":"fairdrop/internal/source","Test":"TestDirectoryHandleBudgetIncludesAncestorsAndPreparedPin","Output":"--- PASS: TestDirectoryHandleBudgetIncludesAncestorsAndPreparedPin (0.00s)\n","OutputType":"frame"}
{"Time":"2026-10-07T15:28:05.040012-04:00","Action":"pass","Package":"fairdrop/internal/source","Test":"TestDirectoryHandleBudgetIncludesAncestorsAndPreparedPin","Elapsed":0}
{"Time":"2026-10-07T15:28:05.040016-04:00","Action":"output","Package":"fairdrop/internal/source","Output":"PASS\n","OutputType":"frame"}
{"Time":"2026-10-07T15:28:05.040419-04:00","Action":"output","Package":"fairdrop/internal/source","Output":"ok  \tfairdrop/internal/source\t0.194s\n"}
{"Time":"2026-10-07T15:28:05.040429-04:00","Action":"pass","Package":"fairdrop/internal/source","Elapsed":0.194}
BASELINE PASSED: TestDirectoryHandleBudgetIncludesAncestorsAndPreparedPin (structured test and package pass)
{"Time":"2026-10-07T15:28:05.318331-04:00","Action":"start","Package":"fairdrop/internal/source"}
{"Time":"2026-10-07T15:28:05.506538-04:00","Action":"run","Package":"fairdrop/internal/source","Test":"TestLexicalHandleBudgetRefusesBeforeSearchOpen"}
{"Time":"2026-10-07T15:28:05.506636-04:00","Action":"output","Package":"fairdrop/internal/source","Test":"TestLexicalHandleBudgetRefusesBeforeSearchOpen","Output":"=== RUN   TestLexicalHandleBudgetRefusesBeforeSearchOpen\n","OutputType":"frame"}
{"Time":"2026-10-07T15:28:05.506694-04:00","Action":"output","Package":"fairdrop/internal/source","Test":"TestLexicalHandleBudgetRefusesBeforeSearchOpen","Output":"--- PASS: TestLexicalHandleBudgetRefusesBeforeSearchOpen (0.00s)\n","OutputType":"frame"}
{"Time":"2026-10-07T15:28:05.506702-04:00","Action":"pass","Package":"fairdrop/internal/source","Test":"TestLexicalHandleBudgetRefusesBeforeSearchOpen","Elapsed":0}
{"Time":"2026-10-07T15:28:05.506717-04:00","Action":"output","Package":"fairdrop/internal/source","Output":"PASS\n","OutputType":"frame"}
{"Time":"2026-10-07T15:28:05.507202-04:00","Action":"output","Package":"fairdrop/internal/source","Output":"ok  \tfairdrop/internal/source\t0.189s\n"}
{"Time":"2026-10-07T15:28:05.507232-04:00","Action":"pass","Package":"fairdrop/internal/source","Elapsed":0.189}
BASELINE PASSED: TestLexicalHandleBudgetRefusesBeforeSearchOpen (structured test and package pass)
{"Time":"2026-10-07T15:28:05.755738-04:00","Action":"start","Package":"fairdrop/internal/source"}
{"Time":"2026-10-07T15:28:05.921268-04:00","Action":"run","Package":"fairdrop/internal/source","Test":"TestPreparedDirectoryOwnsOnlyLazyPinAndRejectsReplacement"}
{"Time":"2026-10-07T15:28:05.921357-04:00","Action":"output","Package":"fairdrop/internal/source","Test":"TestPreparedDirectoryOwnsOnlyLazyPinAndRejectsReplacement","Output":"=== RUN   TestPreparedDirectoryOwnsOnlyLazyPinAndRejectsReplacement\n","OutputType":"frame"}
{"Time":"2026-10-07T15:28:05.921395-04:00","Action":"output","Package":"fairdrop/internal/source","Test":"TestPreparedDirectoryOwnsOnlyLazyPinAndRejectsReplacement","Output":"--- PASS: TestPreparedDirectoryOwnsOnlyLazyPinAndRejectsReplacement (0.00s)\n","OutputType":"frame"}
{"Time":"2026-10-07T15:28:05.92141-04:00","Action":"pass","Package":"fairdrop/internal/source","Test":"TestPreparedDirectoryOwnsOnlyLazyPinAndRejectsReplacement","Elapsed":0}
{"Time":"2026-10-07T15:28:05.921419-04:00","Action":"output","Package":"fairdrop/internal/source","Output":"PASS\n","OutputType":"frame"}
{"Time":"2026-10-07T15:28:05.921792-04:00","Action":"output","Package":"fairdrop/internal/source","Output":"ok  \tfairdrop/internal/source\t0.166s\n"}
{"Time":"2026-10-07T15:28:05.921838-04:00","Action":"pass","Package":"fairdrop/internal/source","Elapsed":0.166}
BASELINE PASSED: TestPreparedDirectoryOwnsOnlyLazyPinAndRejectsReplacement (structured test and package pass)
{"Time":"2026-10-07T15:28:06.145466-04:00","Action":"start","Package":"fairdrop/internal/source"}
{"Time":"2026-10-07T15:28:06.328624-04:00","Action":"run","Package":"fairdrop/internal/source","Test":"TestPreparedDirectoryNativeReplacementNeverReadsNewBytes"}
{"Time":"2026-10-07T15:28:06.328693-04:00","Action":"output","Package":"fairdrop/internal/source","Test":"TestPreparedDirectoryNativeReplacementNeverReadsNewBytes","Output":"=== RUN   TestPreparedDirectoryNativeReplacementNeverReadsNewBytes\n","OutputType":"frame"}
{"Time":"2026-10-07T15:28:06.329752-04:00","Action":"output","Package":"fairdrop/internal/source","Test":"TestPreparedDirectoryNativeReplacementNeverReadsNewBytes","Output":"--- PASS: TestPreparedDirectoryNativeReplacementNeverReadsNewBytes (0.00s)\n","OutputType":"frame"}
{"Time":"2026-10-07T15:28:06.329766-04:00","Action":"pass","Package":"fairdrop/internal/source","Test":"TestPreparedDirectoryNativeReplacementNeverReadsNewBytes","Elapsed":0}
{"Time":"2026-10-07T15:28:06.329782-04:00","Action":"output","Package":"fairdrop/internal/source","Output":"PASS\n","OutputType":"frame"}
{"Time":"2026-10-07T15:28:06.330145-04:00","Action":"output","Package":"fairdrop/internal/source","Output":"ok  \tfairdrop/internal/source\t0.184s\n"}
{"Time":"2026-10-07T15:28:06.330154-04:00","Action":"pass","Package":"fairdrop/internal/source","Elapsed":0.185}
BASELINE PASSED: TestPreparedDirectoryNativeReplacementNeverReadsNewBytes (structured test and package pass)
{"Time":"2026-10-07T15:28:06.562137-04:00","Action":"start","Package":"fairdrop/internal/source"}
{"Time":"2026-10-07T15:28:06.75017-04:00","Action":"run","Package":"fairdrop/internal/source","Test":"TestPreparedDirectoryClosesWithoutWalkingAndOnPreparationFailure"}
{"Time":"2026-10-07T15:28:06.750282-04:00","Action":"output","Package":"fairdrop/internal/source","Test":"TestPreparedDirectoryClosesWithoutWalkingAndOnPreparationFailure","Output":"=== RUN   TestPreparedDirectoryClosesWithoutWalkingAndOnPreparationFailure\n","OutputType":"frame"}
{"Time":"2026-10-07T15:28:06.750406-04:00","Action":"output","Package":"fairdrop/internal/source","Test":"TestPreparedDirectoryClosesWithoutWalkingAndOnPreparationFailure","Output":"--- PASS: TestPreparedDirectoryClosesWithoutWalkingAndOnPreparationFailure (0.00s)\n","OutputType":"frame"}
{"Time":"2026-10-07T15:28:06.750432-04:00","Action":"pass","Package":"fairdrop/internal/source","Test":"TestPreparedDirectoryClosesWithoutWalkingAndOnPreparationFailure","Elapsed":0}
{"Time":"2026-10-07T15:28:06.750457-04:00","Action":"output","Package":"fairdrop/internal/source","Output":"PASS\n","OutputType":"frame"}
{"Time":"2026-10-07T15:28:06.751204-04:00","Action":"output","Package":"fairdrop/internal/source","Output":"ok  \tfairdrop/internal/source\t0.189s\n"}
{"Time":"2026-10-07T15:28:06.751231-04:00","Action":"pass","Package":"fairdrop/internal/source","Elapsed":0.189}
BASELINE PASSED: TestPreparedDirectoryClosesWithoutWalkingAndOnPreparationFailure (structured test and package pass)
{"Time":"2026-10-07T15:28:06.987568-04:00","Action":"start","Package":"fairdrop/internal/source"}
{"Time":"2026-10-07T15:28:07.176635-04:00","Action":"run","Package":"fairdrop/internal/source","Test":"TestPreparedCloseJoinsActiveWalk"}
{"Time":"2026-10-07T15:28:07.176683-04:00","Action":"output","Package":"fairdrop/internal/source","Test":"TestPreparedCloseJoinsActiveWalk","Output":"=== RUN   TestPreparedCloseJoinsActiveWalk\n","OutputType":"frame"}
{"Time":"2026-10-07T15:28:07.176805-04:00","Action":"output","Package":"fairdrop/internal/source","Test":"TestPreparedCloseJoinsActiveWalk","Output":"--- PASS: TestPreparedCloseJoinsActiveWalk (0.00s)\n","OutputType":"frame"}
{"Time":"2026-10-07T15:28:07.176822-04:00","Action":"pass","Package":"fairdrop/internal/source","Test":"TestPreparedCloseJoinsActiveWalk","Elapsed":0}
{"Time":"2026-10-07T15:28:07.176839-04:00","Action":"output","Package":"fairdrop/internal/source","Output":"PASS\n","OutputType":"frame"}
{"Time":"2026-10-07T15:28:07.177201-04:00","Action":"output","Package":"fairdrop/internal/source","Output":"ok  \tfairdrop/internal/source\t0.189s\n"}
{"Time":"2026-10-07T15:28:07.17721-04:00","Action":"pass","Package":"fairdrop/internal/source","Elapsed":0.19}
BASELINE PASSED: TestPreparedCloseJoinsActiveWalk (structured test and package pass)
{"Time":"2026-10-07T15:28:07.414049-04:00","Action":"start","Package":"fairdrop/internal/source"}
{"Time":"2026-10-07T15:28:07.602427-04:00","Action":"run","Package":"fairdrop/internal/source","Test":"TestBorrowedReaderRevocationJoinsAnInFlightRead"}
{"Time":"2026-10-07T15:28:07.60253-04:00","Action":"output","Package":"fairdrop/internal/source","Test":"TestBorrowedReaderRevocationJoinsAnInFlightRead","Output":"=== RUN   TestBorrowedReaderRevocationJoinsAnInFlightRead\n","OutputType":"frame"}
{"Time":"2026-10-07T15:28:07.602606-04:00","Action":"output","Package":"fairdrop/internal/source","Test":"TestBorrowedReaderRevocationJoinsAnInFlightRead","Output":"--- PASS: TestBorrowedReaderRevocationJoinsAnInFlightRead (0.00s)\n","OutputType":"frame"}
{"Time":"2026-10-07T15:28:07.602621-04:00","Action":"pass","Package":"fairdrop/internal/source","Test":"TestBorrowedReaderRevocationJoinsAnInFlightRead","Elapsed":0}
{"Time":"2026-10-07T15:28:07.602646-04:00","Action":"output","Package":"fairdrop/internal/source","Output":"PASS\n","OutputType":"frame"}
{"Time":"2026-10-07T15:28:07.603451-04:00","Action":"output","Package":"fairdrop/internal/source","Output":"ok  \tfairdrop/internal/source\t0.189s\n"}
{"Time":"2026-10-07T15:28:07.603501-04:00","Action":"pass","Package":"fairdrop/internal/source","Elapsed":0.189}
BASELINE PASSED: TestBorrowedReaderRevocationJoinsAnInFlightRead (structured test and package pass)
{"Time":"2026-10-07T15:28:07.846606-04:00","Action":"start","Package":"fairdrop/internal/source"}
{"Time":"2026-10-07T15:28:08.029434-04:00","Action":"run","Package":"fairdrop/internal/source","Test":"TestWalkRevokesBorrowBeforeOwnedClose"}
{"Time":"2026-10-07T15:28:08.029487-04:00","Action":"output","Package":"fairdrop/internal/source","Test":"TestWalkRevokesBorrowBeforeOwnedClose","Output":"=== RUN   TestWalkRevokesBorrowBeforeOwnedClose\n","OutputType":"frame"}
{"Time":"2026-10-07T15:28:08.029587-04:00","Action":"output","Package":"fairdrop/internal/source","Test":"TestWalkRevokesBorrowBeforeOwnedClose","Output":"--- PASS: TestWalkRevokesBorrowBeforeOwnedClose (0.00s)\n","OutputType":"frame"}
{"Time":"2026-10-07T15:28:08.0296-04:00","Action":"pass","Package":"fairdrop/internal/source","Test":"TestWalkRevokesBorrowBeforeOwnedClose","Elapsed":0}
{"Time":"2026-10-07T15:28:08.029614-04:00","Action":"output","Package":"fairdrop/internal/source","Output":"PASS\n","OutputType":"frame"}
{"Time":"2026-10-07T15:28:08.029972-04:00","Action":"output","Package":"fairdrop/internal/source","Output":"ok  \tfairdrop/internal/source\t0.183s\n"}
{"Time":"2026-10-07T15:28:08.029986-04:00","Action":"pass","Package":"fairdrop/internal/source","Elapsed":0.183}
BASELINE PASSED: TestWalkRevokesBorrowBeforeOwnedClose (structured test and package pass)
{"Time":"2026-10-07T15:28:08.261941-04:00","Action":"start","Package":"fairdrop/internal/source"}
{"Time":"2026-10-07T15:28:08.446956-04:00","Action":"run","Package":"fairdrop/internal/source","Test":"TestSourceArithmeticAndBatchFaultsArePhaseCorrect"}
{"Time":"2026-10-07T15:28:08.447034-04:00","Action":"output","Package":"fairdrop/internal/source","Test":"TestSourceArithmeticAndBatchFaultsArePhaseCorrect","Output":"=== RUN   TestSourceArithmeticAndBatchFaultsArePhaseCorrect\n","OutputType":"frame"}
{"Time":"2026-10-07T15:28:08.447099-04:00","Action":"run","Package":"fairdrop/internal/source","Test":"TestSourceArithmeticAndBatchFaultsArePhaseCorrect/negative"}
{"Time":"2026-10-07T15:28:08.44711-04:00","Action":"output","Package":"fairdrop/internal/source","Test":"TestSourceArithmeticAndBatchFaultsArePhaseCorrect/negative","Output":"=== RUN   TestSourceArithmeticAndBatchFaultsArePhaseCorrect/negative\n","OutputType":"frame"}
{"Time":"2026-10-07T15:28:08.447124-04:00","Action":"output","Package":"fairdrop/internal/source","Test":"TestSourceArithmeticAndBatchFaultsArePhaseCorrect/negative","Output":"--- PASS: TestSourceArithmeticAndBatchFaultsArePhaseCorrect/negative (0.00s)\n","OutputType":"frame"}
{"Time":"2026-10-07T15:28:08.447129-04:00","Action":"pass","Package":"fairdrop/internal/source","Test":"TestSourceArithmeticAndBatchFaultsArePhaseCorrect/negative","Elapsed":0}
{"Time":"2026-10-07T15:28:08.447144-04:00","Action":"run","Package":"fairdrop/internal/source","Test":"TestSourceArithmeticAndBatchFaultsArePhaseCorrect/overflow"}
{"Time":"2026-10-07T15:28:08.447148-04:00","Action":"output","Package":"fairdrop/internal/source","Test":"TestSourceArithmeticAndBatchFaultsArePhaseCorrect/overflow","Output":"=== RUN   TestSourceArithmeticAndBatchFaultsArePhaseCorrect/overflow\n","OutputType":"frame"}
{"Time":"2026-10-07T15:28:08.447155-04:00","Action":"output","Package":"fairdrop/internal/source","Test":"TestSourceArithmeticAndBatchFaultsArePhaseCorrect/overflow","Output":"--- PASS: TestSourceArithmeticAndBatchFaultsArePhaseCorrect/overflow (0.00s)\n","OutputType":"frame"}
{"Time":"2026-10-07T15:28:08.447159-04:00","Action":"pass","Package":"fairdrop/internal/source","Test":"TestSourceArithmeticAndBatchFaultsArePhaseCorrect/overflow","Elapsed":0}
{"Time":"2026-10-07T15:28:08.447164-04:00","Action":"run","Package":"fairdrop/internal/source","Test":"TestSourceArithmeticAndBatchFaultsArePhaseCorrect/batch"}
{"Time":"2026-10-07T15:28:08.44717-04:00","Action":"output","Package":"fairdrop/internal/source","Test":"TestSourceArithmeticAndBatchFaultsArePhaseCorrect/batch","Output":"=== RUN   TestSourceArithmeticAndBatchFaultsArePhaseCorrect/batch\n","OutputType":"frame"}
{"Time":"2026-10-07T15:28:08.447175-04:00","Action":"output","Package":"fairdrop/internal/source","Test":"TestSourceArithmeticAndBatchFaultsArePhaseCorrect/batch","Output":"--- PASS: TestSourceArithmeticAndBatchFaultsArePhaseCorrect/batch (0.00s)\n","OutputType":"frame"}
{"Time":"2026-10-07T15:28:08.447182-04:00","Action":"pass","Package":"fairdrop/internal/source","Test":"TestSourceArithmeticAndBatchFaultsArePhaseCorrect/batch","Elapsed":0}
{"Time":"2026-10-07T15:28:08.447186-04:00","Action":"run","Package":"fairdrop/internal/source","Test":"TestSourceArithmeticAndBatchFaultsArePhaseCorrect/root-file"}
{"Time":"2026-10-07T15:28:08.447189-04:00","Action":"output","Package":"fairdrop/internal/source","Test":"TestSourceArithmeticAndBatchFaultsArePhaseCorrect/root-file","Output":"=== RUN   TestSourceArithmeticAndBatchFaultsArePhaseCorrect/root-file\n","OutputType":"frame"}
{"Time":"2026-10-07T15:28:08.447193-04:00","Action":"output","Package":"fairdrop/internal/source","Test":"TestSourceArithmeticAndBatchFaultsArePhaseCorrect/root-file","Output":"--- PASS: TestSourceArithmeticAndBatchFaultsArePhaseCorrect/root-file (0.00s)\n","OutputType":"frame"}
{"Time":"2026-10-07T15:28:08.4472-04:00","Action":"pass","Package":"fairdrop/internal/source","Test":"TestSourceArithmeticAndBatchFaultsArePhaseCorrect/root-file","Elapsed":0}
{"Time":"2026-10-07T15:28:08.447205-04:00","Action":"output","Package":"fairdrop/internal/source","Test":"TestSourceArithmeticAndBatchFaultsArePhaseCorrect","Output":"--- PASS: TestSourceArithmeticAndBatchFaultsArePhaseCorrect (0.00s)\n","OutputType":"frame"}
{"Time":"2026-10-07T15:28:08.447234-04:00","Action":"pass","Package":"fairdrop/internal/source","Test":"TestSourceArithmeticAndBatchFaultsArePhaseCorrect","Elapsed":0}
{"Time":"2026-10-07T15:28:08.447237-04:00","Action":"output","Package":"fairdrop/internal/source","Output":"PASS\n","OutputType":"frame"}
{"Time":"2026-10-07T15:28:08.447575-04:00","Action":"output","Package":"fairdrop/internal/source","Output":"ok  \tfairdrop/internal/source\t0.185s\n"}
{"Time":"2026-10-07T15:28:08.44759-04:00","Action":"pass","Package":"fairdrop/internal/source","Elapsed":0.186}
BASELINE PASSED: TestSourceArithmeticAndBatchFaultsArePhaseCorrect (structured test and package pass)
{"Time":"2026-10-07T15:28:08.680659-04:00","Action":"start","Package":"fairdrop/internal/source"}
{"Time":"2026-10-07T15:28:08.866314-04:00","Action":"run","Package":"fairdrop/internal/source","Test":"TestSourceRefusesUnsafeNamesAndCountsUnportableOnes"}
{"Time":"2026-10-07T15:28:08.866389-04:00","Action":"output","Package":"fairdrop/internal/source","Test":"TestSourceRefusesUnsafeNamesAndCountsUnportableOnes","Output":"=== RUN   TestSourceRefusesUnsafeNamesAndCountsUnportableOnes\n","OutputType":"frame"}
{"Time":"2026-10-07T15:28:08.866427-04:00","Action":"run","Package":"fairdrop/internal/source","Test":"TestSourceRefusesUnsafeNamesAndCountsUnportableOnes/bad\\u202e.txt"}
{"Time":"2026-10-07T15:28:08.866435-04:00","Action":"output","Package":"fairdrop/internal/source","Test":"TestSourceRefusesUnsafeNamesAndCountsUnportableOnes/bad\\u202e.txt","Output":"=== RUN   TestSourceRefusesUnsafeNamesAndCountsUnportableOnes/bad\\u202e.txt\n","OutputType":"frame"}
{"Time":"2026-10-07T15:28:08.866513-04:00","Action":"output","Package":"fairdrop/internal/source","Test":"TestSourceRefusesUnsafeNamesAndCountsUnportableOnes/bad\\u202e.txt","Output":"--- PASS: TestSourceRefusesUnsafeNamesAndCountsUnportableOnes/bad\\u202e.txt (0.00s)\n","OutputType":"frame"}
{"Time":"2026-10-07T15:28:08.866524-04:00","Action":"pass","Package":"fairdrop/internal/source","Test":"TestSourceRefusesUnsafeNamesAndCountsUnportableOnes/bad\\u202e.txt","Elapsed":0}
{"Time":"2026-10-07T15:28:08.866536-04:00","Action":"run","Package":"fairdrop/internal/source","Test":"TestSourceRefusesUnsafeNamesAndCountsUnportableOnes/bad\\x01.txt"}
{"Time":"2026-10-07T15:28:08.866539-04:00","Action":"output","Package":"fairdrop/internal/source","Test":"TestSourceRefusesUnsafeNamesAndCountsUnportableOnes/bad\\x01.txt","Output":"=== RUN   TestSourceRefusesUnsafeNamesAndCountsUnportableOnes/bad\\x01.txt\n","OutputType":"frame"}
{"Time":"2026-10-07T15:28:08.866548-04:00","Action":"output","Package":"fairdrop/internal/source","Test":"TestSourceRefusesUnsafeNamesAndCountsUnportableOnes/bad\\x01.txt","Output":"--- PASS: TestSourceRefusesUnsafeNamesAndCountsUnportableOnes/bad\\x01.txt (0.00s)\n","OutputType":"frame"}
{"Time":"2026-10-07T15:28:08.866552-04:00","Action":"pass","Package":"fairdrop/internal/source","Test":"TestSourceRefusesUnsafeNamesAndCountsUnportableOnes/bad\\x01.txt","Elapsed":0}
{"Time":"2026-10-07T15:28:08.866556-04:00","Action":"run","Package":"fairdrop/internal/source","Test":"TestSourceRefusesUnsafeNamesAndCountsUnportableOnes/C:evil.txt"}
{"Time":"2026-10-07T15:28:08.866559-04:00","Action":"output","Package":"fairdrop/internal/source","Test":"TestSourceRefusesUnsafeNamesAndCountsUnportableOnes/C:evil.txt","Output":"=== RUN   TestSourceRefusesUnsafeNamesAndCountsUnportableOnes/C:evil.txt\n","OutputType":"frame"}
{"Time":"2026-10-07T15:28:08.866563-04:00","Action":"output","Package":"fairdrop/internal/source","Test":"TestSourceRefusesUnsafeNamesAndCountsUnportableOnes/C:evil.txt","Output":"--- PASS: TestSourceRefusesUnsafeNamesAndCountsUnportableOnes/C:evil.txt (0.00s)\n","OutputType":"frame"}
{"Time":"2026-10-07T15:28:08.866566-04:00","Action":"pass","Package":"fairdrop/internal/source","Test":"TestSourceRefusesUnsafeNamesAndCountsUnportableOnes/C:evil.txt","Elapsed":0}
{"Time":"2026-10-07T15:28:08.86657-04:00","Action":"run","Package":"fairdrop/internal/source","Test":"TestSourceRefusesUnsafeNamesAndCountsUnportableOnes/NUL_.txt"}
{"Time":"2026-10-07T15:28:08.866573-04:00","Action":"output","Package":"fairdrop/internal/source","Test":"TestSourceRefusesUnsafeNamesAndCountsUnportableOnes/NUL_.txt","Output":"=== RUN   TestSourceRefusesUnsafeNamesAndCountsUnportableOnes/NUL_.txt\n","OutputType":"frame"}
{"Time":"2026-10-07T15:28:08.866577-04:00","Action":"output","Package":"fairdrop/internal/source","Test":"TestSourceRefusesUnsafeNamesAndCountsUnportableOnes/NUL_.txt","Output":"--- PASS: TestSourceRefusesUnsafeNamesAndCountsUnportableOnes/NUL_.txt (0.00s)\n","OutputType":"frame"}
{"Time":"2026-10-07T15:28:08.866585-04:00","Action":"pass","Package":"fairdrop/internal/source","Test":"TestSourceRefusesUnsafeNamesAndCountsUnportableOnes/NUL_.txt","Elapsed":0}
{"Time":"2026-10-07T15:28:08.866608-04:00","Action":"run","Package":"fairdrop/internal/source","Test":"TestSourceRefusesUnsafeNamesAndCountsUnportableOnes/COM¹.txt"}
{"Time":"2026-10-07T15:28:08.866611-04:00","Action":"output","Package":"fairdrop/internal/source","Test":"TestSourceRefusesUnsafeNamesAndCountsUnportableOnes/COM¹.txt","Output":"=== RUN   TestSourceRefusesUnsafeNamesAndCountsUnportableOnes/COM¹.txt\n","OutputType":"frame"}
{"Time":"2026-10-07T15:28:08.866618-04:00","Action":"output","Package":"fairdrop/internal/source","Test":"TestSourceRefusesUnsafeNamesAndCountsUnportableOnes/COM¹.txt","Output":"--- PASS: TestSourceRefusesUnsafeNamesAndCountsUnportableOnes/COM¹.txt (0.00s)\n","OutputType":"frame"}
{"Time":"2026-10-07T15:28:08.866622-04:00","Action":"pass","Package":"fairdrop/internal/source","Test":"TestSourceRefusesUnsafeNamesAndCountsUnportableOnes/COM¹.txt","Elapsed":0}
{"Time":"2026-10-07T15:28:08.866626-04:00","Action":"run","Package":"fairdrop/internal/source","Test":"TestSourceRefusesUnsafeNamesAndCountsUnportableOnes/LPT³"}
{"Time":"2026-10-07T15:28:08.866629-04:00","Action":"output","Package":"fairdrop/internal/source","Test":"TestSourceRefusesUnsafeNamesAndCountsUnportableOnes/LPT³","Output":"=== RUN   TestSourceRefusesUnsafeNamesAndCountsUnportableOnes/LPT³\n","OutputType":"frame"}
{"Time":"2026-10-07T15:28:08.866632-04:00","Action":"output","Package":"fairdrop/internal/source","Test":"TestSourceRefusesUnsafeNamesAndCountsUnportableOnes/LPT³","Output":"--- PASS: TestSourceRefusesUnsafeNamesAndCountsUnportableOnes/LPT³ (0.00s)\n","OutputType":"frame"}
{"Time":"2026-10-07T15:28:08.866635-04:00","Action":"pass","Package":"fairdrop/internal/source","Test":"TestSourceRefusesUnsafeNamesAndCountsUnportableOnes/LPT³","Elapsed":0}
{"Time":"2026-10-07T15:28:08.866637-04:00","Action":"run","Package":"fairdrop/internal/source","Test":"TestSourceRefusesUnsafeNamesAndCountsUnportableOnes/bad\u003c"}
{"Time":"2026-10-07T15:28:08.866639-04:00","Action":"output","Package":"fairdrop/internal/source","Test":"TestSourceRefusesUnsafeNamesAndCountsUnportableOnes/bad\u003c","Output":"=== RUN   TestSourceRefusesUnsafeNamesAndCountsUnportableOnes/bad\u003c\n","OutputType":"frame"}
{"Time":"2026-10-07T15:28:08.866643-04:00","Action":"output","Package":"fairdrop/internal/source","Test":"TestSourceRefusesUnsafeNamesAndCountsUnportableOnes/bad\u003c","Output":"--- PASS: TestSourceRefusesUnsafeNamesAndCountsUnportableOnes/bad\u003c (0.00s)\n","OutputType":"frame"}
{"Time":"2026-10-07T15:28:08.866646-04:00","Action":"pass","Package":"fairdrop/internal/source","Test":"TestSourceRefusesUnsafeNamesAndCountsUnportableOnes/bad\u003c","Elapsed":0}
{"Time":"2026-10-07T15:28:08.866648-04:00","Action":"run","Package":"fairdrop/internal/source","Test":"TestSourceRefusesUnsafeNamesAndCountsUnportableOnes/bad\u003e"}
{"Time":"2026-10-07T15:28:08.866651-04:00","Action":"output","Package":"fairdrop/internal/source","Test":"TestSourceRefusesUnsafeNamesAndCountsUnportableOnes/bad\u003e","Output":"=== RUN   TestSourceRefusesUnsafeNamesAndCountsUnportableOnes/bad\u003e\n","OutputType":"frame"}
{"Time":"2026-10-07T15:28:08.866653-04:00","Action":"output","Package":"fairdrop/internal/source","Test":"TestSourceRefusesUnsafeNamesAndCountsUnportableOnes/bad\u003e","Output":"--- PASS: TestSourceRefusesUnsafeNamesAndCountsUnportableOnes/bad\u003e (0.00s)\n","OutputType":"frame"}
{"Time":"2026-10-07T15:28:08.866656-04:00","Action":"pass","Package":"fairdrop/internal/source","Test":"TestSourceRefusesUnsafeNamesAndCountsUnportableOnes/bad\u003e","Elapsed":0}
{"Time":"2026-10-07T15:28:08.866659-04:00","Action":"run","Package":"fairdrop/internal/source","Test":"TestSourceRefusesUnsafeNamesAndCountsUnportableOnes/bad|"}
{"Time":"2026-10-07T15:28:08.866661-04:00","Action":"output","Package":"fairdrop/internal/source","Test":"TestSourceRefusesUnsafeNamesAndCountsUnportableOnes/bad|","Output":"=== RUN   TestSourceRefusesUnsafeNamesAndCountsUnportableOnes/bad|\n","OutputType":"frame"}
{"Time":"2026-10-07T15:28:08.866676-04:00","Action":"output","Package":"fairdrop/internal/source","Test":"TestSourceRefusesUnsafeNamesAndCountsUnportableOnes/bad|","Output":"--- PASS: TestSourceRefusesUnsafeNamesAndCountsUnportableOnes/bad| (0.00s)\n","OutputType":"frame"}
{"Time":"2026-10-07T15:28:08.866679-04:00","Action":"pass","Package":"fairdrop/internal/source","Test":"TestSourceRefusesUnsafeNamesAndCountsUnportableOnes/bad|","Elapsed":0}
{"Time":"2026-10-07T15:28:08.866682-04:00","Action":"run","Package":"fairdrop/internal/source","Test":"TestSourceRefusesUnsafeNamesAndCountsUnportableOnes/bad?"}
{"Time":"2026-10-07T15:28:08.866685-04:00","Action":"output","Package":"fairdrop/internal/source","Test":"TestSourceRefusesUnsafeNamesAndCountsUnportableOnes/bad?","Output":"=== RUN   TestSourceRefusesUnsafeNamesAndCountsUnportableOnes/bad?\n","OutputType":"frame"}
{"Time":"2026-10-07T15:28:08.866688-04:00","Action":"output","Package":"fairdrop/internal/source","Test":"TestSourceRefusesUnsafeNamesAndCountsUnportableOnes/bad?","Output":"--- PASS: TestSourceRefusesUnsafeNamesAndCountsUnportableOnes/bad? (0.00s)\n","OutputType":"frame"}
{"Time":"2026-10-07T15:28:08.866691-04:00","Action":"pass","Package":"fairdrop/internal/source","Test":"TestSourceRefusesUnsafeNamesAndCountsUnportableOnes/bad?","Elapsed":0}
{"Time":"2026-10-07T15:28:08.866697-04:00","Action":"run","Package":"fairdrop/internal/source","Test":"TestSourceRefusesUnsafeNamesAndCountsUnportableOnes/bad*"}
{"Time":"2026-10-07T15:28:08.8667-04:00","Action":"output","Package":"fairdrop/internal/source","Test":"TestSourceRefusesUnsafeNamesAndCountsUnportableOnes/bad*","Output":"=== RUN   TestSourceRefusesUnsafeNamesAndCountsUnportableOnes/bad*\n","OutputType":"frame"}
{"Time":"2026-10-07T15:28:08.866704-04:00","Action":"output","Package":"fairdrop/internal/source","Test":"TestSourceRefusesUnsafeNamesAndCountsUnportableOnes/bad*","Output":"--- PASS: TestSourceRefusesUnsafeNamesAndCountsUnportableOnes/bad* (0.00s)\n","OutputType":"frame"}
{"Time":"2026-10-07T15:28:08.866707-04:00","Action":"pass","Package":"fairdrop/internal/source","Test":"TestSourceRefusesUnsafeNamesAndCountsUnportableOnes/bad*","Elapsed":0}
{"Time":"2026-10-07T15:28:08.86671-04:00","Action":"run","Package":"fairdrop/internal/source","Test":"TestSourceRefusesUnsafeNamesAndCountsUnportableOnes/ab:cd"}
{"Time":"2026-10-07T15:28:08.866713-04:00","Action":"output","Package":"fairdrop/internal/source","Test":"TestSourceRefusesUnsafeNamesAndCountsUnportableOnes/ab:cd","Output":"=== RUN   TestSourceRefusesUnsafeNamesAndCountsUnportableOnes/ab:cd\n","OutputType":"frame"}
{"Time":"2026-10-07T15:28:08.866716-04:00","Action":"output","Package":"fairdrop/internal/source","Test":"TestSourceRefusesUnsafeNamesAndCountsUnportableOnes/ab:cd","Output":"--- PASS: TestSourceRefusesUnsafeNamesAndCountsUnportableOnes/ab:cd (0.00s)\n","OutputType":"frame"}
{"Time":"2026-10-07T15:28:08.866719-04:00","Action":"pass","Package":"fairdrop/internal/source","Test":"TestSourceRefusesUnsafeNamesAndCountsUnportableOnes/ab:cd","Elapsed":0}
{"Time":"2026-10-07T15:28:08.866721-04:00","Action":"run","Package":"fairdrop/internal/source","Test":"TestSourceRefusesUnsafeNamesAndCountsUnportableOnes/bad\""}
{"Time":"2026-10-07T15:28:08.866724-04:00","Action":"output","Package":"fairdrop/internal/source","Test":"TestSourceRefusesUnsafeNamesAndCountsUnportableOnes/bad\"","Output":"=== RUN   TestSourceRefusesUnsafeNamesAndCountsUnportableOnes/bad\"\n","OutputType":"frame"}
{"Time":"2026-10-07T15:28:08.866727-04:00","Action":"output","Package":"fairdrop/internal/source","Test":"TestSourceRefusesUnsafeNamesAndCountsUnportableOnes/bad\"","Output":"--- PASS: TestSourceRefusesUnsafeNamesAndCountsUnportableOnes/bad\" (0.00s)\n","OutputType":"frame"}
{"Time":"2026-10-07T15:28:08.86673-04:00","Action":"pass","Package":"fairdrop/internal/source","Test":"TestSourceRefusesUnsafeNamesAndCountsUnportableOnes/bad\"","Elapsed":0}
{"Time":"2026-10-07T15:28:08.866733-04:00","Action":"run","Package":"fairdrop/internal/source","Test":"TestSourceRefusesUnsafeNamesAndCountsUnportableOnes/tail."}
{"Time":"2026-10-07T15:28:08.866739-04:00","Action":"output","Package":"fairdrop/internal/source","Test":"TestSourceRefusesUnsafeNamesAndCountsUnportableOnes/tail.","Output":"=== RUN   TestSourceRefusesUnsafeNamesAndCountsUnportableOnes/tail.\n","OutputType":"frame"}
{"Time":"2026-10-07T15:28:08.866742-04:00","Action":"output","Package":"fairdrop/internal/source","Test":"TestSourceRefusesUnsafeNamesAndCountsUnportableOnes/tail.","Output":"--- PASS: TestSourceRefusesUnsafeNamesAndCountsUnportableOnes/tail. (0.00s)\n","OutputType":"frame"}
{"Time":"2026-10-07T15:28:08.86675-04:00","Action":"pass","Package":"fairdrop/internal/source","Test":"TestSourceRefusesUnsafeNamesAndCountsUnportableOnes/tail.","Elapsed":0}
{"Time":"2026-10-07T15:28:08.866753-04:00","Action":"run","Package":"fairdrop/internal/source","Test":"TestSourceRefusesUnsafeNamesAndCountsUnportableOnes/tail_"}
{"Time":"2026-10-07T15:28:08.866757-04:00","Action":"output","Package":"fairdrop/internal/source","Test":"TestSourceRefusesUnsafeNamesAndCountsUnportableOnes/tail_","Output":"=== RUN   TestSourceRefusesUnsafeNamesAndCountsUnportableOnes/tail_\n","OutputType":"frame"}
{"Time":"2026-10-07T15:28:08.866762-04:00","Action":"output","Package":"fairdrop/internal/source","Test":"TestSourceRefusesUnsafeNamesAndCountsUnportableOnes/tail_","Output":"--- PASS: TestSourceRefusesUnsafeNamesAndCountsUnportableOnes/tail_ (0.00s)\n","OutputType":"frame"}
{"Time":"2026-10-07T15:28:08.866766-04:00","Action":"pass","Package":"fairdrop/internal/source","Test":"TestSourceRefusesUnsafeNamesAndCountsUnportableOnes/tail_","Elapsed":0}
{"Time":"2026-10-07T15:28:08.866769-04:00","Action":"output","Package":"fairdrop/internal/source","Test":"TestSourceRefusesUnsafeNamesAndCountsUnportableOnes","Output":"--- PASS: TestSourceRefusesUnsafeNamesAndCountsUnportableOnes (0.00s)\n","OutputType":"frame"}
{"Time":"2026-10-07T15:28:08.866773-04:00","Action":"pass","Package":"fairdrop/internal/source","Test":"TestSourceRefusesUnsafeNamesAndCountsUnportableOnes","Elapsed":0}
{"Time":"2026-10-07T15:28:08.866776-04:00","Action":"output","Package":"fairdrop/internal/source","Output":"PASS\n","OutputType":"frame"}
{"Time":"2026-10-07T15:28:08.867132-04:00","Action":"output","Package":"fairdrop/internal/source","Output":"ok  \tfairdrop/internal/source\t0.186s\n"}
{"Time":"2026-10-07T15:28:08.867141-04:00","Action":"pass","Package":"fairdrop/internal/source","Elapsed":0.186}
BASELINE PASSED: TestSourceRefusesUnsafeNamesAndCountsUnportableOnes (structured test and package pass)
{"Time":"2026-10-07T15:28:09.124442-04:00","Action":"start","Package":"fairdrop/internal/transfer"}
{"Time":"2026-10-07T15:28:09.346024-04:00","Action":"run","Package":"fairdrop/internal/transfer","Test":"TestSafeArchiveSegmentRefusesOnlyDangerousNames"}
{"Time":"2026-10-07T15:28:09.346168-04:00","Action":"output","Package":"fairdrop/internal/transfer","Test":"TestSafeArchiveSegmentRefusesOnlyDangerousNames","Output":"=== RUN   TestSafeArchiveSegmentRefusesOnlyDangerousNames\n","OutputType":"frame"}
{"Time":"2026-10-07T15:28:09.346231-04:00","Action":"output","Package":"fairdrop/internal/transfer","Test":"TestSafeArchiveSegmentRefusesOnlyDangerousNames","Output":"--- PASS: TestSafeArchiveSegmentRefusesOnlyDangerousNames (0.00s)\n","OutputType":"frame"}
{"Time":"2026-10-07T15:28:09.346278-04:00","Action":"pass","Package":"fairdrop/internal/transfer","Test":"TestSafeArchiveSegmentRefusesOnlyDangerousNames","Elapsed":0}
{"Time":"2026-10-07T15:28:09.346299-04:00","Action":"output","Package":"fairdrop/internal/transfer","Output":"PASS\n","OutputType":"frame"}
{"Time":"2026-10-07T15:28:09.346989-04:00","Action":"output","Package":"fairdrop/internal/transfer","Output":"ok  \tfairdrop/internal/transfer\t0.222s\n"}
{"Time":"2026-10-07T15:28:09.347033-04:00","Action":"pass","Package":"fairdrop/internal/transfer","Elapsed":0.223}
BASELINE PASSED: TestSafeArchiveSegmentRefusesOnlyDangerousNames (structured test and package pass)
{"Time":"2026-10-07T15:28:09.595278-04:00","Action":"start","Package":"fairdrop/internal/transfer"}
{"Time":"2026-10-07T15:28:09.794854-04:00","Action":"run","Package":"fairdrop/internal/transfer","Test":"TestPortableArchiveSegmentNamesWhatWindowsCannotSave"}
{"Time":"2026-10-07T15:28:09.79495-04:00","Action":"output","Package":"fairdrop/internal/transfer","Test":"TestPortableArchiveSegmentNamesWhatWindowsCannotSave","Output":"=== RUN   TestPortableArchiveSegmentNamesWhatWindowsCannotSave\n","OutputType":"frame"}
{"Time":"2026-10-07T15:28:09.795015-04:00","Action":"output","Package":"fairdrop/internal/transfer","Test":"TestPortableArchiveSegmentNamesWhatWindowsCannotSave","Output":"--- PASS: TestPortableArchiveSegmentNamesWhatWindowsCannotSave (0.00s)\n","OutputType":"frame"}
{"Time":"2026-10-07T15:28:09.795028-04:00","Action":"pass","Package":"fairdrop/internal/transfer","Test":"TestPortableArchiveSegmentNamesWhatWindowsCannotSave","Elapsed":0}
{"Time":"2026-10-07T15:28:09.795052-04:00","Action":"output","Package":"fairdrop/internal/transfer","Output":"PASS\n","OutputType":"frame"}
{"Time":"2026-10-07T15:28:09.795883-04:00","Action":"output","Package":"fairdrop/internal/transfer","Output":"ok  \tfairdrop/internal/transfer\t0.200s\n"}
{"Time":"2026-10-07T15:28:09.795923-04:00","Action":"pass","Package":"fairdrop/internal/transfer","Elapsed":0.201}
BASELINE PASSED: TestPortableArchiveSegmentNamesWhatWindowsCannotSave (structured test and package pass)
{"Time":"2026-10-07T15:28:10.135935-04:00","Action":"start","Package":"fairdrop/internal/stream"}
{"Time":"2026-10-07T15:28:10.346482-04:00","Action":"run","Package":"fairdrop/internal/stream","Test":"TestPreparedArchiveNativeRootReplacementIsRefused"}
{"Time":"2026-10-07T15:28:10.346565-04:00","Action":"output","Package":"fairdrop/internal/stream","Test":"TestPreparedArchiveNativeRootReplacementIsRefused","Output":"=== RUN   TestPreparedArchiveNativeRootReplacementIsRefused\n","OutputType":"frame"}
{"Time":"2026-10-07T15:28:10.349351-04:00","Action":"output","Package":"fairdrop/internal/stream","Test":"TestPreparedArchiveNativeRootReplacementIsRefused","Output":"--- PASS: TestPreparedArchiveNativeRootReplacementIsRefused (0.00s)\n","OutputType":"frame"}
{"Time":"2026-10-07T15:28:10.349386-04:00","Action":"pass","Package":"fairdrop/internal/stream","Test":"TestPreparedArchiveNativeRootReplacementIsRefused","Elapsed":0}
{"Time":"2026-10-07T15:28:10.349414-04:00","Action":"output","Package":"fairdrop/internal/stream","Output":"PASS\n","OutputType":"frame"}
{"Time":"2026-10-07T15:28:10.35045-04:00","Action":"output","Package":"fairdrop/internal/stream","Output":"ok  \tfairdrop/internal/stream\t0.214s\n"}
{"Time":"2026-10-07T15:28:10.350463-04:00","Action":"pass","Package":"fairdrop/internal/stream","Elapsed":0.215}
BASELINE PASSED: TestPreparedArchiveNativeRootReplacementIsRefused (structured test and package pass)
{"Time":"2026-10-07T15:28:10.67129-04:00","Action":"start","Package":"fairdrop/internal/stream"}
{"Time":"2026-10-07T15:28:10.883837-04:00","Action":"run","Package":"fairdrop/internal/stream","Test":"TestArchiveNamesAreRejectedOnlyWhenUnsafe"}
{"Time":"2026-10-07T15:28:10.883938-04:00","Action":"output","Package":"fairdrop/internal/stream","Test":"TestArchiveNamesAreRejectedOnlyWhenUnsafe","Output":"=== RUN   TestArchiveNamesAreRejectedOnlyWhenUnsafe\n","OutputType":"frame"}
{"Time":"2026-10-07T15:28:10.884055-04:00","Action":"output","Package":"fairdrop/internal/stream","Test":"TestArchiveNamesAreRejectedOnlyWhenUnsafe","Output":"--- PASS: TestArchiveNamesAreRejectedOnlyWhenUnsafe (0.00s)\n","OutputType":"frame"}
{"Time":"2026-10-07T15:28:10.88407-04:00","Action":"pass","Package":"fairdrop/internal/stream","Test":"TestArchiveNamesAreRejectedOnlyWhenUnsafe","Elapsed":0}
{"Time":"2026-10-07T15:28:10.884086-04:00","Action":"output","Package":"fairdrop/internal/stream","Output":"PASS\n","OutputType":"frame"}
{"Time":"2026-10-07T15:28:10.885028-04:00","Action":"output","Package":"fairdrop/internal/stream","Output":"ok  \tfairdrop/internal/stream\t0.213s\n"}
{"Time":"2026-10-07T15:28:10.88506-04:00","Action":"pass","Package":"fairdrop/internal/stream","Elapsed":0.214}
BASELINE PASSED: TestArchiveNamesAreRejectedOnlyWhenUnsafe (structured test and package pass)
{"Time":"2026-10-07T15:28:11.221693-04:00","Action":"start","Package":"fairdrop/internal/stream"}
{"Time":"2026-10-07T15:28:11.430995-04:00","Action":"run","Package":"fairdrop/internal/stream","Test":"TestPrepareSanitizesEveryArchiveRootItAccepts"}
{"Time":"2026-10-07T15:28:11.431078-04:00","Action":"output","Package":"fairdrop/internal/stream","Test":"TestPrepareSanitizesEveryArchiveRootItAccepts","Output":"=== RUN   TestPrepareSanitizesEveryArchiveRootItAccepts\n","OutputType":"frame"}
{"Time":"2026-10-07T15:28:11.431174-04:00","Action":"output","Package":"fairdrop/internal/stream","Test":"TestPrepareSanitizesEveryArchiveRootItAccepts","Output":"--- PASS: TestPrepareSanitizesEveryArchiveRootItAccepts (0.00s)\n","OutputType":"frame"}
{"Time":"2026-10-07T15:28:11.431196-04:00","Action":"pass","Package":"fairdrop/internal/stream","Test":"TestPrepareSanitizesEveryArchiveRootItAccepts","Elapsed":0}
{"Time":"2026-10-07T15:28:11.431227-04:00","Action":"output","Package":"fairdrop/internal/stream","Output":"PASS\n","OutputType":"frame"}
{"Time":"2026-10-07T15:28:11.432741-04:00","Action":"output","Package":"fairdrop/internal/stream","Output":"ok  \tfairdrop/internal/stream\t0.211s\n"}
{"Time":"2026-10-07T15:28:11.432764-04:00","Action":"pass","Package":"fairdrop/internal/stream","Elapsed":0.211}
BASELINE PASSED: TestPrepareSanitizesEveryArchiveRootItAccepts (structured test and package pass)
{"Time":"2026-10-07T15:28:11.769876-04:00","Action":"start","Package":"fairdrop/internal/stream"}
{"Time":"2026-10-07T15:28:11.981924-04:00","Action":"run","Package":"fairdrop/internal/stream","Test":"TestArchiveEmitsExplicitPortableModes"}
{"Time":"2026-10-07T15:28:11.982028-04:00","Action":"output","Package":"fairdrop/internal/stream","Test":"TestArchiveEmitsExplicitPortableModes","Output":"=== RUN   TestArchiveEmitsExplicitPortableModes\n","OutputType":"frame"}
{"Time":"2026-10-07T15:28:11.983493-04:00","Action":"output","Package":"fairdrop/internal/stream","Test":"TestArchiveEmitsExplicitPortableModes","Output":"--- PASS: TestArchiveEmitsExplicitPortableModes (0.00s)\n","OutputType":"frame"}
{"Time":"2026-10-07T15:28:11.983512-04:00","Action":"pass","Package":"fairdrop/internal/stream","Test":"TestArchiveEmitsExplicitPortableModes","Elapsed":0}
{"Time":"2026-10-07T15:28:11.983536-04:00","Action":"output","Package":"fairdrop/internal/stream","Output":"PASS\n","OutputType":"frame"}
{"Time":"2026-10-07T15:28:11.984552-04:00","Action":"output","Package":"fairdrop/internal/stream","Output":"ok  \tfairdrop/internal/stream\t0.214s\n"}
{"Time":"2026-10-07T15:28:11.984604-04:00","Action":"pass","Package":"fairdrop/internal/stream","Elapsed":0.215}
BASELINE PASSED: TestArchiveEmitsExplicitPortableModes (structured test and package pass)
{"Time":"2026-10-07T15:28:12.325382-04:00","Action":"start","Package":"fairdrop/internal/stream"}
{"Time":"2026-10-07T15:28:12.534422-04:00","Action":"run","Package":"fairdrop/internal/stream","Test":"TestEmptyReadGuardsFailOnRead101AndResetOnProgress"}
{"Time":"2026-10-07T15:28:12.534525-04:00","Action":"output","Package":"fairdrop/internal/stream","Test":"TestEmptyReadGuardsFailOnRead101AndResetOnProgress","Output":"=== RUN   TestEmptyReadGuardsFailOnRead101AndResetOnProgress\n","OutputType":"frame"}
{"Time":"2026-10-07T15:28:12.534583-04:00","Action":"run","Package":"fairdrop/internal/stream","Test":"TestEmptyReadGuardsFailOnRead101AndResetOnProgress/drain/stalled"}
{"Time":"2026-10-07T15:28:12.534597-04:00","Action":"output","Package":"fairdrop/internal/stream","Test":"TestEmptyReadGuardsFailOnRead101AndResetOnProgress/drain/stalled","Output":"=== RUN   TestEmptyReadGuardsFailOnRead101AndResetOnProgress/drain/stalled\n","OutputType":"frame"}
{"Time":"2026-10-07T15:28:12.534874-04:00","Action":"output","Package":"fairdrop/internal/stream","Test":"TestEmptyReadGuardsFailOnRead101AndResetOnProgress/drain/stalled","Output":"--- PASS: TestEmptyReadGuardsFailOnRead101AndResetOnProgress/drain/stalled (0.00s)\n","OutputType":"frame"}
{"Time":"2026-10-07T15:28:12.534888-04:00","Action":"pass","Package":"fairdrop/internal/stream","Test":"TestEmptyReadGuardsFailOnRead101AndResetOnProgress/drain/stalled","Elapsed":0}
{"Time":"2026-10-07T15:28:12.534909-04:00","Action":"run","Package":"fairdrop/internal/stream","Test":"TestEmptyReadGuardsFailOnRead101AndResetOnProgress/drain/progress"}
{"Time":"2026-10-07T15:28:12.534918-04:00","Action":"output","Package":"fairdrop/internal/stream","Test":"TestEmptyReadGuardsFailOnRead101AndResetOnProgress/drain/progress","Output":"=== RUN   TestEmptyReadGuardsFailOnRead101AndResetOnProgress/drain/progress\n","OutputType":"frame"}
{"Time":"2026-10-07T15:28:12.535012-04:00","Action":"output","Package":"fairdrop/internal/stream","Test":"TestEmptyReadGuardsFailOnRead101AndResetOnProgress/drain/progress","Output":"--- PASS: TestEmptyReadGuardsFailOnRead101AndResetOnProgress/drain/progress (0.00s)\n","OutputType":"frame"}
{"Time":"2026-10-07T15:28:12.535043-04:00","Action":"pass","Package":"fairdrop/internal/stream","Test":"TestEmptyReadGuardsFailOnRead101AndResetOnProgress/drain/progress","Elapsed":0}
{"Time":"2026-10-07T15:28:12.535056-04:00","Action":"run","Package":"fairdrop/internal/stream","Test":"TestEmptyReadGuardsFailOnRead101AndResetOnProgress/entry/stalled"}
{"Time":"2026-10-07T15:28:12.535065-04:00","Action":"output","Package":"fairdrop/internal/stream","Test":"TestEmptyReadGuardsFailOnRead101AndResetOnProgress/entry/stalled","Output":"=== RUN   TestEmptyReadGuardsFailOnRead101AndResetOnProgress/entry/stalled\n","OutputType":"frame"}
{"Time":"2026-10-07T15:28:12.535207-04:00","Action":"output","Package":"fairdrop/internal/stream","Test":"TestEmptyReadGuardsFailOnRead101AndResetOnProgress/entry/stalled","Output":"--- PASS: TestEmptyReadGuardsFailOnRead101AndResetOnProgress/entry/stalled (0.00s)\n","OutputType":"frame"}
{"Time":"2026-10-07T15:28:12.535219-04:00","Action":"pass","Package":"fairdrop/internal/stream","Test":"TestEmptyReadGuardsFailOnRead101AndResetOnProgress/entry/stalled","Elapsed":0}
{"Time":"2026-10-07T15:28:12.535228-04:00","Action":"run","Package":"fairdrop/internal/stream","Test":"TestEmptyReadGuardsFailOnRead101AndResetOnProgress/entry/progress"}
{"Time":"2026-10-07T15:28:12.535243-04:00","Action":"output","Package":"fairdrop/internal/stream","Test":"TestEmptyReadGuardsFailOnRead101AndResetOnProgress/entry/progress","Output":"=== RUN   TestEmptyReadGuardsFailOnRead101AndResetOnProgress/entry/progress\n","OutputType":"frame"}
{"Time":"2026-10-07T15:28:12.535337-04:00","Action":"output","Package":"fairdrop/internal/stream","Test":"TestEmptyReadGuardsFailOnRead101AndResetOnProgress/entry/progress","Output":"--- PASS: TestEmptyReadGuardsFailOnRead101AndResetOnProgress/entry/progress (0.00s)\n","OutputType":"frame"}
{"Time":"2026-10-07T15:28:12.535349-04:00","Action":"pass","Package":"fairdrop/internal/stream","Test":"TestEmptyReadGuardsFailOnRead101AndResetOnProgress/entry/progress","Elapsed":0}
{"Time":"2026-10-07T15:28:12.53539-04:00","Action":"run","Package":"fairdrop/internal/stream","Test":"TestEmptyReadGuardsFailOnRead101AndResetOnProgress/file/stalled"}
{"Time":"2026-10-07T15:28:12.535396-04:00","Action":"output","Package":"fairdrop/internal/stream","Test":"TestEmptyReadGuardsFailOnRead101AndResetOnProgress/file/stalled","Output":"=== RUN   TestEmptyReadGuardsFailOnRead101AndResetOnProgress/file/stalled\n","OutputType":"frame"}
{"Time":"2026-10-07T15:28:12.535409-04:00","Action":"output","Package":"fairdrop/internal/stream","Test":"TestEmptyReadGuardsFailOnRead101AndResetOnProgress/file/stalled","Output":"--- PASS: TestEmptyReadGuardsFailOnRead101AndResetOnProgress/file/stalled (0.00s)\n","OutputType":"frame"}
{"Time":"2026-10-07T15:28:12.535417-04:00","Action":"pass","Package":"fairdrop/internal/stream","Test":"TestEmptyReadGuardsFailOnRead101AndResetOnProgress/file/stalled","Elapsed":0}
{"Time":"2026-10-07T15:28:12.535424-04:00","Action":"run","Package":"fairdrop/internal/stream","Test":"TestEmptyReadGuardsFailOnRead101AndResetOnProgress/file/progress"}
{"Time":"2026-10-07T15:28:12.53543-04:00","Action":"output","Package":"fairdrop/internal/stream","Test":"TestEmptyReadGuardsFailOnRead101AndResetOnProgress/file/progress","Output":"=== RUN   TestEmptyReadGuardsFailOnRead101AndResetOnProgress/file/progress\n","OutputType":"frame"}
{"Time":"2026-10-07T15:28:12.535437-04:00","Action":"output","Package":"fairdrop/internal/stream","Test":"TestEmptyReadGuardsFailOnRead101AndResetOnProgress/file/progress","Output":"--- PASS: TestEmptyReadGuardsFailOnRead101AndResetOnProgress/file/progress (0.00s)\n","OutputType":"frame"}
{"Time":"2026-10-07T15:28:12.535452-04:00","Action":"pass","Package":"fairdrop/internal/stream","Test":"TestEmptyReadGuardsFailOnRead101AndResetOnProgress/file/progress","Elapsed":0}
{"Time":"2026-10-07T15:28:12.535461-04:00","Action":"output","Package":"fairdrop/internal/stream","Test":"TestEmptyReadGuardsFailOnRead101AndResetOnProgress","Output":"--- PASS: TestEmptyReadGuardsFailOnRead101AndResetOnProgress (0.00s)\n","OutputType":"frame"}
{"Time":"2026-10-07T15:28:12.535468-04:00","Action":"pass","Package":"fairdrop/internal/stream","Test":"TestEmptyReadGuardsFailOnRead101AndResetOnProgress","Elapsed":0}
{"Time":"2026-10-07T15:28:12.535474-04:00","Action":"output","Package":"fairdrop/internal/stream","Output":"PASS\n","OutputType":"frame"}
{"Time":"2026-10-07T15:28:12.5365-04:00","Action":"output","Package":"fairdrop/internal/stream","Output":"ok  \tfairdrop/internal/stream\t0.211s\n"}
{"Time":"2026-10-07T15:28:12.536513-04:00","Action":"pass","Package":"fairdrop/internal/stream","Elapsed":0.211}
BASELINE PASSED: TestEmptyReadGuardsFailOnRead101AndResetOnProgress (structured test and package pass)
{"Time":"2026-10-07T15:28:12.854081-04:00","Action":"start","Package":"fairdrop/internal/network"}
{"Time":"2026-10-07T15:28:13.079256-04:00","Action":"run","Package":"fairdrop/internal/network","Test":"TestWedgedStopDetachesAndCoalescesWithoutPoisoningSelection"}
{"Time":"2026-10-07T15:28:13.079334-04:00","Action":"output","Package":"fairdrop/internal/network","Test":"TestWedgedStopDetachesAndCoalescesWithoutPoisoningSelection","Output":"=== RUN   TestWedgedStopDetachesAndCoalescesWithoutPoisoningSelection\n","OutputType":"frame"}
{"Time":"2026-10-07T15:28:13.079447-04:00","Action":"output","Package":"fairdrop/internal/network","Test":"TestWedgedStopDetachesAndCoalescesWithoutPoisoningSelection","Output":"=== PAUSE TestWedgedStopDetachesAndCoalescesWithoutPoisoningSelection\n","OutputType":"frame"}
{"Time":"2026-10-07T15:28:13.079469-04:00","Action":"pause","Package":"fairdrop/internal/network","Test":"TestWedgedStopDetachesAndCoalescesWithoutPoisoningSelection"}
{"Time":"2026-10-07T15:28:13.079479-04:00","Action":"cont","Package":"fairdrop/internal/network","Test":"TestWedgedStopDetachesAndCoalescesWithoutPoisoningSelection"}
{"Time":"2026-10-07T15:28:13.079487-04:00","Action":"output","Package":"fairdrop/internal/network","Test":"TestWedgedStopDetachesAndCoalescesWithoutPoisoningSelection","Output":"=== CONT  TestWedgedStopDetachesAndCoalescesWithoutPoisoningSelection\n","OutputType":"frame"}
{"Time":"2026-10-07T15:28:13.079565-04:00","Action":"output","Package":"fairdrop/internal/network","Test":"TestWedgedStopDetachesAndCoalescesWithoutPoisoningSelection","Output":"--- PASS: TestWedgedStopDetachesAndCoalescesWithoutPoisoningSelection (0.00s)\n","OutputType":"frame"}
{"Time":"2026-10-07T15:28:13.079593-04:00","Action":"pass","Package":"fairdrop/internal/network","Test":"TestWedgedStopDetachesAndCoalescesWithoutPoisoningSelection","Elapsed":0}
{"Time":"2026-10-07T15:28:13.079621-04:00","Action":"output","Package":"fairdrop/internal/network","Output":"PASS\n","OutputType":"frame"}
{"Time":"2026-10-07T15:28:13.080643-04:00","Action":"output","Package":"fairdrop/internal/network","Output":"ok  \tfairdrop/internal/network\t0.226s\n"}
{"Time":"2026-10-07T15:28:13.080669-04:00","Action":"pass","Package":"fairdrop/internal/network","Elapsed":0.227}
BASELINE PASSED: TestWedgedStopDetachesAndCoalescesWithoutPoisoningSelection (structured test and package pass)
{"Time":"2026-10-07T15:28:13.380706-04:00","Action":"start","Package":"fairdrop/internal/network"}
{"Time":"2026-10-07T15:28:13.580789-04:00","Action":"run","Package":"fairdrop/internal/network","Test":"TestFailedStartCleanupDoesNotHoldManagerLocksOrAdmitAResponder"}
{"Time":"2026-10-07T15:28:13.580883-04:00","Action":"output","Package":"fairdrop/internal/network","Test":"TestFailedStartCleanupDoesNotHoldManagerLocksOrAdmitAResponder","Output":"=== RUN   TestFailedStartCleanupDoesNotHoldManagerLocksOrAdmitAResponder\n","OutputType":"frame"}
{"Time":"2026-10-07T15:28:13.580954-04:00","Action":"output","Package":"fairdrop/internal/network","Test":"TestFailedStartCleanupDoesNotHoldManagerLocksOrAdmitAResponder","Output":"=== PAUSE TestFailedStartCleanupDoesNotHoldManagerLocksOrAdmitAResponder\n","OutputType":"frame"}
{"Time":"2026-10-07T15:28:13.580965-04:00","Action":"pause","Package":"fairdrop/internal/network","Test":"TestFailedStartCleanupDoesNotHoldManagerLocksOrAdmitAResponder"}
{"Time":"2026-10-07T15:28:13.580974-04:00","Action":"cont","Package":"fairdrop/internal/network","Test":"TestFailedStartCleanupDoesNotHoldManagerLocksOrAdmitAResponder"}
{"Time":"2026-10-07T15:28:13.580982-04:00","Action":"output","Package":"fairdrop/internal/network","Test":"TestFailedStartCleanupDoesNotHoldManagerLocksOrAdmitAResponder","Output":"=== CONT  TestFailedStartCleanupDoesNotHoldManagerLocksOrAdmitAResponder\n","OutputType":"frame"}
{"Time":"2026-10-07T15:28:13.581065-04:00","Action":"output","Package":"fairdrop/internal/network","Test":"TestFailedStartCleanupDoesNotHoldManagerLocksOrAdmitAResponder","Output":"--- PASS: TestFailedStartCleanupDoesNotHoldManagerLocksOrAdmitAResponder (0.00s)\n","OutputType":"frame"}
{"Time":"2026-10-07T15:28:13.581081-04:00","Action":"pass","Package":"fairdrop/internal/network","Test":"TestFailedStartCleanupDoesNotHoldManagerLocksOrAdmitAResponder","Elapsed":0}
{"Time":"2026-10-07T15:28:13.581104-04:00","Action":"output","Package":"fairdrop/internal/network","Output":"PASS\n","OutputType":"frame"}
{"Time":"2026-10-07T15:28:13.582106-04:00","Action":"output","Package":"fairdrop/internal/network","Output":"ok  \tfairdrop/internal/network\t0.201s\n"}
{"Time":"2026-10-07T15:28:13.582137-04:00","Action":"pass","Package":"fairdrop/internal/network","Elapsed":0.201}
BASELINE PASSED: TestFailedStartCleanupDoesNotHoldManagerLocksOrAdmitAResponder (structured test and package pass)
{"Time":"2026-10-07T15:28:13.884168-04:00","Action":"start","Package":"fairdrop/internal/network"}
{"Time":"2026-10-07T15:28:14.083423-04:00","Action":"run","Package":"fairdrop/internal/network","Test":"TestStopBeaconJoinerReceivesTheOwnersCleanupDiagnostic"}
{"Time":"2026-10-07T15:28:14.083535-04:00","Action":"output","Package":"fairdrop/internal/network","Test":"TestStopBeaconJoinerReceivesTheOwnersCleanupDiagnostic","Output":"=== RUN   TestStopBeaconJoinerReceivesTheOwnersCleanupDiagnostic\n","OutputType":"frame"}
{"Time":"2026-10-07T15:28:14.083606-04:00","Action":"output","Package":"fairdrop/internal/network","Test":"TestStopBeaconJoinerReceivesTheOwnersCleanupDiagnostic","Output":"=== PAUSE TestStopBeaconJoinerReceivesTheOwnersCleanupDiagnostic\n","OutputType":"frame"}
{"Time":"2026-10-07T15:28:14.083617-04:00","Action":"pause","Package":"fairdrop/internal/network","Test":"TestStopBeaconJoinerReceivesTheOwnersCleanupDiagnostic"}
{"Time":"2026-10-07T15:28:14.083633-04:00","Action":"cont","Package":"fairdrop/internal/network","Test":"TestStopBeaconJoinerReceivesTheOwnersCleanupDiagnostic"}
{"Time":"2026-10-07T15:28:14.083641-04:00","Action":"output","Package":"fairdrop/internal/network","Test":"TestStopBeaconJoinerReceivesTheOwnersCleanupDiagnostic","Output":"=== CONT  TestStopBeaconJoinerReceivesTheOwnersCleanupDiagnostic\n","OutputType":"frame"}
{"Time":"2026-10-07T15:28:14.083843-04:00","Action":"output","Package":"fairdrop/internal/network","Test":"TestStopBeaconJoinerReceivesTheOwnersCleanupDiagnostic","Output":"--- PASS: TestStopBeaconJoinerReceivesTheOwnersCleanupDiagnostic (0.00s)\n","OutputType":"frame"}
{"Time":"2026-10-07T15:28:14.08392-04:00","Action":"pass","Package":"fairdrop/internal/network","Test":"TestStopBeaconJoinerReceivesTheOwnersCleanupDiagnostic","Elapsed":0}
{"Time":"2026-10-07T15:28:14.08394-04:00","Action":"output","Package":"fairdrop/internal/network","Output":"PASS\n","OutputType":"frame"}
{"Time":"2026-10-07T15:28:14.084824-04:00","Action":"output","Package":"fairdrop/internal/network","Output":"ok  \tfairdrop/internal/network\t0.200s\n"}
{"Time":"2026-10-07T15:28:14.084883-04:00","Action":"pass","Package":"fairdrop/internal/network","Elapsed":0.201}
BASELINE PASSED: TestStopBeaconJoinerReceivesTheOwnersCleanupDiagnostic (structured test and package pass)
{"Time":"2026-10-07T15:28:14.390714-04:00","Action":"start","Package":"fairdrop/internal/network"}
{"Time":"2026-10-07T15:28:14.584649-04:00","Action":"run","Package":"fairdrop/internal/network","Test":"TestStopBeaconJoinsFailedStartCleanupAndRecovery"}
{"Time":"2026-10-07T15:28:14.584738-04:00","Action":"output","Package":"fairdrop/internal/network","Test":"TestStopBeaconJoinsFailedStartCleanupAndRecovery","Output":"=== RUN   TestStopBeaconJoinsFailedStartCleanupAndRecovery\n","OutputType":"frame"}
{"Time":"2026-10-07T15:28:14.58479-04:00","Action":"output","Package":"fairdrop/internal/network","Test":"TestStopBeaconJoinsFailedStartCleanupAndRecovery","Output":"=== PAUSE TestStopBeaconJoinsFailedStartCleanupAndRecovery\n","OutputType":"frame"}
{"Time":"2026-10-07T15:28:14.5848-04:00","Action":"pause","Package":"fairdrop/internal/network","Test":"TestStopBeaconJoinsFailedStartCleanupAndRecovery"}
{"Time":"2026-10-07T15:28:14.584809-04:00","Action":"cont","Package":"fairdrop/internal/network","Test":"TestStopBeaconJoinsFailedStartCleanupAndRecovery"}
{"Time":"2026-10-07T15:28:14.584817-04:00","Action":"output","Package":"fairdrop/internal/network","Test":"TestStopBeaconJoinsFailedStartCleanupAndRecovery","Output":"=== CONT  TestStopBeaconJoinsFailedStartCleanupAndRecovery\n","OutputType":"frame"}
{"Time":"2026-10-07T15:28:14.585033-04:00","Action":"output","Package":"fairdrop/internal/network","Test":"TestStopBeaconJoinsFailedStartCleanupAndRecovery","Output":"--- PASS: TestStopBeaconJoinsFailedStartCleanupAndRecovery (0.00s)\n","OutputType":"frame"}
{"Time":"2026-10-07T15:28:14.585058-04:00","Action":"pass","Package":"fairdrop/internal/network","Test":"TestStopBeaconJoinsFailedStartCleanupAndRecovery","Elapsed":0}
{"Time":"2026-10-07T15:28:14.585079-04:00","Action":"output","Package":"fairdrop/internal/network","Output":"PASS\n","OutputType":"frame"}
{"Time":"2026-10-07T15:28:14.586456-04:00","Action":"output","Package":"fairdrop/internal/network","Output":"ok  \tfairdrop/internal/network\t0.195s\n"}
{"Time":"2026-10-07T15:28:14.586482-04:00","Action":"pass","Package":"fairdrop/internal/network","Elapsed":0.196}
BASELINE PASSED: TestStopBeaconJoinsFailedStartCleanupAndRecovery (structured test and package pass)
{"Time":"2026-10-07T15:28:14.838562-04:00","Action":"start","Package":"fairdrop/internal/transfer"}
{"Time":"2026-10-07T15:28:15.040028-04:00","Action":"run","Package":"fairdrop/internal/transfer","Test":"TestStageRechecksOutstandingCleanupAtAdmission"}
{"Time":"2026-10-07T15:28:15.04012-04:00","Action":"output","Package":"fairdrop/internal/transfer","Test":"TestStageRechecksOutstandingCleanupAtAdmission","Output":"=== RUN   TestStageRechecksOutstandingCleanupAtAdmission\n","OutputType":"frame"}
{"Time":"2026-10-07T15:28:15.040416-04:00","Action":"output","Package":"fairdrop/internal/transfer","Test":"TestStageRechecksOutstandingCleanupAtAdmission","Output":"--- PASS: TestStageRechecksOutstandingCleanupAtAdmission (0.00s)\n","OutputType":"frame"}
{"Time":"2026-10-07T15:28:15.040433-04:00","Action":"pass","Package":"fairdrop/internal/transfer","Test":"TestStageRechecksOutstandingCleanupAtAdmission","Elapsed":0}
{"Time":"2026-10-07T15:28:15.04046-04:00","Action":"output","Package":"fairdrop/internal/transfer","Output":"PASS\n","OutputType":"frame"}
{"Time":"2026-10-07T15:28:15.041276-04:00","Action":"output","Package":"fairdrop/internal/transfer","Output":"ok  \tfairdrop/internal/transfer\t0.202s\n"}
{"Time":"2026-10-07T15:28:15.041347-04:00","Action":"pass","Package":"fairdrop/internal/transfer","Elapsed":0.203}
BASELINE PASSED: TestStageRechecksOutstandingCleanupAtAdmission (structured test and package pass)
{"Time":"2026-10-07T15:28:15.294729-04:00","Action":"start","Package":"fairdrop/internal/transfer"}
{"Time":"2026-10-07T15:28:15.488515-04:00","Action":"run","Package":"fairdrop/internal/transfer","Test":"TestAClaimWhoseStopBeaconTimedOutLeavesItForTeardown"}
{"Time":"2026-10-07T15:28:15.48856-04:00","Action":"output","Package":"fairdrop/internal/transfer","Test":"TestAClaimWhoseStopBeaconTimedOutLeavesItForTeardown","Output":"=== RUN   TestAClaimWhoseStopBeaconTimedOutLeavesItForTeardown\n","OutputType":"frame"}
{"Time":"2026-10-07T15:28:15.489243-04:00","Action":"output","Package":"fairdrop/internal/transfer","Test":"TestAClaimWhoseStopBeaconTimedOutLeavesItForTeardown","Output":"--- PASS: TestAClaimWhoseStopBeaconTimedOutLeavesItForTeardown (0.00s)\n","OutputType":"frame"}
{"Time":"2026-10-07T15:28:15.489265-04:00","Action":"pass","Package":"fairdrop/internal/transfer","Test":"TestAClaimWhoseStopBeaconTimedOutLeavesItForTeardown","Elapsed":0}
{"Time":"2026-10-07T15:28:15.489289-04:00","Action":"output","Package":"fairdrop/internal/transfer","Output":"PASS\n","OutputType":"frame"}
{"Time":"2026-10-07T15:28:15.490058-04:00","Action":"output","Package":"fairdrop/internal/transfer","Output":"ok  \tfairdrop/internal/transfer\t0.195s\n"}
{"Time":"2026-10-07T15:28:15.490088-04:00","Action":"pass","Package":"fairdrop/internal/transfer","Elapsed":0.195}
BASELINE PASSED: TestAClaimWhoseStopBeaconTimedOutLeavesItForTeardown (structured test and package pass)
{"Time":"2026-10-07T15:28:15.741307-04:00","Action":"start","Package":"fairdrop/internal/transfer"}
{"Time":"2026-10-07T15:28:15.945745-04:00","Action":"run","Package":"fairdrop/internal/transfer","Test":"TestTimedOutServerStopFencesNewSessionsUntilTheProductionCallCompletes"}
{"Time":"2026-10-07T15:28:15.945941-04:00","Action":"output","Package":"fairdrop/internal/transfer","Test":"TestTimedOutServerStopFencesNewSessionsUntilTheProductionCallCompletes","Output":"=== RUN   TestTimedOutServerStopFencesNewSessionsUntilTheProductionCallCompletes\n","OutputType":"frame"}
{"Time":"2026-10-07T15:28:15.947636-04:00","Action":"output","Package":"fairdrop/internal/transfer","Test":"TestTimedOutServerStopFencesNewSessionsUntilTheProductionCallCompletes","Output":"--- PASS: TestTimedOutServerStopFencesNewSessionsUntilTheProductionCallCompletes (0.00s)\n","OutputType":"frame"}
{"Time":"2026-10-07T15:28:15.947653-04:00","Action":"pass","Package":"fairdrop/internal/transfer","Test":"TestTimedOutServerStopFencesNewSessionsUntilTheProductionCallCompletes","Elapsed":0}
{"Time":"2026-10-07T15:28:15.947673-04:00","Action":"output","Package":"fairdrop/internal/transfer","Output":"PASS\n","OutputType":"frame"}
{"Time":"2026-10-07T15:28:15.948467-04:00","Action":"output","Package":"fairdrop/internal/transfer","Output":"ok  \tfairdrop/internal/transfer\t0.207s\n"}
{"Time":"2026-10-07T15:28:15.94852-04:00","Action":"pass","Package":"fairdrop/internal/transfer","Elapsed":0.207}
BASELINE PASSED: TestTimedOutServerStopFencesNewSessionsUntilTheProductionCallCompletes (structured test and package pass)
{"Time":"2026-10-07T15:28:16.199867-04:00","Action":"start","Package":"fairdrop/internal/transfer"}
{"Time":"2026-10-07T15:28:16.393721-04:00","Action":"run","Package":"fairdrop/internal/transfer","Test":"TestCoordinatorPropagatesAnInnerUnquiescentServerFailure"}
{"Time":"2026-10-07T15:28:16.3938-04:00","Action":"output","Package":"fairdrop/internal/transfer","Test":"TestCoordinatorPropagatesAnInnerUnquiescentServerFailure","Output":"=== RUN   TestCoordinatorPropagatesAnInnerUnquiescentServerFailure\n","OutputType":"frame"}
{"Time":"2026-10-07T15:28:16.39434-04:00","Action":"output","Package":"fairdrop/internal/transfer","Test":"TestCoordinatorPropagatesAnInnerUnquiescentServerFailure","Output":"--- PASS: TestCoordinatorPropagatesAnInnerUnquiescentServerFailure (0.00s)\n","OutputType":"frame"}
{"Time":"2026-10-07T15:28:16.394355-04:00","Action":"pass","Package":"fairdrop/internal/transfer","Test":"TestCoordinatorPropagatesAnInnerUnquiescentServerFailure","Elapsed":0}
{"Time":"2026-10-07T15:28:16.394391-04:00","Action":"output","Package":"fairdrop/internal/transfer","Output":"PASS\n","OutputType":"frame"}
{"Time":"2026-10-07T15:28:16.395132-04:00","Action":"output","Package":"fairdrop/internal/transfer","Output":"ok  \tfairdrop/internal/transfer\t0.195s\n"}
{"Time":"2026-10-07T15:28:16.395164-04:00","Action":"pass","Package":"fairdrop/internal/transfer","Elapsed":0.195}
BASELINE PASSED: TestCoordinatorPropagatesAnInnerUnquiescentServerFailure (structured test and package pass)
{"Time":"2026-10-07T15:28:16.758724-04:00","Action":"start","Package":"fairdrop/internal/server"}
{"Time":"2026-10-07T15:28:17.003354-04:00","Action":"run","Package":"fairdrop/internal/server","Test":"TestStopReleasesItsMutexBeforeWaitingAndFencesAConcurrentStart"}
{"Time":"2026-10-07T15:28:17.003455-04:00","Action":"output","Package":"fairdrop/internal/server","Test":"TestStopReleasesItsMutexBeforeWaitingAndFencesAConcurrentStart","Output":"=== RUN   TestStopReleasesItsMutexBeforeWaitingAndFencesAConcurrentStart\n","OutputType":"frame"}
{"Time":"2026-10-07T15:28:17.003533-04:00","Action":"output","Package":"fairdrop/internal/server","Test":"TestStopReleasesItsMutexBeforeWaitingAndFencesAConcurrentStart","Output":"=== PAUSE TestStopReleasesItsMutexBeforeWaitingAndFencesAConcurrentStart\n","OutputType":"frame"}
{"Time":"2026-10-07T15:28:17.003559-04:00","Action":"pause","Package":"fairdrop/internal/server","Test":"TestStopReleasesItsMutexBeforeWaitingAndFencesAConcurrentStart"}
{"Time":"2026-10-07T15:28:17.003572-04:00","Action":"cont","Package":"fairdrop/internal/server","Test":"TestStopReleasesItsMutexBeforeWaitingAndFencesAConcurrentStart"}
{"Time":"2026-10-07T15:28:17.003581-04:00","Action":"output","Package":"fairdrop/internal/server","Test":"TestStopReleasesItsMutexBeforeWaitingAndFencesAConcurrentStart","Output":"=== CONT  TestStopReleasesItsMutexBeforeWaitingAndFencesAConcurrentStart\n","OutputType":"frame"}
{"Time":"2026-10-07T15:28:20.009342-04:00","Action":"output","Package":"fairdrop/internal/server","Test":"TestStopReleasesItsMutexBeforeWaitingAndFencesAConcurrentStart","Output":"--- PASS: TestStopReleasesItsMutexBeforeWaitingAndFencesAConcurrentStart (3.01s)\n","OutputType":"frame"}
{"Time":"2026-10-07T15:28:20.009691-04:00","Action":"pass","Package":"fairdrop/internal/server","Test":"TestStopReleasesItsMutexBeforeWaitingAndFencesAConcurrentStart","Elapsed":3.01}
{"Time":"2026-10-07T15:28:20.009937-04:00","Action":"output","Package":"fairdrop/internal/server","Output":"PASS\n","OutputType":"frame"}
{"Time":"2026-10-07T15:28:20.012584-04:00","Action":"output","Package":"fairdrop/internal/server","Output":"ok  \tfairdrop/internal/server\t3.253s\n"}
{"Time":"2026-10-07T15:28:20.012656-04:00","Action":"pass","Package":"fairdrop/internal/server","Elapsed":3.254}
BASELINE PASSED: TestStopReleasesItsMutexBeforeWaitingAndFencesAConcurrentStart (structured test and package pass)
{"Time":"2026-10-07T15:28:20.414792-04:00","Action":"start","Package":"fairdrop/internal/server"}
{"Time":"2026-10-07T15:28:20.645486-04:00","Action":"run","Package":"fairdrop/internal/server","Test":"TestEachServerTeardownWaitIsNamedInIsolation"}
{"Time":"2026-10-07T15:28:20.645587-04:00","Action":"output","Package":"fairdrop/internal/server","Test":"TestEachServerTeardownWaitIsNamedInIsolation","Output":"=== RUN   TestEachServerTeardownWaitIsNamedInIsolation\n","OutputType":"frame"}
{"Time":"2026-10-07T15:28:20.645647-04:00","Action":"run","Package":"fairdrop/internal/server","Test":"TestEachServerTeardownWaitIsNamedInIsolation/accept_loop"}
{"Time":"2026-10-07T15:28:20.645661-04:00","Action":"output","Package":"fairdrop/internal/server","Test":"TestEachServerTeardownWaitIsNamedInIsolation/accept_loop","Output":"=== RUN   TestEachServerTeardownWaitIsNamedInIsolation/accept_loop\n","OutputType":"frame"}
{"Time":"2026-10-07T15:28:20.646881-04:00","Action":"output","Package":"fairdrop/internal/server","Test":"TestEachServerTeardownWaitIsNamedInIsolation/accept_loop","Output":"--- PASS: TestEachServerTeardownWaitIsNamedInIsolation/accept_loop (0.00s)\n","OutputType":"frame"}
{"Time":"2026-10-07T15:28:20.646911-04:00","Action":"pass","Package":"fairdrop/internal/server","Test":"TestEachServerTeardownWaitIsNamedInIsolation/accept_loop","Elapsed":0}
{"Time":"2026-10-07T15:28:20.646936-04:00","Action":"run","Package":"fairdrop/internal/server","Test":"TestEachServerTeardownWaitIsNamedInIsolation/handler"}
{"Time":"2026-10-07T15:28:20.646947-04:00","Action":"output","Package":"fairdrop/internal/server","Test":"TestEachServerTeardownWaitIsNamedInIsolation/handler","Output":"=== RUN   TestEachServerTeardownWaitIsNamedInIsolation/handler\n","OutputType":"frame"}
{"Time":"2026-10-07T15:28:20.648171-04:00","Action":"output","Package":"fairdrop/internal/server","Test":"TestEachServerTeardownWaitIsNamedInIsolation/handler","Output":"--- PASS: TestEachServerTeardownWaitIsNamedInIsolation/handler (0.00s)\n","OutputType":"frame"}
{"Time":"2026-10-07T15:28:20.648188-04:00","Action":"pass","Package":"fairdrop/internal/server","Test":"TestEachServerTeardownWaitIsNamedInIsolation/handler","Elapsed":0}
{"Time":"2026-10-07T15:28:20.6482-04:00","Action":"run","Package":"fairdrop/internal/server","Test":"TestEachServerTeardownWaitIsNamedInIsolation/connection"}
{"Time":"2026-10-07T15:28:20.64821-04:00","Action":"output","Package":"fairdrop/internal/server","Test":"TestEachServerTeardownWaitIsNamedInIsolation/connection","Output":"=== RUN   TestEachServerTeardownWaitIsNamedInIsolation/connection\n","OutputType":"frame"}
{"Time":"2026-10-07T15:28:20.649464-04:00","Action":"output","Package":"fairdrop/internal/server","Test":"TestEachServerTeardownWaitIsNamedInIsolation/connection","Output":"--- PASS: TestEachServerTeardownWaitIsNamedInIsolation/connection (0.00s)\n","OutputType":"frame"}
{"Time":"2026-10-07T15:28:20.649478-04:00","Action":"pass","Package":"fairdrop/internal/server","Test":"TestEachServerTeardownWaitIsNamedInIsolation/connection","Elapsed":0}
{"Time":"2026-10-07T15:28:20.649492-04:00","Action":"output","Package":"fairdrop/internal/server","Test":"TestEachServerTeardownWaitIsNamedInIsolation","Output":"--- PASS: TestEachServerTeardownWaitIsNamedInIsolation (0.00s)\n","OutputType":"frame"}
{"Time":"2026-10-07T15:28:20.649501-04:00","Action":"pass","Package":"fairdrop/internal/server","Test":"TestEachServerTeardownWaitIsNamedInIsolation","Elapsed":0}
{"Time":"2026-10-07T15:28:20.649511-04:00","Action":"output","Package":"fairdrop/internal/server","Output":"PASS\n","OutputType":"frame"}
{"Time":"2026-10-07T15:28:20.650637-04:00","Action":"output","Package":"fairdrop/internal/server","Output":"ok  \tfairdrop/internal/server\t0.235s\n"}
{"Time":"2026-10-07T15:28:20.650657-04:00","Action":"pass","Package":"fairdrop/internal/server","Elapsed":0.236}
BASELINE PASSED: TestEachServerTeardownWaitIsNamedInIsolation (structured test and package pass)
{"Time":"2026-10-07T15:28:21.024016-04:00","Action":"start","Package":"fairdrop/internal/server"}
{"Time":"2026-10-07T15:28:21.26199-04:00","Action":"run","Package":"fairdrop/internal/server","Test":"TestInitQuiescenceTracksRealHandlerAndConnectionWaitState"}
{"Time":"2026-10-07T15:28:21.262078-04:00","Action":"output","Package":"fairdrop/internal/server","Test":"TestInitQuiescenceTracksRealHandlerAndConnectionWaitState","Output":"=== RUN   TestInitQuiescenceTracksRealHandlerAndConnectionWaitState\n","OutputType":"frame"}
{"Time":"2026-10-07T15:28:21.262136-04:00","Action":"output","Package":"fairdrop/internal/server","Test":"TestInitQuiescenceTracksRealHandlerAndConnectionWaitState","Output":"=== PAUSE TestInitQuiescenceTracksRealHandlerAndConnectionWaitState\n","OutputType":"frame"}
{"Time":"2026-10-07T15:28:21.262145-04:00","Action":"pause","Package":"fairdrop/internal/server","Test":"TestInitQuiescenceTracksRealHandlerAndConnectionWaitState"}
{"Time":"2026-10-07T15:28:21.262152-04:00","Action":"cont","Package":"fairdrop/internal/server","Test":"TestInitQuiescenceTracksRealHandlerAndConnectionWaitState"}
{"Time":"2026-10-07T15:28:21.262159-04:00","Action":"output","Package":"fairdrop/internal/server","Test":"TestInitQuiescenceTracksRealHandlerAndConnectionWaitState","Output":"=== CONT  TestInitQuiescenceTracksRealHandlerAndConnectionWaitState\n","OutputType":"frame"}
{"Time":"2026-10-07T15:28:21.316473-04:00","Action":"output","Package":"fairdrop/internal/server","Test":"TestInitQuiescenceTracksRealHandlerAndConnectionWaitState","Output":"--- PASS: TestInitQuiescenceTracksRealHandlerAndConnectionWaitState (0.05s)\n","OutputType":"frame"}
{"Time":"2026-10-07T15:28:21.31654-04:00","Action":"pass","Package":"fairdrop/internal/server","Test":"TestInitQuiescenceTracksRealHandlerAndConnectionWaitState","Elapsed":0.05}
{"Time":"2026-10-07T15:28:21.316574-04:00","Action":"output","Package":"fairdrop/internal/server","Output":"PASS\n","OutputType":"frame"}
{"Time":"2026-10-07T15:28:21.317779-04:00","Action":"output","Package":"fairdrop/internal/server","Output":"ok  \tfairdrop/internal/server\t0.293s\n"}
{"Time":"2026-10-07T15:28:21.317817-04:00","Action":"pass","Package":"fairdrop/internal/server","Elapsed":0.294}
BASELINE PASSED: TestInitQuiescenceTracksRealHandlerAndConnectionWaitState (structured test and package pass)
{"Time":"2026-10-07T15:28:21.963213-04:00","Action":"start","Package":"fairdrop"}
{"Time":"2026-10-07T15:28:22.213844-04:00","Action":"run","Package":"fairdrop","Test":"TestCoordinatorCleanupOutlastsServerTeardown"}
{"Time":"2026-10-07T15:28:22.213932-04:00","Action":"output","Package":"fairdrop","Test":"TestCoordinatorCleanupOutlastsServerTeardown","Output":"=== RUN   TestCoordinatorCleanupOutlastsServerTeardown\n","OutputType":"frame"}
{"Time":"2026-10-07T15:28:22.213987-04:00","Action":"output","Package":"fairdrop","Test":"TestCoordinatorCleanupOutlastsServerTeardown","Output":"--- PASS: TestCoordinatorCleanupOutlastsServerTeardown (0.00s)\n","OutputType":"frame"}
{"Time":"2026-10-07T15:28:22.213995-04:00","Action":"pass","Package":"fairdrop","Test":"TestCoordinatorCleanupOutlastsServerTeardown","Elapsed":0}
{"Time":"2026-10-07T15:28:22.214014-04:00","Action":"output","Package":"fairdrop","Output":"PASS\n","OutputType":"frame"}
{"Time":"2026-10-07T15:28:22.214704-04:00","Action":"output","Package":"fairdrop","Output":"ok  \tfairdrop\t0.251s\n"}
{"Time":"2026-10-07T15:28:22.214766-04:00","Action":"pass","Package":"fairdrop","Elapsed":0.252}
BASELINE PASSED: TestCoordinatorCleanupOutlastsServerTeardown (structured test and package pass)
{"Time":"2026-10-07T15:28:22.543445-04:00","Action":"start","Package":"fairdrop/internal/stream"}
{"Time":"2026-10-07T15:28:22.753063-04:00","Action":"run","Package":"fairdrop/internal/stream","Test":"TestArchiveCloseDelegatesOnceAndPreservesThePreparedCause"}
{"Time":"2026-10-07T15:28:22.753204-04:00","Action":"output","Package":"fairdrop/internal/stream","Test":"TestArchiveCloseDelegatesOnceAndPreservesThePreparedCause","Output":"=== RUN   TestArchiveCloseDelegatesOnceAndPreservesThePreparedCause\n","OutputType":"frame"}
{"Time":"2026-10-07T15:28:22.75328-04:00","Action":"output","Package":"fairdrop/internal/stream","Test":"TestArchiveCloseDelegatesOnceAndPreservesThePreparedCause","Output":"=== PAUSE TestArchiveCloseDelegatesOnceAndPreservesThePreparedCause\n","OutputType":"frame"}
{"Time":"2026-10-07T15:28:22.753291-04:00","Action":"pause","Package":"fairdrop/internal/stream","Test":"TestArchiveCloseDelegatesOnceAndPreservesThePreparedCause"}
{"Time":"2026-10-07T15:28:22.753301-04:00","Action":"cont","Package":"fairdrop/internal/stream","Test":"TestArchiveCloseDelegatesOnceAndPreservesThePreparedCause"}
{"Time":"2026-10-07T15:28:22.75331-04:00","Action":"output","Package":"fairdrop/internal/stream","Test":"TestArchiveCloseDelegatesOnceAndPreservesThePreparedCause","Output":"=== CONT  TestArchiveCloseDelegatesOnceAndPreservesThePreparedCause\n","OutputType":"frame"}
{"Time":"2026-10-07T15:28:22.75333-04:00","Action":"output","Package":"fairdrop/internal/stream","Test":"TestArchiveCloseDelegatesOnceAndPreservesThePreparedCause","Output":"--- PASS: TestArchiveCloseDelegatesOnceAndPreservesThePreparedCause (0.00s)\n","OutputType":"frame"}
{"Time":"2026-10-07T15:28:22.753341-04:00","Action":"pass","Package":"fairdrop/internal/stream","Test":"TestArchiveCloseDelegatesOnceAndPreservesThePreparedCause","Elapsed":0}
{"Time":"2026-10-07T15:28:22.753358-04:00","Action":"output","Package":"fairdrop/internal/stream","Output":"PASS\n","OutputType":"frame"}
{"Time":"2026-10-07T15:28:22.754555-04:00","Action":"output","Package":"fairdrop/internal/stream","Output":"ok  \tfairdrop/internal/stream\t0.211s\n"}
{"Time":"2026-10-07T15:28:22.754623-04:00","Action":"pass","Package":"fairdrop/internal/stream","Elapsed":0.211}
BASELINE PASSED: TestArchiveCloseDelegatesOnceAndPreservesThePreparedCause (structured test and package pass)
{"Time":"2026-10-07T15:28:22.994672-04:00","Action":"start","Package":"fairdrop/internal/source"}
{"Time":"2026-10-07T15:28:23.175143-04:00","Action":"run","Package":"fairdrop/internal/source","Test":"TestPOSIXContentOpenRefusesFIFOAfterMetadataWithoutBlocking"}
{"Time":"2026-10-07T15:28:23.175212-04:00","Action":"output","Package":"fairdrop/internal/source","Test":"TestPOSIXContentOpenRefusesFIFOAfterMetadataWithoutBlocking","Output":"=== RUN   TestPOSIXContentOpenRefusesFIFOAfterMetadataWithoutBlocking\n","OutputType":"frame"}
{"Time":"2026-10-07T15:28:23.176043-04:00","Action":"output","Package":"fairdrop/internal/source","Test":"TestPOSIXContentOpenRefusesFIFOAfterMetadataWithoutBlocking","Output":"--- PASS: TestPOSIXContentOpenRefusesFIFOAfterMetadataWithoutBlocking (0.00s)\n","OutputType":"frame"}
{"Time":"2026-10-07T15:28:23.176058-04:00","Action":"pass","Package":"fairdrop/internal/source","Test":"TestPOSIXContentOpenRefusesFIFOAfterMetadataWithoutBlocking","Elapsed":0}
{"Time":"2026-10-07T15:28:23.176073-04:00","Action":"output","Package":"fairdrop/internal/source","Output":"PASS\n","OutputType":"frame"}
{"Time":"2026-10-07T15:28:23.176444-04:00","Action":"output","Package":"fairdrop/internal/source","Output":"ok  \tfairdrop/internal/source\t0.181s\n"}
{"Time":"2026-10-07T15:28:23.176462-04:00","Action":"pass","Package":"fairdrop/internal/source","Elapsed":0.182}
BASELINE PASSED: TestPOSIXContentOpenRefusesFIFOAfterMetadataWithoutBlocking (structured test and package pass)
{"Time":"2026-10-07T15:28:23.409519-04:00","Action":"start","Package":"fairdrop/internal/source"}
{"Time":"2026-10-07T15:28:23.592427-04:00","Action":"run","Package":"fairdrop/internal/source","Test":"TestNativeChildNameRefusesOnlyUnsafeNames"}
{"Time":"2026-10-07T15:28:23.592497-04:00","Action":"output","Package":"fairdrop/internal/source","Test":"TestNativeChildNameRefusesOnlyUnsafeNames","Output":"=== RUN   TestNativeChildNameRefusesOnlyUnsafeNames\n","OutputType":"frame"}
{"Time":"2026-10-07T15:28:23.592533-04:00","Action":"output","Package":"fairdrop/internal/source","Test":"TestNativeChildNameRefusesOnlyUnsafeNames","Output":"--- PASS: TestNativeChildNameRefusesOnlyUnsafeNames (0.00s)\n","OutputType":"frame"}
{"Time":"2026-10-07T15:28:23.592539-04:00","Action":"pass","Package":"fairdrop/internal/source","Test":"TestNativeChildNameRefusesOnlyUnsafeNames","Elapsed":0}
{"Time":"2026-10-07T15:28:23.592548-04:00","Action":"output","Package":"fairdrop/internal/source","Output":"PASS\n","OutputType":"frame"}
{"Time":"2026-10-07T15:28:23.592928-04:00","Action":"output","Package":"fairdrop/internal/source","Output":"ok  \tfairdrop/internal/source\t0.183s\n"}
{"Time":"2026-10-07T15:28:23.592942-04:00","Action":"pass","Package":"fairdrop/internal/source","Elapsed":0.183}
BASELINE PASSED: TestNativeChildNameRefusesOnlyUnsafeNames (structured test and package pass)
{"Time":"2026-10-07T15:28:23.827364-04:00","Action":"start","Package":"fairdrop/internal/source"}
{"Time":"2026-10-07T15:28:24.002758-04:00","Action":"run","Package":"fairdrop/internal/source","Test":"TestDarwinMetadataNoFollowAndSpecialFileClassification"}
{"Time":"2026-10-07T15:28:24.002827-04:00","Action":"output","Package":"fairdrop/internal/source","Test":"TestDarwinMetadataNoFollowAndSpecialFileClassification","Output":"=== RUN   TestDarwinMetadataNoFollowAndSpecialFileClassification\n","OutputType":"frame"}
{"Time":"2026-10-07T15:28:24.003161-04:00","Action":"run","Package":"fairdrop/internal/source","Test":"TestDarwinMetadataNoFollowAndSpecialFileClassification/symlink"}
{"Time":"2026-10-07T15:28:24.003174-04:00","Action":"output","Package":"fairdrop/internal/source","Test":"TestDarwinMetadataNoFollowAndSpecialFileClassification/symlink","Output":"=== RUN   TestDarwinMetadataNoFollowAndSpecialFileClassification/symlink\n","OutputType":"frame"}
{"Time":"2026-10-07T15:28:24.003421-04:00","Action":"output","Package":"fairdrop/internal/source","Test":"TestDarwinMetadataNoFollowAndSpecialFileClassification/symlink","Output":"--- PASS: TestDarwinMetadataNoFollowAndSpecialFileClassification/symlink (0.00s)\n","OutputType":"frame"}
{"Time":"2026-10-07T15:28:24.003431-04:00","Action":"pass","Package":"fairdrop/internal/source","Test":"TestDarwinMetadataNoFollowAndSpecialFileClassification/symlink","Elapsed":0}
{"Time":"2026-10-07T15:28:24.003683-04:00","Action":"run","Package":"fairdrop/internal/source","Test":"TestDarwinMetadataNoFollowAndSpecialFileClassification/fifo"}
{"Time":"2026-10-07T15:28:24.00369-04:00","Action":"output","Package":"fairdrop/internal/source","Test":"TestDarwinMetadataNoFollowAndSpecialFileClassification/fifo","Output":"=== RUN   TestDarwinMetadataNoFollowAndSpecialFileClassification/fifo\n","OutputType":"frame"}
{"Time":"2026-10-07T15:28:24.003696-04:00","Action":"output","Package":"fairdrop/internal/source","Test":"TestDarwinMetadataNoFollowAndSpecialFileClassification/fifo","Output":"--- PASS: TestDarwinMetadataNoFollowAndSpecialFileClassification/fifo (0.00s)\n","OutputType":"frame"}
{"Time":"2026-10-07T15:28:24.003701-04:00","Action":"pass","Package":"fairdrop/internal/source","Test":"TestDarwinMetadataNoFollowAndSpecialFileClassification/fifo","Elapsed":0}
{"Time":"2026-10-07T15:28:24.004005-04:00","Action":"output","Package":"fairdrop/internal/source","Test":"TestDarwinMetadataNoFollowAndSpecialFileClassification","Output":"--- PASS: TestDarwinMetadataNoFollowAndSpecialFileClassification (0.00s)\n","OutputType":"frame"}
{"Time":"2026-10-07T15:28:24.004086-04:00","Action":"pass","Package":"fairdrop/internal/source","Test":"TestDarwinMetadataNoFollowAndSpecialFileClassification","Elapsed":0}
{"Time":"2026-10-07T15:28:24.004146-04:00","Action":"output","Package":"fairdrop/internal/source","Output":"PASS\n","OutputType":"frame"}
{"Time":"2026-10-07T15:28:24.004331-04:00","Action":"output","Package":"fairdrop/internal/source","Output":"ok  \tfairdrop/internal/source\t0.177s\n"}
{"Time":"2026-10-07T15:28:24.004395-04:00","Action":"pass","Package":"fairdrop/internal/source","Elapsed":0.177}
BASELINE PASSED: TestDarwinMetadataNoFollowAndSpecialFileClassification (structured test and package pass)
{"Time":"2026-10-07T15:28:24.227786-04:00","Action":"start","Package":"fairdrop/internal/source"}
{"Time":"2026-10-07T15:28:24.410641-04:00","Action":"run","Package":"fairdrop/internal/source","Test":"TestDarwinMetadataIdentityMatchesOpenedDescriptorAndRefusesReplacement"}
{"Time":"2026-10-07T15:28:24.410702-04:00","Action":"output","Package":"fairdrop/internal/source","Test":"TestDarwinMetadataIdentityMatchesOpenedDescriptorAndRefusesReplacement","Output":"=== RUN   TestDarwinMetadataIdentityMatchesOpenedDescriptorAndRefusesReplacement\n","OutputType":"frame"}
{"Time":"2026-10-07T15:28:24.41074-04:00","Action":"run","Package":"fairdrop/internal/source","Test":"TestDarwinMetadataIdentityMatchesOpenedDescriptorAndRefusesReplacement/file"}
{"Time":"2026-10-07T15:28:24.410748-04:00","Action":"output","Package":"fairdrop/internal/source","Test":"TestDarwinMetadataIdentityMatchesOpenedDescriptorAndRefusesReplacement/file","Output":"=== RUN   TestDarwinMetadataIdentityMatchesOpenedDescriptorAndRefusesReplacement/file\n","OutputType":"frame"}
{"Time":"2026-10-07T15:28:24.411517-04:00","Action":"output","Package":"fairdrop/internal/source","Test":"TestDarwinMetadataIdentityMatchesOpenedDescriptorAndRefusesReplacement/file","Output":"--- PASS: TestDarwinMetadataIdentityMatchesOpenedDescriptorAndRefusesReplacement/file (0.00s)\n","OutputType":"frame"}
{"Time":"2026-10-07T15:28:24.411523-04:00","Action":"pass","Package":"fairdrop/internal/source","Test":"TestDarwinMetadataIdentityMatchesOpenedDescriptorAndRefusesReplacement/file","Elapsed":0}
{"Time":"2026-10-07T15:28:24.411539-04:00","Action":"run","Package":"fairdrop/internal/source","Test":"TestDarwinMetadataIdentityMatchesOpenedDescriptorAndRefusesReplacement/directory"}
{"Time":"2026-10-07T15:28:24.411543-04:00","Action":"output","Package":"fairdrop/internal/source","Test":"TestDarwinMetadataIdentityMatchesOpenedDescriptorAndRefusesReplacement/directory","Output":"=== RUN   TestDarwinMetadataIdentityMatchesOpenedDescriptorAndRefusesReplacement/directory\n","OutputType":"frame"}
{"Time":"2026-10-07T15:28:24.412153-04:00","Action":"output","Package":"fairdrop/internal/source","Test":"TestDarwinMetadataIdentityMatchesOpenedDescriptorAndRefusesReplacement/directory","Output":"--- PASS: TestDarwinMetadataIdentityMatchesOpenedDescriptorAndRefusesReplacement/directory (0.00s)\n","OutputType":"frame"}
{"Time":"2026-10-07T15:28:24.412166-04:00","Action":"pass","Package":"fairdrop/internal/source","Test":"TestDarwinMetadataIdentityMatchesOpenedDescriptorAndRefusesReplacement/directory","Elapsed":0}
{"Time":"2026-10-07T15:28:24.412171-04:00","Action":"output","Package":"fairdrop/internal/source","Test":"TestDarwinMetadataIdentityMatchesOpenedDescriptorAndRefusesReplacement","Output":"--- PASS: TestDarwinMetadataIdentityMatchesOpenedDescriptorAndRefusesReplacement (0.00s)\n","OutputType":"frame"}
{"Time":"2026-10-07T15:28:24.412176-04:00","Action":"pass","Package":"fairdrop/internal/source","Test":"TestDarwinMetadataIdentityMatchesOpenedDescriptorAndRefusesReplacement","Elapsed":0}
{"Time":"2026-10-07T15:28:24.412179-04:00","Action":"output","Package":"fairdrop/internal/source","Output":"PASS\n","OutputType":"frame"}
{"Time":"2026-10-07T15:28:24.412559-04:00","Action":"output","Package":"fairdrop/internal/source","Output":"ok  \tfairdrop/internal/source\t0.184s\n"}
{"Time":"2026-10-07T15:28:24.412573-04:00","Action":"pass","Package":"fairdrop/internal/source","Elapsed":0.185}
BASELINE PASSED: TestDarwinMetadataIdentityMatchesOpenedDescriptorAndRefusesReplacement (structured test and package pass)
{"Time":"2026-10-07T15:28:24.640928-04:00","Action":"start","Package":"fairdrop/internal/source"}
{"Time":"2026-10-07T15:28:24.823227-04:00","Action":"run","Package":"fairdrop/internal/source","Test":"TestDarwinMetadataRefusesRecycledIdentityAcrossStatRepresentations"}
{"Time":"2026-10-07T15:28:24.823281-04:00","Action":"output","Package":"fairdrop/internal/source","Test":"TestDarwinMetadataRefusesRecycledIdentityAcrossStatRepresentations","Output":"=== RUN   TestDarwinMetadataRefusesRecycledIdentityAcrossStatRepresentations\n","OutputType":"frame"}
{"Time":"2026-10-07T15:28:24.823311-04:00","Action":"run","Package":"fairdrop/internal/source","Test":"TestDarwinMetadataRefusesRecycledIdentityAcrossStatRepresentations/device"}
{"Time":"2026-10-07T15:28:24.823323-04:00","Action":"output","Package":"fairdrop/internal/source","Test":"TestDarwinMetadataRefusesRecycledIdentityAcrossStatRepresentations/device","Output":"=== RUN   TestDarwinMetadataRefusesRecycledIdentityAcrossStatRepresentations/device\n","OutputType":"frame"}
{"Time":"2026-10-07T15:28:24.82334-04:00","Action":"output","Package":"fairdrop/internal/source","Test":"TestDarwinMetadataRefusesRecycledIdentityAcrossStatRepresentations/device","Output":"--- PASS: TestDarwinMetadataRefusesRecycledIdentityAcrossStatRepresentations/device (0.00s)\n","OutputType":"frame"}
{"Time":"2026-10-07T15:28:24.82335-04:00","Action":"pass","Package":"fairdrop/internal/source","Test":"TestDarwinMetadataRefusesRecycledIdentityAcrossStatRepresentations/device","Elapsed":0}
{"Time":"2026-10-07T15:28:24.823358-04:00","Action":"run","Package":"fairdrop/internal/source","Test":"TestDarwinMetadataRefusesRecycledIdentityAcrossStatRepresentations/inode"}
{"Time":"2026-10-07T15:28:24.823361-04:00","Action":"output","Package":"fairdrop/internal/source","Test":"TestDarwinMetadataRefusesRecycledIdentityAcrossStatRepresentations/inode","Output":"=== RUN   TestDarwinMetadataRefusesRecycledIdentityAcrossStatRepresentations/inode\n","OutputType":"frame"}
{"Time":"2026-10-07T15:28:24.823373-04:00","Action":"output","Package":"fairdrop/internal/source","Test":"TestDarwinMetadataRefusesRecycledIdentityAcrossStatRepresentations/inode","Output":"--- PASS: TestDarwinMetadataRefusesRecycledIdentityAcrossStatRepresentations/inode (0.00s)\n","OutputType":"frame"}
{"Time":"2026-10-07T15:28:24.823378-04:00","Action":"pass","Package":"fairdrop/internal/source","Test":"TestDarwinMetadataRefusesRecycledIdentityAcrossStatRepresentations/inode","Elapsed":0}
{"Time":"2026-10-07T15:28:24.823382-04:00","Action":"run","Package":"fairdrop/internal/source","Test":"TestDarwinMetadataRefusesRecycledIdentityAcrossStatRepresentations/generation"}
{"Time":"2026-10-07T15:28:24.823385-04:00","Action":"output","Package":"fairdrop/internal/source","Test":"TestDarwinMetadataRefusesRecycledIdentityAcrossStatRepresentations/generation","Output":"=== RUN   TestDarwinMetadataRefusesRecycledIdentityAcrossStatRepresentations/generation\n","OutputType":"frame"}
{"Time":"2026-10-07T15:28:24.823389-04:00","Action":"output","Package":"fairdrop/internal/source","Test":"TestDarwinMetadataRefusesRecycledIdentityAcrossStatRepresentations/generation","Output":"--- PASS: TestDarwinMetadataRefusesRecycledIdentityAcrossStatRepresentations/generation (0.00s)\n","OutputType":"frame"}
{"Time":"2026-10-07T15:28:24.823392-04:00","Action":"pass","Package":"fairdrop/internal/source","Test":"TestDarwinMetadataRefusesRecycledIdentityAcrossStatRepresentations/generation","Elapsed":0}
{"Time":"2026-10-07T15:28:24.823402-04:00","Action":"run","Package":"fairdrop/internal/source","Test":"TestDarwinMetadataRefusesRecycledIdentityAcrossStatRepresentations/birth-seconds"}
{"Time":"2026-10-07T15:28:24.823405-04:00","Action":"output","Package":"fairdrop/internal/source","Test":"TestDarwinMetadataRefusesRecycledIdentityAcrossStatRepresentations/birth-seconds","Output":"=== RUN   TestDarwinMetadataRefusesRecycledIdentityAcrossStatRepresentations/birth-seconds\n","OutputType":"frame"}
{"Time":"2026-10-07T15:28:24.823409-04:00","Action":"output","Package":"fairdrop/internal/source","Test":"TestDarwinMetadataRefusesRecycledIdentityAcrossStatRepresentations/birth-seconds","Output":"--- PASS: TestDarwinMetadataRefusesRecycledIdentityAcrossStatRepresentations/birth-seconds (0.00s)\n","OutputType":"frame"}
{"Time":"2026-10-07T15:28:24.823439-04:00","Action":"pass","Package":"fairdrop/internal/source","Test":"TestDarwinMetadataRefusesRecycledIdentityAcrossStatRepresentations/birth-seconds","Elapsed":0}
{"Time":"2026-10-07T15:28:24.823442-04:00","Action":"run","Package":"fairdrop/internal/source","Test":"TestDarwinMetadataRefusesRecycledIdentityAcrossStatRepresentations/birth-nanoseconds"}
{"Time":"2026-10-07T15:28:24.823445-04:00","Action":"output","Package":"fairdrop/internal/source","Test":"TestDarwinMetadataRefusesRecycledIdentityAcrossStatRepresentations/birth-nanoseconds","Output":"=== RUN   TestDarwinMetadataRefusesRecycledIdentityAcrossStatRepresentations/birth-nanoseconds\n","OutputType":"frame"}
{"Time":"2026-10-07T15:28:24.823449-04:00","Action":"output","Package":"fairdrop/internal/source","Test":"TestDarwinMetadataRefusesRecycledIdentityAcrossStatRepresentations/birth-nanoseconds","Output":"--- PASS: TestDarwinMetadataRefusesRecycledIdentityAcrossStatRepresentations/birth-nanoseconds (0.00s)\n","OutputType":"frame"}
{"Time":"2026-10-07T15:28:24.823452-04:00","Action":"pass","Package":"fairdrop/internal/source","Test":"TestDarwinMetadataRefusesRecycledIdentityAcrossStatRepresentations/birth-nanoseconds","Elapsed":0}
{"Time":"2026-10-07T15:28:24.823455-04:00","Action":"output","Package":"fairdrop/internal/source","Test":"TestDarwinMetadataRefusesRecycledIdentityAcrossStatRepresentations","Output":"--- PASS: TestDarwinMetadataRefusesRecycledIdentityAcrossStatRepresentations (0.00s)\n","OutputType":"frame"}
{"Time":"2026-10-07T15:28:24.82346-04:00","Action":"pass","Package":"fairdrop/internal/source","Test":"TestDarwinMetadataRefusesRecycledIdentityAcrossStatRepresentations","Elapsed":0}
{"Time":"2026-10-07T15:28:24.823463-04:00","Action":"output","Package":"fairdrop/internal/source","Output":"PASS\n","OutputType":"frame"}
{"Time":"2026-10-07T15:28:24.823743-04:00","Action":"output","Package":"fairdrop/internal/source","Output":"ok  \tfairdrop/internal/source\t0.183s\n"}
{"Time":"2026-10-07T15:28:24.823754-04:00","Action":"pass","Package":"fairdrop/internal/source","Elapsed":0.183}
BASELINE PASSED: TestDarwinMetadataRefusesRecycledIdentityAcrossStatRepresentations (structured test and package pass)
{"Time":"2026-10-07T15:28:25.07244-04:00","Action":"start","Package":"fairdrop/internal/source"}
{"Time":"2026-10-07T15:28:25.259442-04:00","Action":"run","Package":"fairdrop/internal/source","Test":"TestDarwinMetadataSnapshotNeedsNoContentPermission"}
{"Time":"2026-10-07T15:28:25.259519-04:00","Action":"output","Package":"fairdrop/internal/source","Test":"TestDarwinMetadataSnapshotNeedsNoContentPermission","Output":"=== RUN   TestDarwinMetadataSnapshotNeedsNoContentPermission\n","OutputType":"frame"}
{"Time":"2026-10-07T15:28:25.260511-04:00","Action":"output","Package":"fairdrop/internal/source","Test":"TestDarwinMetadataSnapshotNeedsNoContentPermission","Output":"--- PASS: TestDarwinMetadataSnapshotNeedsNoContentPermission (0.00s)\n","OutputType":"frame"}
{"Time":"2026-10-07T15:28:25.260533-04:00","Action":"pass","Package":"fairdrop/internal/source","Test":"TestDarwinMetadataSnapshotNeedsNoContentPermission","Elapsed":0}
{"Time":"2026-10-07T15:28:25.26055-04:00","Action":"output","Package":"fairdrop/internal/source","Output":"PASS\n","OutputType":"frame"}
{"Time":"2026-10-07T15:28:25.260943-04:00","Action":"output","Package":"fairdrop/internal/source","Output":"ok  \tfairdrop/internal/source\t0.188s\n"}
{"Time":"2026-10-07T15:28:25.260957-04:00","Action":"pass","Package":"fairdrop/internal/source","Elapsed":0.189}
BASELINE PASSED: TestDarwinMetadataSnapshotNeedsNoContentPermission (structured test and package pass)
{"Time":"2026-10-07T15:28:25.903883-04:00","Action":"start","Package":"fairdrop"}
{"Time":"2026-10-07T15:28:26.147328-04:00","Action":"run","Package":"fairdrop","Test":"TestDarwinLockPreflightRefusesFIFOAndSymlinkWithoutBlocking"}
{"Time":"2026-10-07T15:28:26.147422-04:00","Action":"output","Package":"fairdrop","Test":"TestDarwinLockPreflightRefusesFIFOAndSymlinkWithoutBlocking","Output":"=== RUN   TestDarwinLockPreflightRefusesFIFOAndSymlinkWithoutBlocking\n","OutputType":"frame"}
{"Time":"2026-10-07T15:28:26.148068-04:00","Action":"output","Package":"fairdrop","Test":"TestDarwinLockPreflightRefusesFIFOAndSymlinkWithoutBlocking","Output":"--- PASS: TestDarwinLockPreflightRefusesFIFOAndSymlinkWithoutBlocking (0.00s)\n","OutputType":"frame"}
{"Time":"2026-10-07T15:28:26.148085-04:00","Action":"pass","Package":"fairdrop","Test":"TestDarwinLockPreflightRefusesFIFOAndSymlinkWithoutBlocking","Elapsed":0}
{"Time":"2026-10-07T15:28:26.148099-04:00","Action":"output","Package":"fairdrop","Output":"PASS\n","OutputType":"frame"}
{"Time":"2026-10-07T15:28:26.148706-04:00","Action":"output","Package":"fairdrop","Output":"ok  \tfairdrop\t0.244s\n"}
{"Time":"2026-10-07T15:28:26.148741-04:00","Action":"pass","Package":"fairdrop","Elapsed":0.245}
BASELINE PASSED: TestDarwinLockPreflightRefusesFIFOAndSymlinkWithoutBlocking (structured test and package pass)
{"Time":"2026-10-07T15:28:26.819682-04:00","Action":"start","Package":"fairdrop"}
{"Time":"2026-10-07T15:28:27.059351-04:00","Action":"run","Package":"fairdrop","Test":"TestDarwinLockKindIsCheckedBeforeFlock"}
{"Time":"2026-10-07T15:28:27.05942-04:00","Action":"output","Package":"fairdrop","Test":"TestDarwinLockKindIsCheckedBeforeFlock","Output":"=== RUN   TestDarwinLockKindIsCheckedBeforeFlock\n","OutputType":"frame"}
{"Time":"2026-10-07T15:28:27.060036-04:00","Action":"output","Package":"fairdrop","Test":"TestDarwinLockKindIsCheckedBeforeFlock","Output":"--- PASS: TestDarwinLockKindIsCheckedBeforeFlock (0.00s)\n","OutputType":"frame"}
{"Time":"2026-10-07T15:28:27.060047-04:00","Action":"pass","Package":"fairdrop","Test":"TestDarwinLockKindIsCheckedBeforeFlock","Elapsed":0}
{"Time":"2026-10-07T15:28:27.060063-04:00","Action":"output","Package":"fairdrop","Output":"PASS\n","OutputType":"frame"}
{"Time":"2026-10-07T15:28:27.060798-04:00","Action":"output","Package":"fairdrop","Output":"ok  \tfairdrop\t0.241s\n"}
{"Time":"2026-10-07T15:28:27.060813-04:00","Action":"pass","Package":"fairdrop","Elapsed":0.241}
BASELINE PASSED: TestDarwinLockKindIsCheckedBeforeFlock (structured test and package pass)
EXPECTED INJECTED FAILURE: drop O_NONBLOCK; requires 'content open blocked on substituted FIFO: O_NONBLOCK guard missing' in a failing test/subtest of TestPOSIXContentOpenRefusesFIFOAfterMetadataWithoutBlocking
{"Time":"2026-10-07T15:28:27.453279-04:00","Action":"start","Package":"fairdrop/internal/source"}
{"Time":"2026-10-07T15:28:27.661688-04:00","Action":"run","Package":"fairdrop/internal/source","Test":"TestPOSIXContentOpenRefusesFIFOAfterMetadataWithoutBlocking"}
{"Time":"2026-10-07T15:28:27.661743-04:00","Action":"output","Package":"fairdrop/internal/source","Test":"TestPOSIXContentOpenRefusesFIFOAfterMetadataWithoutBlocking","Output":"=== RUN   TestPOSIXContentOpenRefusesFIFOAfterMetadataWithoutBlocking\n","OutputType":"frame"}
{"Time":"2026-10-07T15:28:29.665161-04:00","Action":"output","Package":"fairdrop/internal/source","Test":"TestPOSIXContentOpenRefusesFIFOAfterMetadataWithoutBlocking","Output":"    handle_posix_test.go:189: content open blocked on substituted FIFO: O_NONBLOCK guard missing\n","OutputType":"error"}
{"Time":"2026-10-07T15:28:29.667357-04:00","Action":"output","Package":"fairdrop/internal/source","Test":"TestPOSIXContentOpenRefusesFIFOAfterMetadataWithoutBlocking","Output":"--- FAIL: TestPOSIXContentOpenRefusesFIFOAfterMetadataWithoutBlocking (2.00s)\n","OutputType":"frame"}
{"Time":"2026-10-07T15:28:29.667429-04:00","Action":"fail","Package":"fairdrop/internal/source","Test":"TestPOSIXContentOpenRefusesFIFOAfterMetadataWithoutBlocking","Elapsed":2}
{"Time":"2026-10-07T15:28:29.66755-04:00","Action":"output","Package":"fairdrop/internal/source","Output":"FAIL\n","OutputType":"frame"}
{"Time":"2026-10-07T15:28:29.669266-04:00","Action":"output","Package":"fairdrop/internal/source","Output":"FAIL\tfairdrop/internal/source\t2.216s\n","OutputType":"frame"}
{"Time":"2026-10-07T15:28:29.669308-04:00","Action":"fail","Package":"fairdrop/internal/source","Elapsed":2.216}
KILLED: drop O_NONBLOCK by TestPOSIXContentOpenRefusesFIFOAfterMetadataWithoutBlocking (expected injected assertion failure, not a product failure)
EXPECTED INJECTED FAILURE: drop regular-file refusal; requires 'FIFO received a content handle' in a failing test/subtest of TestPOSIXContentOpenRefusesFIFOAfterMetadataWithoutBlocking
{"Time":"2026-10-07T15:28:30.138932-04:00","Action":"start","Package":"fairdrop/internal/source"}
{"Time":"2026-10-07T15:28:30.338761-04:00","Action":"run","Package":"fairdrop/internal/source","Test":"TestPOSIXContentOpenRefusesFIFOAfterMetadataWithoutBlocking"}
{"Time":"2026-10-07T15:28:30.338849-04:00","Action":"output","Package":"fairdrop/internal/source","Test":"TestPOSIXContentOpenRefusesFIFOAfterMetadataWithoutBlocking","Output":"=== RUN   TestPOSIXContentOpenRefusesFIFOAfterMetadataWithoutBlocking\n","OutputType":"frame"}
{"Time":"2026-10-07T15:28:30.339416-04:00","Action":"output","Package":"fairdrop/internal/source","Test":"TestPOSIXContentOpenRefusesFIFOAfterMetadataWithoutBlocking","Output":"    handle_posix_test.go:170: FIFO received a content handle\n","OutputType":"error"}
{"Time":"2026-10-07T15:28:30.339426-04:00","Action":"output","Package":"fairdrop/internal/source","Test":"TestPOSIXContentOpenRefusesFIFOAfterMetadataWithoutBlocking","Output":"    handle_posix_test.go:173: FIFO content guard code = \"\", want path_unsupported\n","OutputType":"error"}
{"Time":"2026-10-07T15:28:30.339676-04:00","Action":"output","Package":"fairdrop/internal/source","Test":"TestPOSIXContentOpenRefusesFIFOAfterMetadataWithoutBlocking","Output":"--- FAIL: TestPOSIXContentOpenRefusesFIFOAfterMetadataWithoutBlocking (0.00s)\n","OutputType":"frame"}
{"Time":"2026-10-07T15:28:30.33969-04:00","Action":"fail","Package":"fairdrop/internal/source","Test":"TestPOSIXContentOpenRefusesFIFOAfterMetadataWithoutBlocking","Elapsed":0}
{"Time":"2026-10-07T15:28:30.339714-04:00","Action":"output","Package":"fairdrop/internal/source","Output":"FAIL\n","OutputType":"frame"}
{"Time":"2026-10-07T15:28:30.340088-04:00","Action":"output","Package":"fairdrop/internal/source","Output":"FAIL\tfairdrop/internal/source\t0.201s\n","OutputType":"frame"}
{"Time":"2026-10-07T15:28:30.340101-04:00","Action":"fail","Package":"fairdrop/internal/source","Elapsed":0.201}
KILLED: drop regular-file refusal by TestPOSIXContentOpenRefusesFIFOAfterMetadataWithoutBlocking (expected injected assertion failure, not a product failure)
EXPECTED INJECTED FAILURE: host-dependent source volume predicate; requires 'unsafe fixture name accepted' in a failing test/subtest of TestNativeChildNameRefusesOnlyUnsafeNames
{"Time":"2026-10-07T15:28:30.787431-04:00","Action":"start","Package":"fairdrop/internal/source"}
{"Time":"2026-10-07T15:28:30.997121-04:00","Action":"run","Package":"fairdrop/internal/source","Test":"TestNativeChildNameRefusesOnlyUnsafeNames"}
{"Time":"2026-10-07T15:28:30.997251-04:00","Action":"output","Package":"fairdrop/internal/source","Test":"TestNativeChildNameRefusesOnlyUnsafeNames","Output":"=== RUN   TestNativeChildNameRefusesOnlyUnsafeNames\n","OutputType":"frame"}
{"Time":"2026-10-07T15:28:30.997361-04:00","Action":"output","Package":"fairdrop/internal/source","Test":"TestNativeChildNameRefusesOnlyUnsafeNames","Output":"    native_names_test.go:14: unsafe fixture name accepted: result=\"parent/C:evil.txt\" code=\"\"\n","OutputType":"error"}
{"Time":"2026-10-07T15:28:30.997391-04:00","Action":"output","Package":"fairdrop/internal/source","Test":"TestNativeChildNameRefusesOnlyUnsafeNames","Output":"    native_names_test.go:14: unsafe fixture name accepted: result=\"parent/c:evil.txt\" code=\"\"\n","OutputType":"error"}
{"Time":"2026-10-07T15:28:30.997403-04:00","Action":"output","Package":"fairdrop/internal/source","Test":"TestNativeChildNameRefusesOnlyUnsafeNames","Output":"    native_names_test.go:14: unsafe fixture name accepted: result=\"parent/Z:\" code=\"\"\n","OutputType":"error"}
{"Time":"2026-10-07T15:28:30.997425-04:00","Action":"output","Package":"fairdrop/internal/source","Test":"TestNativeChildNameRefusesOnlyUnsafeNames","Output":"    native_names_test.go:14: unsafe fixture name accepted: result=\"parent/\\\\server\\\\share\" code=\"\"\n","OutputType":"error"}
{"Time":"2026-10-07T15:28:30.99744-04:00","Action":"output","Package":"fairdrop/internal/source","Test":"TestNativeChildNameRefusesOnlyUnsafeNames","Output":"    native_names_test.go:14: unsafe fixture name accepted: result=\"parent/C:\\\\absolute\" code=\"\"\n","OutputType":"error"}
{"Time":"2026-10-07T15:28:30.997451-04:00","Action":"output","Package":"fairdrop/internal/source","Test":"TestNativeChildNameRefusesOnlyUnsafeNames","Output":"    native_names_test.go:14: unsafe fixture name accepted: result=\"parent/nested/name\" code=\"\"\n","OutputType":"error"}
{"Time":"2026-10-07T15:28:30.997461-04:00","Action":"output","Package":"fairdrop/internal/source","Test":"TestNativeChildNameRefusesOnlyUnsafeNames","Output":"    native_names_test.go:14: unsafe fixture name accepted: result=\"parent/..\" code=\"\"\n","OutputType":"error"}
{"Time":"2026-10-07T15:28:30.997477-04:00","Action":"output","Package":"fairdrop/internal/source","Test":"TestNativeChildNameRefusesOnlyUnsafeNames","Output":"--- FAIL: TestNativeChildNameRefusesOnlyUnsafeNames (0.00s)\n","OutputType":"frame"}
{"Time":"2026-10-07T15:28:30.997487-04:00","Action":"fail","Package":"fairdrop/internal/source","Test":"TestNativeChildNameRefusesOnlyUnsafeNames","Elapsed":0}
{"Time":"2026-10-07T15:28:30.997505-04:00","Action":"output","Package":"fairdrop/internal/source","Output":"FAIL\n","OutputType":"frame"}
{"Time":"2026-10-07T15:28:30.998446-04:00","Action":"output","Package":"fairdrop/internal/source","Output":"FAIL\tfairdrop/internal/source\t0.211s\n","OutputType":"frame"}
{"Time":"2026-10-07T15:28:30.998477-04:00","Action":"fail","Package":"fairdrop/internal/source","Elapsed":0.211}
KILLED: host-dependent source volume predicate by TestNativeChildNameRefusesOnlyUnsafeNames (expected injected assertion failure, not a product failure)
EXPECTED INJECTED FAILURE: follow metadata symlinks; requires 'want mode' in a failing test/subtest of TestDarwinMetadataNoFollowAndSpecialFileClassification
{"Time":"2026-10-07T15:28:31.444277-04:00","Action":"start","Package":"fairdrop/internal/source"}
{"Time":"2026-10-07T15:28:31.64274-04:00","Action":"run","Package":"fairdrop/internal/source","Test":"TestDarwinMetadataNoFollowAndSpecialFileClassification"}
{"Time":"2026-10-07T15:28:31.642819-04:00","Action":"output","Package":"fairdrop/internal/source","Test":"TestDarwinMetadataNoFollowAndSpecialFileClassification","Output":"=== RUN   TestDarwinMetadataNoFollowAndSpecialFileClassification\n","OutputType":"frame"}
{"Time":"2026-10-07T15:28:31.643594-04:00","Action":"run","Package":"fairdrop/internal/source","Test":"TestDarwinMetadataNoFollowAndSpecialFileClassification/symlink"}
{"Time":"2026-10-07T15:28:31.643615-04:00","Action":"output","Package":"fairdrop/internal/source","Test":"TestDarwinMetadataNoFollowAndSpecialFileClassification/symlink","Output":"=== RUN   TestDarwinMetadataNoFollowAndSpecialFileClassification/symlink\n","OutputType":"frame"}
{"Time":"2026-10-07T15:28:31.64412-04:00","Action":"output","Package":"fairdrop/internal/source","Test":"TestDarwinMetadataNoFollowAndSpecialFileClassification/symlink","Output":"    handle_darwin_test.go:199: no-follow metadata = \u0026{symlink {16777229 33152 1 133885502 501 20 0 {1791401311 643442490} {1791401311 643530657} {1791401311 643530657} {1791401311 643442490} 6 8 4096 0 0 0 [0 0]}}, \u003cnil\u003e, want mode L---------\n","OutputType":"error"}
{"Time":"2026-10-07T15:28:31.644165-04:00","Action":"output","Package":"fairdrop/internal/source","Test":"TestDarwinMetadataNoFollowAndSpecialFileClassification/symlink","Output":"--- FAIL: TestDarwinMetadataNoFollowAndSpecialFileClassification/symlink (0.00s)\n","OutputType":"frame"}
{"Time":"2026-10-07T15:28:31.644176-04:00","Action":"fail","Package":"fairdrop/internal/source","Test":"TestDarwinMetadataNoFollowAndSpecialFileClassification/symlink","Elapsed":0}
{"Time":"2026-10-07T15:28:31.644199-04:00","Action":"run","Package":"fairdrop/internal/source","Test":"TestDarwinMetadataNoFollowAndSpecialFileClassification/fifo"}
{"Time":"2026-10-07T15:28:31.644208-04:00","Action":"output","Package":"fairdrop/internal/source","Test":"TestDarwinMetadataNoFollowAndSpecialFileClassification/fifo","Output":"=== RUN   TestDarwinMetadataNoFollowAndSpecialFileClassification/fifo\n","OutputType":"frame"}
{"Time":"2026-10-07T15:28:31.644476-04:00","Action":"output","Package":"fairdrop/internal/source","Test":"TestDarwinMetadataNoFollowAndSpecialFileClassification/fifo","Output":"--- PASS: TestDarwinMetadataNoFollowAndSpecialFileClassification/fifo (0.00s)\n","OutputType":"frame"}
{"Time":"2026-10-07T15:28:31.644488-04:00","Action":"pass","Package":"fairdrop/internal/source","Test":"TestDarwinMetadataNoFollowAndSpecialFileClassification/fifo","Elapsed":0}
{"Time":"2026-10-07T15:28:31.645064-04:00","Action":"output","Package":"fairdrop/internal/source","Test":"TestDarwinMetadataNoFollowAndSpecialFileClassification","Output":"--- FAIL: TestDarwinMetadataNoFollowAndSpecialFileClassification (0.00s)\n","OutputType":"frame"}
{"Time":"2026-10-07T15:28:31.645076-04:00","Action":"fail","Package":"fairdrop/internal/source","Test":"TestDarwinMetadataNoFollowAndSpecialFileClassification","Elapsed":0}
{"Time":"2026-10-07T15:28:31.645085-04:00","Action":"output","Package":"fairdrop/internal/source","Output":"FAIL\n","OutputType":"frame"}
{"Time":"2026-10-07T15:28:31.645879-04:00","Action":"output","Package":"fairdrop/internal/source","Output":"FAIL\tfairdrop/internal/source\t0.201s\n","OutputType":"frame"}
{"Time":"2026-10-07T15:28:31.645894-04:00","Action":"fail","Package":"fairdrop/internal/source","Elapsed":0.202}
KILLED: follow metadata symlinks by TestDarwinMetadataNoFollowAndSpecialFileClassification (expected injected assertion failure, not a product failure)
EXPECTED INJECTED FAILURE: use os.SameFile on stat-derived metadata; requires 'snapshot-to-descriptor identity rejected the same object' in a failing test/subtest of TestDarwinMetadataIdentityMatchesOpenedDescriptorAndRefusesReplacement
{"Time":"2026-10-07T15:28:32.097581-04:00","Action":"start","Package":"fairdrop/internal/source"}
{"Time":"2026-10-07T15:28:32.302561-04:00","Action":"run","Package":"fairdrop/internal/source","Test":"TestDarwinMetadataIdentityMatchesOpenedDescriptorAndRefusesReplacement"}
{"Time":"2026-10-07T15:28:32.302677-04:00","Action":"output","Package":"fairdrop/internal/source","Test":"TestDarwinMetadataIdentityMatchesOpenedDescriptorAndRefusesReplacement","Output":"=== RUN   TestDarwinMetadataIdentityMatchesOpenedDescriptorAndRefusesReplacement\n","OutputType":"frame"}
{"Time":"2026-10-07T15:28:32.302771-04:00","Action":"run","Package":"fairdrop/internal/source","Test":"TestDarwinMetadataIdentityMatchesOpenedDescriptorAndRefusesReplacement/file"}
{"Time":"2026-10-07T15:28:32.30279-04:00","Action":"output","Package":"fairdrop/internal/source","Test":"TestDarwinMetadataIdentityMatchesOpenedDescriptorAndRefusesReplacement/file","Output":"=== RUN   TestDarwinMetadataIdentityMatchesOpenedDescriptorAndRefusesReplacement/file\n","OutputType":"frame"}
{"Time":"2026-10-07T15:28:32.303591-04:00","Action":"output","Package":"fairdrop/internal/source","Test":"TestDarwinMetadataIdentityMatchesOpenedDescriptorAndRefusesReplacement/file","Output":"    handle_darwin_test.go:102: snapshot-to-descriptor identity rejected the same object: source_changed: selection identity changed before open\n","OutputType":"error"}
{"Time":"2026-10-07T15:28:32.303889-04:00","Action":"output","Package":"fairdrop/internal/source","Test":"TestDarwinMetadataIdentityMatchesOpenedDescriptorAndRefusesReplacement/file","Output":"--- FAIL: TestDarwinMetadataIdentityMatchesOpenedDescriptorAndRefusesReplacement/file (0.00s)\n","OutputType":"frame"}
{"Time":"2026-10-07T15:28:32.303896-04:00","Action":"fail","Package":"fairdrop/internal/source","Test":"TestDarwinMetadataIdentityMatchesOpenedDescriptorAndRefusesReplacement/file","Elapsed":0}
{"Time":"2026-10-07T15:28:32.303903-04:00","Action":"run","Package":"fairdrop/internal/source","Test":"TestDarwinMetadataIdentityMatchesOpenedDescriptorAndRefusesReplacement/directory"}
{"Time":"2026-10-07T15:28:32.303908-04:00","Action":"output","Package":"fairdrop/internal/source","Test":"TestDarwinMetadataIdentityMatchesOpenedDescriptorAndRefusesReplacement/directory","Output":"=== RUN   TestDarwinMetadataIdentityMatchesOpenedDescriptorAndRefusesReplacement/directory\n","OutputType":"frame"}
{"Time":"2026-10-07T15:28:32.304289-04:00","Action":"output","Package":"fairdrop/internal/source","Test":"TestDarwinMetadataIdentityMatchesOpenedDescriptorAndRefusesReplacement/directory","Output":"    handle_darwin_test.go:102: snapshot-to-descriptor identity rejected the same object: source_changed: selection identity changed before open\n","OutputType":"error"}
{"Time":"2026-10-07T15:28:32.304756-04:00","Action":"output","Package":"fairdrop/internal/source","Test":"TestDarwinMetadataIdentityMatchesOpenedDescriptorAndRefusesReplacement/directory","Output":"--- FAIL: TestDarwinMetadataIdentityMatchesOpenedDescriptorAndRefusesReplacement/directory (0.00s)\n","OutputType":"frame"}
{"Time":"2026-10-07T15:28:32.304782-04:00","Action":"fail","Package":"fairdrop/internal/source","Test":"TestDarwinMetadataIdentityMatchesOpenedDescriptorAndRefusesReplacement/directory","Elapsed":0}
{"Time":"2026-10-07T15:28:32.304801-04:00","Action":"output","Package":"fairdrop/internal/source","Test":"TestDarwinMetadataIdentityMatchesOpenedDescriptorAndRefusesReplacement","Output":"--- FAIL: TestDarwinMetadataIdentityMatchesOpenedDescriptorAndRefusesReplacement (0.00s)\n","OutputType":"frame"}
{"Time":"2026-10-07T15:28:32.30481-04:00","Action":"fail","Package":"fairdrop/internal/source","Test":"TestDarwinMetadataIdentityMatchesOpenedDescriptorAndRefusesReplacement","Elapsed":0}
{"Time":"2026-10-07T15:28:32.304819-04:00","Action":"output","Package":"fairdrop/internal/source","Output":"FAIL\n","OutputType":"frame"}
{"Time":"2026-10-07T15:28:32.305641-04:00","Action":"output","Package":"fairdrop/internal/source","Output":"FAIL\tfairdrop/internal/source\t0.208s\n","OutputType":"frame"}
{"Time":"2026-10-07T15:28:32.305716-04:00","Action":"fail","Package":"fairdrop/internal/source","Elapsed":0.208}
KILLED: use os.SameFile on stat-derived metadata by TestDarwinMetadataIdentityMatchesOpenedDescriptorAndRefusesReplacement (expected injected assertion failure, not a product failure)
EXPECTED INJECTED FAILURE: accept replaced metadata identity; requires 'replacement identity gate' in a failing test/subtest of TestDarwinMetadataIdentityMatchesOpenedDescriptorAndRefusesReplacement
{"Time":"2026-10-07T15:28:32.748789-04:00","Action":"start","Package":"fairdrop/internal/source"}
{"Time":"2026-10-07T15:28:32.967746-04:00","Action":"run","Package":"fairdrop/internal/source","Test":"TestDarwinMetadataIdentityMatchesOpenedDescriptorAndRefusesReplacement"}
{"Time":"2026-10-07T15:28:32.96783-04:00","Action":"output","Package":"fairdrop/internal/source","Test":"TestDarwinMetadataIdentityMatchesOpenedDescriptorAndRefusesReplacement","Output":"=== RUN   TestDarwinMetadataIdentityMatchesOpenedDescriptorAndRefusesReplacement\n","OutputType":"frame"}
{"Time":"2026-10-07T15:28:32.967899-04:00","Action":"run","Package":"fairdrop/internal/source","Test":"TestDarwinMetadataIdentityMatchesOpenedDescriptorAndRefusesReplacement/file"}
{"Time":"2026-10-07T15:28:32.967921-04:00","Action":"output","Package":"fairdrop/internal/source","Test":"TestDarwinMetadataIdentityMatchesOpenedDescriptorAndRefusesReplacement/file","Output":"=== RUN   TestDarwinMetadataIdentityMatchesOpenedDescriptorAndRefusesReplacement/file\n","OutputType":"frame"}
{"Time":"2026-10-07T15:28:32.968685-04:00","Action":"output","Package":"fairdrop/internal/source","Test":"TestDarwinMetadataIdentityMatchesOpenedDescriptorAndRefusesReplacement/file","Output":"    handle_darwin_test.go:117: replacement identity gate = \u003cnil\u003e, want source_changed\n","OutputType":"error"}
{"Time":"2026-10-07T15:28:32.969002-04:00","Action":"output","Package":"fairdrop/internal/source","Test":"TestDarwinMetadataIdentityMatchesOpenedDescriptorAndRefusesReplacement/file","Output":"--- FAIL: TestDarwinMetadataIdentityMatchesOpenedDescriptorAndRefusesReplacement/file (0.00s)\n","OutputType":"frame"}
{"Time":"2026-10-07T15:28:32.969012-04:00","Action":"fail","Package":"fairdrop/internal/source","Test":"TestDarwinMetadataIdentityMatchesOpenedDescriptorAndRefusesReplacement/file","Elapsed":0}
{"Time":"2026-10-07T15:28:32.969021-04:00","Action":"run","Package":"fairdrop/internal/source","Test":"TestDarwinMetadataIdentityMatchesOpenedDescriptorAndRefusesReplacement/directory"}
{"Time":"2026-10-07T15:28:32.969024-04:00","Action":"output","Package":"fairdrop/internal/source","Test":"TestDarwinMetadataIdentityMatchesOpenedDescriptorAndRefusesReplacement/directory","Output":"=== RUN   TestDarwinMetadataIdentityMatchesOpenedDescriptorAndRefusesReplacement/directory\n","OutputType":"frame"}
{"Time":"2026-10-07T15:28:32.969355-04:00","Action":"output","Package":"fairdrop/internal/source","Test":"TestDarwinMetadataIdentityMatchesOpenedDescriptorAndRefusesReplacement/directory","Output":"    handle_darwin_test.go:117: replacement identity gate = \u003cnil\u003e, want source_changed\n","OutputType":"error"}
{"Time":"2026-10-07T15:28:32.969673-04:00","Action":"output","Package":"fairdrop/internal/source","Test":"TestDarwinMetadataIdentityMatchesOpenedDescriptorAndRefusesReplacement/directory","Output":"--- FAIL: TestDarwinMetadataIdentityMatchesOpenedDescriptorAndRefusesReplacement/directory (0.00s)\n","OutputType":"frame"}
{"Time":"2026-10-07T15:28:32.969685-04:00","Action":"fail","Package":"fairdrop/internal/source","Test":"TestDarwinMetadataIdentityMatchesOpenedDescriptorAndRefusesReplacement/directory","Elapsed":0}
{"Time":"2026-10-07T15:28:32.969692-04:00","Action":"output","Package":"fairdrop/internal/source","Test":"TestDarwinMetadataIdentityMatchesOpenedDescriptorAndRefusesReplacement","Output":"--- FAIL: TestDarwinMetadataIdentityMatchesOpenedDescriptorAndRefusesReplacement (0.00s)\n","OutputType":"frame"}
{"Time":"2026-10-07T15:28:32.969695-04:00","Action":"fail","Package":"fairdrop/internal/source","Test":"TestDarwinMetadataIdentityMatchesOpenedDescriptorAndRefusesReplacement","Elapsed":0}
{"Time":"2026-10-07T15:28:32.969699-04:00","Action":"output","Package":"fairdrop/internal/source","Output":"FAIL\n","OutputType":"frame"}
{"Time":"2026-10-07T15:28:32.970152-04:00","Action":"output","Package":"fairdrop/internal/source","Output":"FAIL\tfairdrop/internal/source\t0.221s\n","OutputType":"frame"}
{"Time":"2026-10-07T15:28:32.970167-04:00","Action":"fail","Package":"fairdrop/internal/source","Elapsed":0.221}
KILLED: accept replaced metadata identity by TestDarwinMetadataIdentityMatchesOpenedDescriptorAndRefusesReplacement (expected injected assertion failure, not a product failure)
EXPECTED INJECTED FAILURE: require content read permission for metadata; requires 'native metadata open failed' in a failing test/subtest of TestDarwinMetadataSnapshotNeedsNoContentPermission
{"Time":"2026-10-07T15:28:33.413711-04:00","Action":"start","Package":"fairdrop/internal/source"}
{"Time":"2026-10-07T15:28:33.631598-04:00","Action":"run","Package":"fairdrop/internal/source","Test":"TestDarwinMetadataSnapshotNeedsNoContentPermission"}
{"Time":"2026-10-07T15:28:33.631724-04:00","Action":"output","Package":"fairdrop/internal/source","Test":"TestDarwinMetadataSnapshotNeedsNoContentPermission","Output":"=== RUN   TestDarwinMetadataSnapshotNeedsNoContentPermission\n","OutputType":"frame"}
{"Time":"2026-10-07T15:28:33.632953-04:00","Action":"output","Package":"fairdrop/internal/source","Test":"TestDarwinMetadataSnapshotNeedsNoContentPermission","Output":"    handle_darwin_test.go:30: native metadata open failed: syscall.Errno\n","OutputType":"error"}
{"Time":"2026-10-07T15:28:33.633503-04:00","Action":"output","Package":"fairdrop/internal/source","Test":"TestDarwinMetadataSnapshotNeedsNoContentPermission","Output":"--- FAIL: TestDarwinMetadataSnapshotNeedsNoContentPermission (0.00s)\n","OutputType":"frame"}
{"Time":"2026-10-07T15:28:33.633515-04:00","Action":"fail","Package":"fairdrop/internal/source","Test":"TestDarwinMetadataSnapshotNeedsNoContentPermission","Elapsed":0}
{"Time":"2026-10-07T15:28:33.633525-04:00","Action":"output","Package":"fairdrop/internal/source","Output":"FAIL\n","OutputType":"frame"}
{"Time":"2026-10-07T15:28:33.634298-04:00","Action":"output","Package":"fairdrop/internal/source","Output":"FAIL\tfairdrop/internal/source\t0.220s\n","OutputType":"frame"}
{"Time":"2026-10-07T15:28:33.634308-04:00","Action":"fail","Package":"fairdrop/internal/source","Elapsed":0.221}
KILLED: require content read permission for metadata by TestDarwinMetadataSnapshotNeedsNoContentPermission (expected injected assertion failure, not a product failure)
EXPECTED INJECTED FAILURE: ignore generation and birth identity; requires 'recycled identity accepted after generation changed' in a failing test/subtest of TestDarwinMetadataRefusesRecycledIdentityAcrossStatRepresentations
{"Time":"2026-10-07T15:28:34.081818-04:00","Action":"start","Package":"fairdrop/internal/source"}
{"Time":"2026-10-07T15:28:34.289075-04:00","Action":"run","Package":"fairdrop/internal/source","Test":"TestDarwinMetadataRefusesRecycledIdentityAcrossStatRepresentations"}
{"Time":"2026-10-07T15:28:34.289187-04:00","Action":"output","Package":"fairdrop/internal/source","Test":"TestDarwinMetadataRefusesRecycledIdentityAcrossStatRepresentations","Output":"=== RUN   TestDarwinMetadataRefusesRecycledIdentityAcrossStatRepresentations\n","OutputType":"frame"}
{"Time":"2026-10-07T15:28:34.289264-04:00","Action":"run","Package":"fairdrop/internal/source","Test":"TestDarwinMetadataRefusesRecycledIdentityAcrossStatRepresentations/device"}
{"Time":"2026-10-07T15:28:34.289286-04:00","Action":"output","Package":"fairdrop/internal/source","Test":"TestDarwinMetadataRefusesRecycledIdentityAcrossStatRepresentations/device","Output":"=== RUN   TestDarwinMetadataRefusesRecycledIdentityAcrossStatRepresentations/device\n","OutputType":"frame"}
{"Time":"2026-10-07T15:28:34.289358-04:00","Action":"output","Package":"fairdrop/internal/source","Test":"TestDarwinMetadataRefusesRecycledIdentityAcrossStatRepresentations/device","Output":"--- PASS: TestDarwinMetadataRefusesRecycledIdentityAcrossStatRepresentations/device (0.00s)\n","OutputType":"frame"}
{"Time":"2026-10-07T15:28:34.28938-04:00","Action":"pass","Package":"fairdrop/internal/source","Test":"TestDarwinMetadataRefusesRecycledIdentityAcrossStatRepresentations/device","Elapsed":0}
{"Time":"2026-10-07T15:28:34.289397-04:00","Action":"run","Package":"fairdrop/internal/source","Test":"TestDarwinMetadataRefusesRecycledIdentityAcrossStatRepresentations/inode"}
{"Time":"2026-10-07T15:28:34.289407-04:00","Action":"output","Package":"fairdrop/internal/source","Test":"TestDarwinMetadataRefusesRecycledIdentityAcrossStatRepresentations/inode","Output":"=== RUN   TestDarwinMetadataRefusesRecycledIdentityAcrossStatRepresentations/inode\n","OutputType":"frame"}
{"Time":"2026-10-07T15:28:34.289419-04:00","Action":"output","Package":"fairdrop/internal/source","Test":"TestDarwinMetadataRefusesRecycledIdentityAcrossStatRepresentations/inode","Output":"--- PASS: TestDarwinMetadataRefusesRecycledIdentityAcrossStatRepresentations/inode (0.00s)\n","OutputType":"frame"}
{"Time":"2026-10-07T15:28:34.289449-04:00","Action":"pass","Package":"fairdrop/internal/source","Test":"TestDarwinMetadataRefusesRecycledIdentityAcrossStatRepresentations/inode","Elapsed":0}
{"Time":"2026-10-07T15:28:34.28946-04:00","Action":"run","Package":"fairdrop/internal/source","Test":"TestDarwinMetadataRefusesRecycledIdentityAcrossStatRepresentations/generation"}
{"Time":"2026-10-07T15:28:34.289469-04:00","Action":"output","Package":"fairdrop/internal/source","Test":"TestDarwinMetadataRefusesRecycledIdentityAcrossStatRepresentations/generation","Output":"=== RUN   TestDarwinMetadataRefusesRecycledIdentityAcrossStatRepresentations/generation\n","OutputType":"frame"}
{"Time":"2026-10-07T15:28:34.289491-04:00","Action":"output","Package":"fairdrop/internal/source","Test":"TestDarwinMetadataRefusesRecycledIdentityAcrossStatRepresentations/generation","Output":"    handle_darwin_test.go:274: recycled identity accepted after generation changed\n","OutputType":"error"}
{"Time":"2026-10-07T15:28:34.289589-04:00","Action":"output","Package":"fairdrop/internal/source","Test":"TestDarwinMetadataRefusesRecycledIdentityAcrossStatRepresentations/generation","Output":"--- FAIL: TestDarwinMetadataRefusesRecycledIdentityAcrossStatRepresentations/generation (0.00s)\n","OutputType":"frame"}
{"Time":"2026-10-07T15:28:34.289613-04:00","Action":"fail","Package":"fairdrop/internal/source","Test":"TestDarwinMetadataRefusesRecycledIdentityAcrossStatRepresentations/generation","Elapsed":0}
{"Time":"2026-10-07T15:28:34.289625-04:00","Action":"run","Package":"fairdrop/internal/source","Test":"TestDarwinMetadataRefusesRecycledIdentityAcrossStatRepresentations/birth-seconds"}
{"Time":"2026-10-07T15:28:34.289633-04:00","Action":"output","Package":"fairdrop/internal/source","Test":"TestDarwinMetadataRefusesRecycledIdentityAcrossStatRepresentations/birth-seconds","Output":"=== RUN   TestDarwinMetadataRefusesRecycledIdentityAcrossStatRepresentations/birth-seconds\n","OutputType":"frame"}
{"Time":"2026-10-07T15:28:34.289737-04:00","Action":"output","Package":"fairdrop/internal/source","Test":"TestDarwinMetadataRefusesRecycledIdentityAcrossStatRepresentations/birth-seconds","Output":"    handle_darwin_test.go:274: recycled identity accepted after birth-seconds changed\n","OutputType":"error"}
{"Time":"2026-10-07T15:28:34.289759-04:00","Action":"output","Package":"fairdrop/internal/source","Test":"TestDarwinMetadataRefusesRecycledIdentityAcrossStatRepresentations/birth-seconds","Output":"--- FAIL: TestDarwinMetadataRefusesRecycledIdentityAcrossStatRepresentations/birth-seconds (0.00s)\n","OutputType":"frame"}
{"Time":"2026-10-07T15:28:34.289769-04:00","Action":"fail","Package":"fairdrop/internal/source","Test":"TestDarwinMetadataRefusesRecycledIdentityAcrossStatRepresentations/birth-seconds","Elapsed":0}
{"Time":"2026-10-07T15:28:34.289778-04:00","Action":"run","Package":"fairdrop/internal/source","Test":"TestDarwinMetadataRefusesRecycledIdentityAcrossStatRepresentations/birth-nanoseconds"}
{"Time":"2026-10-07T15:28:34.289785-04:00","Action":"output","Package":"fairdrop/internal/source","Test":"TestDarwinMetadataRefusesRecycledIdentityAcrossStatRepresentations/birth-nanoseconds","Output":"=== RUN   TestDarwinMetadataRefusesRecycledIdentityAcrossStatRepresentations/birth-nanoseconds\n","OutputType":"frame"}
{"Time":"2026-10-07T15:28:34.289793-04:00","Action":"output","Package":"fairdrop/internal/source","Test":"TestDarwinMetadataRefusesRecycledIdentityAcrossStatRepresentations/birth-nanoseconds","Output":"    handle_darwin_test.go:274: recycled identity accepted after birth-nanoseconds changed\n","OutputType":"error"}
{"Time":"2026-10-07T15:28:34.289802-04:00","Action":"output","Package":"fairdrop/internal/source","Test":"TestDarwinMetadataRefusesRecycledIdentityAcrossStatRepresentations/birth-nanoseconds","Output":"--- FAIL: TestDarwinMetadataRefusesRecycledIdentityAcrossStatRepresentations/birth-nanoseconds (0.00s)\n","OutputType":"frame"}
{"Time":"2026-10-07T15:28:34.289809-04:00","Action":"fail","Package":"fairdrop/internal/source","Test":"TestDarwinMetadataRefusesRecycledIdentityAcrossStatRepresentations/birth-nanoseconds","Elapsed":0}
{"Time":"2026-10-07T15:28:34.289816-04:00","Action":"output","Package":"fairdrop/internal/source","Test":"TestDarwinMetadataRefusesRecycledIdentityAcrossStatRepresentations","Output":"--- FAIL: TestDarwinMetadataRefusesRecycledIdentityAcrossStatRepresentations (0.00s)\n","OutputType":"frame"}
{"Time":"2026-10-07T15:28:34.289822-04:00","Action":"fail","Package":"fairdrop/internal/source","Test":"TestDarwinMetadataRefusesRecycledIdentityAcrossStatRepresentations","Elapsed":0}
{"Time":"2026-10-07T15:28:34.289828-04:00","Action":"output","Package":"fairdrop/internal/source","Output":"FAIL\n","OutputType":"frame"}
{"Time":"2026-10-07T15:28:34.290528-04:00","Action":"output","Package":"fairdrop/internal/source","Output":"FAIL\tfairdrop/internal/source\t0.208s\n","OutputType":"frame"}
{"Time":"2026-10-07T15:28:34.290545-04:00","Action":"fail","Package":"fairdrop/internal/source","Elapsed":0.209}
KILLED: ignore generation and birth identity by TestDarwinMetadataRefusesRecycledIdentityAcrossStatRepresentations (expected injected assertion failure, not a product failure)
EXPECTED INJECTED FAILURE: block on lock FIFO; requires 'lock preflight blocked on an unconnected FIFO' in a failing test/subtest of TestDarwinLockPreflightRefusesFIFOAndSymlinkWithoutBlocking
{"Time":"2026-10-07T15:28:36.53187-04:00","Action":"start","Package":"fairdrop"}
{"Time":"2026-10-07T15:28:36.807657-04:00","Action":"run","Package":"fairdrop","Test":"TestDarwinLockPreflightRefusesFIFOAndSymlinkWithoutBlocking"}
{"Time":"2026-10-07T15:28:36.807764-04:00","Action":"output","Package":"fairdrop","Test":"TestDarwinLockPreflightRefusesFIFOAndSymlinkWithoutBlocking","Output":"=== RUN   TestDarwinLockPreflightRefusesFIFOAndSymlinkWithoutBlocking\n","OutputType":"frame"}
{"Time":"2026-10-07T15:28:37.810214-04:00","Action":"output","Package":"fairdrop","Test":"TestDarwinLockPreflightRefusesFIFOAndSymlinkWithoutBlocking","Output":"    single_instance_darwin_test.go:83: lock preflight blocked on an unconnected FIFO\n","OutputType":"error"}
{"Time":"2026-10-07T15:28:37.812467-04:00","Action":"output","Package":"fairdrop","Test":"TestDarwinLockPreflightRefusesFIFOAndSymlinkWithoutBlocking","Output":"--- FAIL: TestDarwinLockPreflightRefusesFIFOAndSymlinkWithoutBlocking (1.00s)\n","OutputType":"frame"}
{"Time":"2026-10-07T15:28:37.812542-04:00","Action":"fail","Package":"fairdrop","Test":"TestDarwinLockPreflightRefusesFIFOAndSymlinkWithoutBlocking","Elapsed":1}
{"Time":"2026-10-07T15:28:37.812695-04:00","Action":"output","Package":"fairdrop","Output":"FAIL\n","OutputType":"frame"}
{"Time":"2026-10-07T15:28:37.816021-04:00","Action":"output","Package":"fairdrop","Output":"FAIL\tfairdrop\t1.284s\n","OutputType":"frame"}
{"Time":"2026-10-07T15:28:37.816101-04:00","Action":"fail","Package":"fairdrop","Elapsed":1.284}
KILLED: block on lock FIFO by TestDarwinLockPreflightRefusesFIFOAndSymlinkWithoutBlocking (expected injected assertion failure, not a product failure)
EXPECTED INJECTED FAILURE: follow lock symlink; requires 'special lock path was accepted' in a failing test/subtest of TestDarwinLockPreflightRefusesFIFOAndSymlinkWithoutBlocking
{"Time":"2026-10-07T15:28:39.846985-04:00","Action":"start","Package":"fairdrop"}
{"Time":"2026-10-07T15:28:40.124922-04:00","Action":"run","Package":"fairdrop","Test":"TestDarwinLockPreflightRefusesFIFOAndSymlinkWithoutBlocking"}
{"Time":"2026-10-07T15:28:40.125025-04:00","Action":"output","Package":"fairdrop","Test":"TestDarwinLockPreflightRefusesFIFOAndSymlinkWithoutBlocking","Output":"=== RUN   TestDarwinLockPreflightRefusesFIFOAndSymlinkWithoutBlocking\n","OutputType":"frame"}
{"Time":"2026-10-07T15:28:40.125964-04:00","Action":"output","Package":"fairdrop","Test":"TestDarwinLockPreflightRefusesFIFOAndSymlinkWithoutBlocking","Output":"    single_instance_darwin_test.go:62: special lock path was accepted\n","OutputType":"error"}
{"Time":"2026-10-07T15:28:40.126679-04:00","Action":"output","Package":"fairdrop","Test":"TestDarwinLockPreflightRefusesFIFOAndSymlinkWithoutBlocking","Output":"--- FAIL: TestDarwinLockPreflightRefusesFIFOAndSymlinkWithoutBlocking (0.00s)\n","OutputType":"frame"}
{"Time":"2026-10-07T15:28:40.126704-04:00","Action":"fail","Package":"fairdrop","Test":"TestDarwinLockPreflightRefusesFIFOAndSymlinkWithoutBlocking","Elapsed":0}
{"Time":"2026-10-07T15:28:40.126743-04:00","Action":"output","Package":"fairdrop","Output":"FAIL\n","OutputType":"frame"}
{"Time":"2026-10-07T15:28:40.127839-04:00","Action":"output","Package":"fairdrop","Output":"FAIL\tfairdrop\t0.281s\n","OutputType":"frame"}
{"Time":"2026-10-07T15:28:40.127863-04:00","Action":"fail","Package":"fairdrop","Elapsed":0.281}
KILLED: follow lock symlink by TestDarwinLockPreflightRefusesFIFOAndSymlinkWithoutBlocking (expected injected assertion failure, not a product failure)
EXPECTED INJECTED FAILURE: accept nonregular lock descriptor; requires 'nonregular lock descriptor reached flock' in a failing test/subtest of TestDarwinLockKindIsCheckedBeforeFlock
{"Time":"2026-10-07T15:28:42.167316-04:00","Action":"start","Package":"fairdrop"}
{"Time":"2026-10-07T15:28:42.461357-04:00","Action":"run","Package":"fairdrop","Test":"TestDarwinLockKindIsCheckedBeforeFlock"}
{"Time":"2026-10-07T15:28:42.46144-04:00","Action":"output","Package":"fairdrop","Test":"TestDarwinLockKindIsCheckedBeforeFlock","Output":"=== RUN   TestDarwinLockKindIsCheckedBeforeFlock\n","OutputType":"frame"}
{"Time":"2026-10-07T15:28:42.462054-04:00","Action":"output","Package":"fairdrop","Test":"TestDarwinLockKindIsCheckedBeforeFlock","Output":"    single_instance_darwin_test.go:100: nonregular lock descriptor reached flock\n","OutputType":"error"}
{"Time":"2026-10-07T15:28:42.462499-04:00","Action":"output","Package":"fairdrop","Test":"TestDarwinLockKindIsCheckedBeforeFlock","Output":"--- FAIL: TestDarwinLockKindIsCheckedBeforeFlock (0.00s)\n","OutputType":"frame"}
{"Time":"2026-10-07T15:28:42.462512-04:00","Action":"fail","Package":"fairdrop","Test":"TestDarwinLockKindIsCheckedBeforeFlock","Elapsed":0}
{"Time":"2026-10-07T15:28:42.46253-04:00","Action":"output","Package":"fairdrop","Output":"FAIL\n","OutputType":"frame"}
{"Time":"2026-10-07T15:28:42.46339-04:00","Action":"output","Package":"fairdrop","Output":"FAIL\tfairdrop\t0.296s\n","OutputType":"frame"}
{"Time":"2026-10-07T15:28:42.463426-04:00","Action":"fail","Package":"fairdrop","Elapsed":0.296}
KILLED: accept nonregular lock descriptor by TestDarwinLockKindIsCheckedBeforeFlock (expected injected assertion failure, not a product failure)
EXPECTED INJECTED FAILURE: publish terminal before response finalization; requires 'unexpected complete event' in a failing test/subtest of TestNaturalCompletionWaitsForHTTPFinalization
{"Time":"2026-10-07T15:28:43.084787-04:00","Action":"start","Package":"fairdrop/internal/server"}
{"Time":"2026-10-07T15:28:43.358855-04:00","Action":"run","Package":"fairdrop/internal/server","Test":"TestNaturalCompletionWaitsForHTTPFinalization"}
{"Time":"2026-10-07T15:28:43.358995-04:00","Action":"output","Package":"fairdrop/internal/server","Test":"TestNaturalCompletionWaitsForHTTPFinalization","Output":"=== RUN   TestNaturalCompletionWaitsForHTTPFinalization\n","OutputType":"frame"}
{"Time":"2026-10-07T15:28:43.359066-04:00","Action":"run","Package":"fairdrop/internal/server","Test":"TestNaturalCompletionWaitsForHTTPFinalization/file/success"}
{"Time":"2026-10-07T15:28:43.359082-04:00","Action":"output","Package":"fairdrop/internal/server","Test":"TestNaturalCompletionWaitsForHTTPFinalization/file/success","Output":"=== RUN   TestNaturalCompletionWaitsForHTTPFinalization/file/success\n","OutputType":"frame"}
{"Time":"2026-10-07T15:28:43.361614-04:00","Action":"output","Package":"fairdrop/internal/server","Test":"TestNaturalCompletionWaitsForHTTPFinalization/file/success","Output":"    finalization_test.go:45: unexpected complete event\n","OutputType":"error"}
{"Time":"2026-10-07T15:28:43.361743-04:00","Action":"output","Package":"fairdrop/internal/server","Test":"TestNaturalCompletionWaitsForHTTPFinalization/file/success","Output":"--- FAIL: TestNaturalCompletionWaitsForHTTPFinalization/file/success (0.00s)\n","OutputType":"frame"}
{"Time":"2026-10-07T15:28:43.361769-04:00","Action":"fail","Package":"fairdrop/internal/server","Test":"TestNaturalCompletionWaitsForHTTPFinalization/file/success","Elapsed":0}
{"Time":"2026-10-07T15:28:43.361799-04:00","Action":"run","Package":"fairdrop/internal/server","Test":"TestNaturalCompletionWaitsForHTTPFinalization/file/write-error"}
{"Time":"2026-10-07T15:28:43.361809-04:00","Action":"output","Package":"fairdrop/internal/server","Test":"TestNaturalCompletionWaitsForHTTPFinalization/file/write-error","Output":"=== RUN   TestNaturalCompletionWaitsForHTTPFinalization/file/write-error\n","OutputType":"frame"}
{"Time":"2026-10-07T15:28:43.362427-04:00","Action":"output","Package":"fairdrop/internal/server","Test":"TestNaturalCompletionWaitsForHTTPFinalization/file/write-error","Output":"    finalization_test.go:45: unexpected complete event\n","OutputType":"error"}
{"Time":"2026-10-07T15:28:43.362505-04:00","Action":"output","Package":"fairdrop/internal/server","Test":"TestNaturalCompletionWaitsForHTTPFinalization/file/write-error","Output":"--- FAIL: TestNaturalCompletionWaitsForHTTPFinalization/file/write-error (0.00s)\n","OutputType":"frame"}
{"Time":"2026-10-07T15:28:43.362532-04:00","Action":"fail","Package":"fairdrop/internal/server","Test":"TestNaturalCompletionWaitsForHTTPFinalization/file/write-error","Elapsed":0}
{"Time":"2026-10-07T15:28:43.362572-04:00","Action":"run","Package":"fairdrop/internal/server","Test":"TestNaturalCompletionWaitsForHTTPFinalization/file/short-write"}
{"Time":"2026-10-07T15:28:43.362583-04:00","Action":"output","Package":"fairdrop/internal/server","Test":"TestNaturalCompletionWaitsForHTTPFinalization/file/short-write","Output":"=== RUN   TestNaturalCompletionWaitsForHTTPFinalization/file/short-write\n","OutputType":"frame"}
{"Time":"2026-10-07T15:28:43.363337-04:00","Action":"output","Package":"fairdrop/internal/server","Test":"TestNaturalCompletionWaitsForHTTPFinalization/file/short-write","Output":"    finalization_test.go:45: unexpected complete event\n","OutputType":"error"}
{"Time":"2026-10-07T15:28:43.363392-04:00","Action":"output","Package":"fairdrop/internal/server","Test":"TestNaturalCompletionWaitsForHTTPFinalization/file/short-write","Output":"--- FAIL: TestNaturalCompletionWaitsForHTTPFinalization/file/short-write (0.00s)\n","OutputType":"frame"}
{"Time":"2026-10-07T15:28:43.363401-04:00","Action":"fail","Package":"fairdrop/internal/server","Test":"TestNaturalCompletionWaitsForHTTPFinalization/file/short-write","Elapsed":0}
{"Time":"2026-10-07T15:28:43.363409-04:00","Action":"run","Package":"fairdrop/internal/server","Test":"TestNaturalCompletionWaitsForHTTPFinalization/file/cancel"}
{"Time":"2026-10-07T15:28:43.363431-04:00","Action":"output","Package":"fairdrop/internal/server","Test":"TestNaturalCompletionWaitsForHTTPFinalization/file/cancel","Output":"=== RUN   TestNaturalCompletionWaitsForHTTPFinalization/file/cancel\n","OutputType":"frame"}
{"Time":"2026-10-07T15:28:43.363803-04:00","Action":"output","Package":"fairdrop/internal/server","Test":"TestNaturalCompletionWaitsForHTTPFinalization/file/cancel","Output":"    finalization_test.go:45: unexpected complete event\n","OutputType":"error"}
{"Time":"2026-10-07T15:28:43.36386-04:00","Action":"output","Package":"fairdrop/internal/server","Test":"TestNaturalCompletionWaitsForHTTPFinalization/file/cancel","Output":"--- FAIL: TestNaturalCompletionWaitsForHTTPFinalization/file/cancel (0.00s)\n","OutputType":"frame"}
{"Time":"2026-10-07T15:28:43.363868-04:00","Action":"fail","Package":"fairdrop/internal/server","Test":"TestNaturalCompletionWaitsForHTTPFinalization/file/cancel","Elapsed":0}
{"Time":"2026-10-07T15:28:43.363874-04:00","Action":"run","Package":"fairdrop/internal/server","Test":"TestNaturalCompletionWaitsForHTTPFinalization/file/disconnect"}
{"Time":"2026-10-07T15:28:43.363879-04:00","Action":"output","Package":"fairdrop/internal/server","Test":"TestNaturalCompletionWaitsForHTTPFinalization/file/disconnect","Output":"=== RUN   TestNaturalCompletionWaitsForHTTPFinalization/file/disconnect\n","OutputType":"frame"}
{"Time":"2026-10-07T15:28:43.364215-04:00","Action":"output","Package":"fairdrop/internal/server","Test":"TestNaturalCompletionWaitsForHTTPFinalization/file/disconnect","Output":"    finalization_test.go:45: unexpected complete event\n","OutputType":"error"}
{"Time":"2026-10-07T15:28:43.364251-04:00","Action":"output","Package":"fairdrop/internal/server","Test":"TestNaturalCompletionWaitsForHTTPFinalization/file/disconnect","Output":"--- FAIL: TestNaturalCompletionWaitsForHTTPFinalization/file/disconnect (0.00s)\n","OutputType":"frame"}
{"Time":"2026-10-07T15:28:43.36426-04:00","Action":"fail","Package":"fairdrop/internal/server","Test":"TestNaturalCompletionWaitsForHTTPFinalization/file/disconnect","Elapsed":0}
{"Time":"2026-10-07T15:28:43.364268-04:00","Action":"run","Package":"fairdrop/internal/server","Test":"TestNaturalCompletionWaitsForHTTPFinalization/chunked/success"}
{"Time":"2026-10-07T15:28:43.364273-04:00","Action":"output","Package":"fairdrop/internal/server","Test":"TestNaturalCompletionWaitsForHTTPFinalization/chunked/success","Output":"=== RUN   TestNaturalCompletionWaitsForHTTPFinalization/chunked/success\n","OutputType":"frame"}
{"Time":"2026-10-07T15:28:43.364588-04:00","Action":"output","Package":"fairdrop/internal/server","Test":"TestNaturalCompletionWaitsForHTTPFinalization/chunked/success","Output":"    finalization_test.go:45: unexpected complete event\n","OutputType":"error"}
{"Time":"2026-10-07T15:28:43.364702-04:00","Action":"output","Package":"fairdrop/internal/server","Test":"TestNaturalCompletionWaitsForHTTPFinalization/chunked/success","Output":"--- FAIL: TestNaturalCompletionWaitsForHTTPFinalization/chunked/success (0.00s)\n","OutputType":"frame"}
{"Time":"2026-10-07T15:28:43.364947-04:00","Action":"fail","Package":"fairdrop/internal/server","Test":"TestNaturalCompletionWaitsForHTTPFinalization/chunked/success","Elapsed":0}
{"Time":"2026-10-07T15:28:43.364958-04:00","Action":"run","Package":"fairdrop/internal/server","Test":"TestNaturalCompletionWaitsForHTTPFinalization/chunked/write-error"}
{"Time":"2026-10-07T15:28:43.364965-04:00","Action":"output","Package":"fairdrop/internal/server","Test":"TestNaturalCompletionWaitsForHTTPFinalization/chunked/write-error","Output":"=== RUN   TestNaturalCompletionWaitsForHTTPFinalization/chunked/write-error\n","OutputType":"frame"}
{"Time":"2026-10-07T15:28:43.365083-04:00","Action":"output","Package":"fairdrop/internal/server","Test":"TestNaturalCompletionWaitsForHTTPFinalization/chunked/write-error","Output":"    finalization_test.go:45: unexpected complete event\n","OutputType":"error"}
{"Time":"2026-10-07T15:28:43.365189-04:00","Action":"output","Package":"fairdrop/internal/server","Test":"TestNaturalCompletionWaitsForHTTPFinalization/chunked/write-error","Output":"--- FAIL: TestNaturalCompletionWaitsForHTTPFinalization/chunked/write-error (0.00s)\n","OutputType":"frame"}
{"Time":"2026-10-07T15:28:43.365206-04:00","Action":"fail","Package":"fairdrop/internal/server","Test":"TestNaturalCompletionWaitsForHTTPFinalization/chunked/write-error","Elapsed":0}
{"Time":"2026-10-07T15:28:43.365213-04:00","Action":"run","Package":"fairdrop/internal/server","Test":"TestNaturalCompletionWaitsForHTTPFinalization/chunked/short-write"}
{"Time":"2026-10-07T15:28:43.365218-04:00","Action":"output","Package":"fairdrop/internal/server","Test":"TestNaturalCompletionWaitsForHTTPFinalization/chunked/short-write","Output":"=== RUN   TestNaturalCompletionWaitsForHTTPFinalization/chunked/short-write\n","OutputType":"frame"}
{"Time":"2026-10-07T15:28:43.365598-04:00","Action":"output","Package":"fairdrop/internal/server","Test":"TestNaturalCompletionWaitsForHTTPFinalization/chunked/short-write","Output":"    finalization_test.go:45: unexpected complete event\n","OutputType":"error"}
{"Time":"2026-10-07T15:28:43.36564-04:00","Action":"output","Package":"fairdrop/internal/server","Test":"TestNaturalCompletionWaitsForHTTPFinalization/chunked/short-write","Output":"--- FAIL: TestNaturalCompletionWaitsForHTTPFinalization/chunked/short-write (0.00s)\n","OutputType":"frame"}
{"Time":"2026-10-07T15:28:43.365647-04:00","Action":"fail","Package":"fairdrop/internal/server","Test":"TestNaturalCompletionWaitsForHTTPFinalization/chunked/short-write","Elapsed":0}
{"Time":"2026-10-07T15:28:43.365653-04:00","Action":"run","Package":"fairdrop/internal/server","Test":"TestNaturalCompletionWaitsForHTTPFinalization/chunked/cancel"}
{"Time":"2026-10-07T15:28:43.365657-04:00","Action":"output","Package":"fairdrop/internal/server","Test":"TestNaturalCompletionWaitsForHTTPFinalization/chunked/cancel","Output":"=== RUN   TestNaturalCompletionWaitsForHTTPFinalization/chunked/cancel\n","OutputType":"frame"}
{"Time":"2026-10-07T15:28:43.365974-04:00","Action":"output","Package":"fairdrop/internal/server","Test":"TestNaturalCompletionWaitsForHTTPFinalization/chunked/cancel","Output":"    finalization_test.go:45: unexpected complete event\n","OutputType":"error"}
{"Time":"2026-10-07T15:28:43.366021-04:00","Action":"output","Package":"fairdrop/internal/server","Test":"TestNaturalCompletionWaitsForHTTPFinalization/chunked/cancel","Output":"--- FAIL: TestNaturalCompletionWaitsForHTTPFinalization/chunked/cancel (0.00s)\n","OutputType":"frame"}
{"Time":"2026-10-07T15:28:43.36603-04:00","Action":"fail","Package":"fairdrop/internal/server","Test":"TestNaturalCompletionWaitsForHTTPFinalization/chunked/cancel","Elapsed":0}
{"Time":"2026-10-07T15:28:43.366037-04:00","Action":"run","Package":"fairdrop/internal/server","Test":"TestNaturalCompletionWaitsForHTTPFinalization/chunked/disconnect"}
{"Time":"2026-10-07T15:28:43.366048-04:00","Action":"output","Package":"fairdrop/internal/server","Test":"TestNaturalCompletionWaitsForHTTPFinalization/chunked/disconnect","Output":"=== RUN   TestNaturalCompletionWaitsForHTTPFinalization/chunked/disconnect\n","OutputType":"frame"}
{"Time":"2026-10-07T15:28:43.366369-04:00","Action":"output","Package":"fairdrop/internal/server","Test":"TestNaturalCompletionWaitsForHTTPFinalization/chunked/disconnect","Output":"    finalization_test.go:45: unexpected complete event\n","OutputType":"error"}
{"Time":"2026-10-07T15:28:43.366414-04:00","Action":"output","Package":"fairdrop/internal/server","Test":"TestNaturalCompletionWaitsForHTTPFinalization/chunked/disconnect","Output":"--- FAIL: TestNaturalCompletionWaitsForHTTPFinalization/chunked/disconnect (0.00s)\n","OutputType":"frame"}
{"Time":"2026-10-07T15:28:43.366424-04:00","Action":"fail","Package":"fairdrop/internal/server","Test":"TestNaturalCompletionWaitsForHTTPFinalization/chunked/disconnect","Elapsed":0}
{"Time":"2026-10-07T15:28:43.366432-04:00","Action":"output","Package":"fairdrop/internal/server","Test":"TestNaturalCompletionWaitsForHTTPFinalization","Output":"--- FAIL: TestNaturalCompletionWaitsForHTTPFinalization (0.01s)\n","OutputType":"frame"}
{"Time":"2026-10-07T15:28:43.366444-04:00","Action":"fail","Package":"fairdrop/internal/server","Test":"TestNaturalCompletionWaitsForHTTPFinalization","Elapsed":0.01}
{"Time":"2026-10-07T15:28:43.366455-04:00","Action":"output","Package":"fairdrop/internal/server","Output":"FAIL\n","OutputType":"frame"}
{"Time":"2026-10-07T15:28:43.367519-04:00","Action":"output","Package":"fairdrop/internal/server","Output":"FAIL\tfairdrop/internal/server\t0.282s\n","OutputType":"frame"}
{"Time":"2026-10-07T15:28:43.367533-04:00","Action":"fail","Package":"fairdrop/internal/server","Elapsed":0.283}
KILLED: publish terminal before response finalization by TestNaturalCompletionWaitsForHTTPFinalization (expected injected assertion failure, not a product failure)
EXPECTED INJECTED FAILURE: allow a concurrent file reader; requires 'concurrent second WriteTo read the file instead of refusing ownership' in a failing test/subtest of TestWriteToConcurrentCallersStreamExactlyOnce
{"Time":"2026-10-07T15:28:43.965351-04:00","Action":"start","Package":"fairdrop/internal/stream"}
{"Time":"2026-10-07T15:28:44.201506-04:00","Action":"run","Package":"fairdrop/internal/stream","Test":"TestWriteToConcurrentCallersStreamExactlyOnce"}
{"Time":"2026-10-07T15:28:44.201588-04:00","Action":"output","Package":"fairdrop/internal/stream","Test":"TestWriteToConcurrentCallersStreamExactlyOnce","Output":"=== RUN   TestWriteToConcurrentCallersStreamExactlyOnce\n","OutputType":"frame"}
{"Time":"2026-10-07T15:28:44.201643-04:00","Action":"run","Package":"fairdrop/internal/stream","Test":"TestWriteToConcurrentCallersStreamExactlyOnce/file"}
{"Time":"2026-10-07T15:28:44.201653-04:00","Action":"output","Package":"fairdrop/internal/stream","Test":"TestWriteToConcurrentCallersStreamExactlyOnce/file","Output":"=== RUN   TestWriteToConcurrentCallersStreamExactlyOnce/file\n","OutputType":"frame"}
{"Time":"2026-10-07T15:28:44.202615-04:00","Action":"output","Package":"fairdrop/internal/stream","Test":"TestWriteToConcurrentCallersStreamExactlyOnce/file","Output":"    payload_concurrent_test.go:123: concurrent second WriteTo read the file instead of refusing ownership\n","OutputType":"error"}
{"Time":"2026-10-07T15:28:44.202862-04:00","Action":"output","Package":"fairdrop/internal/stream","Test":"TestWriteToConcurrentCallersStreamExactlyOnce/file","Output":"--- FAIL: TestWriteToConcurrentCallersStreamExactlyOnce/file (0.00s)\n","OutputType":"frame"}
{"Time":"2026-10-07T15:28:44.202871-04:00","Action":"fail","Package":"fairdrop/internal/stream","Test":"TestWriteToConcurrentCallersStreamExactlyOnce/file","Elapsed":0}
{"Time":"2026-10-07T15:28:44.202885-04:00","Action":"run","Package":"fairdrop/internal/stream","Test":"TestWriteToConcurrentCallersStreamExactlyOnce/folder"}
{"Time":"2026-10-07T15:28:44.202889-04:00","Action":"output","Package":"fairdrop/internal/stream","Test":"TestWriteToConcurrentCallersStreamExactlyOnce/folder","Output":"=== RUN   TestWriteToConcurrentCallersStreamExactlyOnce/folder\n","OutputType":"frame"}
{"Time":"2026-10-07T15:28:44.204152-04:00","Action":"output","Package":"fairdrop/internal/stream","Test":"TestWriteToConcurrentCallersStreamExactlyOnce/folder","Output":"--- PASS: TestWriteToConcurrentCallersStreamExactlyOnce/folder (0.00s)\n","OutputType":"frame"}
{"Time":"2026-10-07T15:28:44.20416-04:00","Action":"pass","Package":"fairdrop/internal/stream","Test":"TestWriteToConcurrentCallersStreamExactlyOnce/folder","Elapsed":0}
{"Time":"2026-10-07T15:28:44.204165-04:00","Action":"output","Package":"fairdrop/internal/stream","Test":"TestWriteToConcurrentCallersStreamExactlyOnce","Output":"--- FAIL: TestWriteToConcurrentCallersStreamExactlyOnce (0.00s)\n","OutputType":"frame"}
{"Time":"2026-10-07T15:28:44.204169-04:00","Action":"fail","Package":"fairdrop/internal/stream","Test":"TestWriteToConcurrentCallersStreamExactlyOnce","Elapsed":0}
{"Time":"2026-10-07T15:28:44.204173-04:00","Action":"output","Package":"fairdrop/internal/stream","Output":"FAIL\n","OutputType":"frame"}
{"Time":"2026-10-07T15:28:44.204731-04:00","Action":"output","Package":"fairdrop/internal/stream","Output":"FAIL\tfairdrop/internal/stream\t0.239s\n","OutputType":"frame"}
{"Time":"2026-10-07T15:28:44.204748-04:00","Action":"fail","Package":"fairdrop/internal/stream","Elapsed":0.239}
KILLED: allow a concurrent file reader by TestWriteToConcurrentCallersStreamExactlyOnce (expected injected assertion failure, not a product failure)
EXPECTED INJECTED FAILURE: allow a concurrent archive writer; requires 'concurrent second WriteTo walked or consumed source bytes instead of refusing ownership' in a failing test/subtest of TestWriteToConcurrentCallersStreamExactlyOnce
{"Time":"2026-10-07T15:28:44.773044-04:00","Action":"start","Package":"fairdrop/internal/stream"}
{"Time":"2026-10-07T15:28:45.001827-04:00","Action":"run","Package":"fairdrop/internal/stream","Test":"TestWriteToConcurrentCallersStreamExactlyOnce"}
{"Time":"2026-10-07T15:28:45.001919-04:00","Action":"output","Package":"fairdrop/internal/stream","Test":"TestWriteToConcurrentCallersStreamExactlyOnce","Output":"=== RUN   TestWriteToConcurrentCallersStreamExactlyOnce\n","OutputType":"frame"}
{"Time":"2026-10-07T15:28:45.001984-04:00","Action":"run","Package":"fairdrop/internal/stream","Test":"TestWriteToConcurrentCallersStreamExactlyOnce/file"}
{"Time":"2026-10-07T15:28:45.001994-04:00","Action":"output","Package":"fairdrop/internal/stream","Test":"TestWriteToConcurrentCallersStreamExactlyOnce/file","Output":"=== RUN   TestWriteToConcurrentCallersStreamExactlyOnce/file\n","OutputType":"frame"}
{"Time":"2026-10-07T15:28:45.003011-04:00","Action":"output","Package":"fairdrop/internal/stream","Test":"TestWriteToConcurrentCallersStreamExactlyOnce/file","Output":"--- PASS: TestWriteToConcurrentCallersStreamExactlyOnce/file (0.00s)\n","OutputType":"frame"}
{"Time":"2026-10-07T15:28:45.003026-04:00","Action":"pass","Package":"fairdrop/internal/stream","Test":"TestWriteToConcurrentCallersStreamExactlyOnce/file","Elapsed":0}
{"Time":"2026-10-07T15:28:45.003035-04:00","Action":"run","Package":"fairdrop/internal/stream","Test":"TestWriteToConcurrentCallersStreamExactlyOnce/folder"}
{"Time":"2026-10-07T15:28:45.003039-04:00","Action":"output","Package":"fairdrop/internal/stream","Test":"TestWriteToConcurrentCallersStreamExactlyOnce/folder","Output":"=== RUN   TestWriteToConcurrentCallersStreamExactlyOnce/folder\n","OutputType":"frame"}
{"Time":"2026-10-07T15:28:45.004095-04:00","Action":"output","Package":"fairdrop/internal/stream","Test":"TestWriteToConcurrentCallersStreamExactlyOnce/folder","Output":"    payload_concurrent_test.go:117: concurrent second WriteTo walked or consumed source bytes instead of refusing ownership\n","OutputType":"error"}
{"Time":"2026-10-07T15:28:45.004748-04:00","Action":"output","Package":"fairdrop/internal/stream","Test":"TestWriteToConcurrentCallersStreamExactlyOnce/folder","Output":"--- FAIL: TestWriteToConcurrentCallersStreamExactlyOnce/folder (0.00s)\n","OutputType":"frame"}
{"Time":"2026-10-07T15:28:45.004768-04:00","Action":"fail","Package":"fairdrop/internal/stream","Test":"TestWriteToConcurrentCallersStreamExactlyOnce/folder","Elapsed":0}
{"Time":"2026-10-07T15:28:45.004781-04:00","Action":"output","Package":"fairdrop/internal/stream","Test":"TestWriteToConcurrentCallersStreamExactlyOnce","Output":"--- FAIL: TestWriteToConcurrentCallersStreamExactlyOnce (0.00s)\n","OutputType":"frame"}
{"Time":"2026-10-07T15:28:45.004794-04:00","Action":"fail","Package":"fairdrop/internal/stream","Test":"TestWriteToConcurrentCallersStreamExactlyOnce","Elapsed":0}
{"Time":"2026-10-07T15:28:45.004813-04:00","Action":"output","Package":"fairdrop/internal/stream","Output":"FAIL\n","OutputType":"frame"}
{"Time":"2026-10-07T15:28:45.006255-04:00","Action":"output","Package":"fairdrop/internal/stream","Output":"FAIL\tfairdrop/internal/stream\t0.233s\n","OutputType":"frame"}
{"Time":"2026-10-07T15:28:45.006278-04:00","Action":"fail","Package":"fairdrop/internal/stream","Elapsed":0.233}
KILLED: allow a concurrent archive writer by TestWriteToConcurrentCallersStreamExactlyOnce (expected injected assertion failure, not a product failure)
EXPECTED INJECTED FAILURE: ignore final short write; requires 'failed final write was not reported as transfer_failed' in a failing test/subtest of TestNaturalCompletionWaitsForHTTPFinalization
{"Time":"2026-10-07T15:28:45.653525-04:00","Action":"start","Package":"fairdrop/internal/server"}
{"Time":"2026-10-07T15:28:45.909587-04:00","Action":"run","Package":"fairdrop/internal/server","Test":"TestNaturalCompletionWaitsForHTTPFinalization"}
{"Time":"2026-10-07T15:28:45.909696-04:00","Action":"output","Package":"fairdrop/internal/server","Test":"TestNaturalCompletionWaitsForHTTPFinalization","Output":"=== RUN   TestNaturalCompletionWaitsForHTTPFinalization\n","OutputType":"frame"}
{"Time":"2026-10-07T15:28:45.909754-04:00","Action":"run","Package":"fairdrop/internal/server","Test":"TestNaturalCompletionWaitsForHTTPFinalization/file/success"}
{"Time":"2026-10-07T15:28:45.909761-04:00","Action":"output","Package":"fairdrop/internal/server","Test":"TestNaturalCompletionWaitsForHTTPFinalization/file/success","Output":"=== RUN   TestNaturalCompletionWaitsForHTTPFinalization/file/success\n","OutputType":"frame"}
{"Time":"2026-10-07T15:28:45.911059-04:00","Action":"output","Package":"fairdrop/internal/server","Test":"TestNaturalCompletionWaitsForHTTPFinalization/file/success","Output":"--- PASS: TestNaturalCompletionWaitsForHTTPFinalization/file/success (0.00s)\n","OutputType":"frame"}
{"Time":"2026-10-07T15:28:45.911072-04:00","Action":"pass","Package":"fairdrop/internal/server","Test":"TestNaturalCompletionWaitsForHTTPFinalization/file/success","Elapsed":0}
{"Time":"2026-10-07T15:28:45.911086-04:00","Action":"run","Package":"fairdrop/internal/server","Test":"TestNaturalCompletionWaitsForHTTPFinalization/file/write-error"}
{"Time":"2026-10-07T15:28:45.911091-04:00","Action":"output","Package":"fairdrop/internal/server","Test":"TestNaturalCompletionWaitsForHTTPFinalization/file/write-error","Output":"=== RUN   TestNaturalCompletionWaitsForHTTPFinalization/file/write-error\n","OutputType":"frame"}
{"Time":"2026-10-07T15:28:45.91159-04:00","Action":"output","Package":"fairdrop/internal/server","Test":"TestNaturalCompletionWaitsForHTTPFinalization/file/write-error","Output":"--- PASS: TestNaturalCompletionWaitsForHTTPFinalization/file/write-error (0.00s)\n","OutputType":"frame"}
{"Time":"2026-10-07T15:28:45.911624-04:00","Action":"pass","Package":"fairdrop/internal/server","Test":"TestNaturalCompletionWaitsForHTTPFinalization/file/write-error","Elapsed":0}
{"Time":"2026-10-07T15:28:45.911647-04:00","Action":"run","Package":"fairdrop/internal/server","Test":"TestNaturalCompletionWaitsForHTTPFinalization/file/short-write"}
{"Time":"2026-10-07T15:28:45.911652-04:00","Action":"output","Package":"fairdrop/internal/server","Test":"TestNaturalCompletionWaitsForHTTPFinalization/file/short-write","Output":"=== RUN   TestNaturalCompletionWaitsForHTTPFinalization/file/short-write\n","OutputType":"frame"}
{"Time":"2026-10-07T15:28:45.911955-04:00","Action":"output","Package":"fairdrop/internal/server","Test":"TestNaturalCompletionWaitsForHTTPFinalization/file/short-write","Output":"    finalization_test.go:87: failed final write was not reported as transfer_failed\n","OutputType":"error"}
{"Time":"2026-10-07T15:28:45.911985-04:00","Action":"output","Package":"fairdrop/internal/server","Test":"TestNaturalCompletionWaitsForHTTPFinalization/file/short-write","Output":"--- FAIL: TestNaturalCompletionWaitsForHTTPFinalization/file/short-write (0.00s)\n","OutputType":"frame"}
{"Time":"2026-10-07T15:28:45.911992-04:00","Action":"fail","Package":"fairdrop/internal/server","Test":"TestNaturalCompletionWaitsForHTTPFinalization/file/short-write","Elapsed":0}
{"Time":"2026-10-07T15:28:45.911997-04:00","Action":"run","Package":"fairdrop/internal/server","Test":"TestNaturalCompletionWaitsForHTTPFinalization/file/cancel"}
{"Time":"2026-10-07T15:28:45.912001-04:00","Action":"output","Package":"fairdrop/internal/server","Test":"TestNaturalCompletionWaitsForHTTPFinalization/file/cancel","Output":"=== RUN   TestNaturalCompletionWaitsForHTTPFinalization/file/cancel\n","OutputType":"frame"}
{"Time":"2026-10-07T15:28:45.912338-04:00","Action":"output","Package":"fairdrop/internal/server","Test":"TestNaturalCompletionWaitsForHTTPFinalization/file/cancel","Output":"--- PASS: TestNaturalCompletionWaitsForHTTPFinalization/file/cancel (0.00s)\n","OutputType":"frame"}
{"Time":"2026-10-07T15:28:45.912378-04:00","Action":"pass","Package":"fairdrop/internal/server","Test":"TestNaturalCompletionWaitsForHTTPFinalization/file/cancel","Elapsed":0}
{"Time":"2026-10-07T15:28:45.912382-04:00","Action":"run","Package":"fairdrop/internal/server","Test":"TestNaturalCompletionWaitsForHTTPFinalization/file/disconnect"}
{"Time":"2026-10-07T15:28:45.912386-04:00","Action":"output","Package":"fairdrop/internal/server","Test":"TestNaturalCompletionWaitsForHTTPFinalization/file/disconnect","Output":"=== RUN   TestNaturalCompletionWaitsForHTTPFinalization/file/disconnect\n","OutputType":"frame"}
{"Time":"2026-10-07T15:28:45.963006-04:00","Action":"output","Package":"fairdrop/internal/server","Test":"TestNaturalCompletionWaitsForHTTPFinalization/file/disconnect","Output":"--- PASS: TestNaturalCompletionWaitsForHTTPFinalization/file/disconnect (0.05s)\n","OutputType":"frame"}
{"Time":"2026-10-07T15:28:45.964499-04:00","Action":"pass","Package":"fairdrop/internal/server","Test":"TestNaturalCompletionWaitsForHTTPFinalization/file/disconnect","Elapsed":0.05}
{"Time":"2026-10-07T15:28:45.964572-04:00","Action":"run","Package":"fairdrop/internal/server","Test":"TestNaturalCompletionWaitsForHTTPFinalization/chunked/success"}
{"Time":"2026-10-07T15:28:45.964595-04:00","Action":"output","Package":"fairdrop/internal/server","Test":"TestNaturalCompletionWaitsForHTTPFinalization/chunked/success","Output":"=== RUN   TestNaturalCompletionWaitsForHTTPFinalization/chunked/success\n","OutputType":"frame"}
{"Time":"2026-10-07T15:28:45.964608-04:00","Action":"output","Package":"fairdrop/internal/server","Test":"TestNaturalCompletionWaitsForHTTPFinalization/chunked/success","Output":"--- PASS: TestNaturalCompletionWaitsForHTTPFinalization/chunked/success (0.00s)\n","OutputType":"frame"}
{"Time":"2026-10-07T15:28:45.964612-04:00","Action":"pass","Package":"fairdrop/internal/server","Test":"TestNaturalCompletionWaitsForHTTPFinalization/chunked/success","Elapsed":0}
{"Time":"2026-10-07T15:28:45.96462-04:00","Action":"run","Package":"fairdrop/internal/server","Test":"TestNaturalCompletionWaitsForHTTPFinalization/chunked/write-error"}
{"Time":"2026-10-07T15:28:45.964624-04:00","Action":"output","Package":"fairdrop/internal/server","Test":"TestNaturalCompletionWaitsForHTTPFinalization/chunked/write-error","Output":"=== RUN   TestNaturalCompletionWaitsForHTTPFinalization/chunked/write-error\n","OutputType":"frame"}
{"Time":"2026-10-07T15:28:45.964629-04:00","Action":"output","Package":"fairdrop/internal/server","Test":"TestNaturalCompletionWaitsForHTTPFinalization/chunked/write-error","Output":"--- PASS: TestNaturalCompletionWaitsForHTTPFinalization/chunked/write-error (0.00s)\n","OutputType":"frame"}
{"Time":"2026-10-07T15:28:45.964642-04:00","Action":"pass","Package":"fairdrop/internal/server","Test":"TestNaturalCompletionWaitsForHTTPFinalization/chunked/write-error","Elapsed":0}
{"Time":"2026-10-07T15:28:45.964656-04:00","Action":"run","Package":"fairdrop/internal/server","Test":"TestNaturalCompletionWaitsForHTTPFinalization/chunked/short-write"}
{"Time":"2026-10-07T15:28:45.964661-04:00","Action":"output","Package":"fairdrop/internal/server","Test":"TestNaturalCompletionWaitsForHTTPFinalization/chunked/short-write","Output":"=== RUN   TestNaturalCompletionWaitsForHTTPFinalization/chunked/short-write\n","OutputType":"frame"}
{"Time":"2026-10-07T15:28:45.964666-04:00","Action":"output","Package":"fairdrop/internal/server","Test":"TestNaturalCompletionWaitsForHTTPFinalization/chunked/short-write","Output":"    finalization_test.go:87: failed final write was not reported as transfer_failed\n","OutputType":"error"}
{"Time":"2026-10-07T15:28:45.964695-04:00","Action":"output","Package":"fairdrop/internal/server","Test":"TestNaturalCompletionWaitsForHTTPFinalization/chunked/short-write","Output":"--- FAIL: TestNaturalCompletionWaitsForHTTPFinalization/chunked/short-write (0.00s)\n","OutputType":"frame"}
{"Time":"2026-10-07T15:28:45.9647-04:00","Action":"fail","Package":"fairdrop/internal/server","Test":"TestNaturalCompletionWaitsForHTTPFinalization/chunked/short-write","Elapsed":0}
{"Time":"2026-10-07T15:28:45.96471-04:00","Action":"run","Package":"fairdrop/internal/server","Test":"TestNaturalCompletionWaitsForHTTPFinalization/chunked/cancel"}
{"Time":"2026-10-07T15:28:45.964713-04:00","Action":"output","Package":"fairdrop/internal/server","Test":"TestNaturalCompletionWaitsForHTTPFinalization/chunked/cancel","Output":"=== RUN   TestNaturalCompletionWaitsForHTTPFinalization/chunked/cancel\n","OutputType":"frame"}
{"Time":"2026-10-07T15:28:45.964717-04:00","Action":"output","Package":"fairdrop/internal/server","Test":"TestNaturalCompletionWaitsForHTTPFinalization/chunked/cancel","Output":"--- PASS: TestNaturalCompletionWaitsForHTTPFinalization/chunked/cancel (0.00s)\n","OutputType":"frame"}
{"Time":"2026-10-07T15:28:45.964721-04:00","Action":"pass","Package":"fairdrop/internal/server","Test":"TestNaturalCompletionWaitsForHTTPFinalization/chunked/cancel","Elapsed":0}
{"Time":"2026-10-07T15:28:45.964723-04:00","Action":"run","Package":"fairdrop/internal/server","Test":"TestNaturalCompletionWaitsForHTTPFinalization/chunked/disconnect"}
{"Time":"2026-10-07T15:28:45.964727-04:00","Action":"output","Package":"fairdrop/internal/server","Test":"TestNaturalCompletionWaitsForHTTPFinalization/chunked/disconnect","Output":"=== RUN   TestNaturalCompletionWaitsForHTTPFinalization/chunked/disconnect\n","OutputType":"frame"}
{"Time":"2026-10-07T15:28:46.017037-04:00","Action":"output","Package":"fairdrop/internal/server","Test":"TestNaturalCompletionWaitsForHTTPFinalization/chunked/disconnect","Output":"--- PASS: TestNaturalCompletionWaitsForHTTPFinalization/chunked/disconnect (0.05s)\n","OutputType":"frame"}
{"Time":"2026-10-07T15:28:46.017074-04:00","Action":"pass","Package":"fairdrop/internal/server","Test":"TestNaturalCompletionWaitsForHTTPFinalization/chunked/disconnect","Elapsed":0.05}
{"Time":"2026-10-07T15:28:46.017082-04:00","Action":"output","Package":"fairdrop/internal/server","Test":"TestNaturalCompletionWaitsForHTTPFinalization","Output":"--- FAIL: TestNaturalCompletionWaitsForHTTPFinalization (0.11s)\n","OutputType":"frame"}
{"Time":"2026-10-07T15:28:46.017103-04:00","Action":"fail","Package":"fairdrop/internal/server","Test":"TestNaturalCompletionWaitsForHTTPFinalization","Elapsed":0.11}
{"Time":"2026-10-07T15:28:46.017109-04:00","Action":"output","Package":"fairdrop/internal/server","Output":"FAIL\n","OutputType":"frame"}
{"Time":"2026-10-07T15:28:46.017971-04:00","Action":"output","Package":"fairdrop/internal/server","Output":"FAIL\tfairdrop/internal/server\t0.364s\n","OutputType":"frame"}
{"Time":"2026-10-07T15:28:46.017998-04:00","Action":"fail","Package":"fairdrop/internal/server","Elapsed":0.364}
KILLED: ignore final short write by TestNaturalCompletionWaitsForHTTPFinalization (expected injected assertion failure, not a product failure)
EXPECTED INJECTED FAILURE: publish preparation failure before 410 finalization; requires 'unexpected failed event' in a failing test/subtest of TestPreparationFailureFinalizes410BeforeTerminalTeardown
{"Time":"2026-10-07T15:28:46.676392-04:00","Action":"start","Package":"fairdrop/internal/server"}
{"Time":"2026-10-07T15:28:46.919307-04:00","Action":"run","Package":"fairdrop/internal/server","Test":"TestPreparationFailureFinalizes410BeforeTerminalTeardown"}
{"Time":"2026-10-07T15:28:46.919404-04:00","Action":"output","Package":"fairdrop/internal/server","Test":"TestPreparationFailureFinalizes410BeforeTerminalTeardown","Output":"=== RUN   TestPreparationFailureFinalizes410BeforeTerminalTeardown\n","OutputType":"frame"}
{"Time":"2026-10-07T15:28:46.920764-04:00","Action":"output","Package":"fairdrop/internal/server","Test":"TestPreparationFailureFinalizes410BeforeTerminalTeardown","Output":"    finalization_test.go:122: unexpected failed event\n","OutputType":"error"}
{"Time":"2026-10-07T15:28:46.920916-04:00","Action":"output","Package":"fairdrop/internal/server","Test":"TestPreparationFailureFinalizes410BeforeTerminalTeardown","Output":"--- FAIL: TestPreparationFailureFinalizes410BeforeTerminalTeardown (0.00s)\n","OutputType":"frame"}
{"Time":"2026-10-07T15:28:46.920932-04:00","Action":"fail","Package":"fairdrop/internal/server","Test":"TestPreparationFailureFinalizes410BeforeTerminalTeardown","Elapsed":0}
{"Time":"2026-10-07T15:28:46.920948-04:00","Action":"output","Package":"fairdrop/internal/server","Output":"FAIL\n","OutputType":"frame"}
{"Time":"2026-10-07T15:28:46.921603-04:00","Action":"output","Package":"fairdrop/internal/server","Output":"FAIL\tfairdrop/internal/server\t0.245s\n","OutputType":"frame"}
{"Time":"2026-10-07T15:28:46.921617-04:00","Action":"fail","Package":"fairdrop/internal/server","Elapsed":0.245}
KILLED: publish preparation failure before 410 finalization by TestPreparationFailureFinalizes410BeforeTerminalTeardown (expected injected assertion failure, not a product failure)
EXPECTED INJECTED FAILURE: resolve the selected leaf; requires 'entry resolution changed traversal refusal' in a failing test/subtest of TestStageTransferRefusesSelectedSymlinkAndPreservesTraversalRefusals
{"Time":"2026-10-07T15:28:49.165129-04:00","Action":"start","Package":"fairdrop"}
{"Time":"2026-10-07T15:28:49.42229-04:00","Action":"run","Package":"fairdrop","Test":"TestStageTransferRefusesSelectedSymlinkAndPreservesTraversalRefusals"}
{"Time":"2026-10-07T15:28:49.422368-04:00","Action":"output","Package":"fairdrop","Test":"TestStageTransferRefusesSelectedSymlinkAndPreservesTraversalRefusals","Output":"=== RUN   TestStageTransferRefusesSelectedSymlinkAndPreservesTraversalRefusals\n","OutputType":"frame"}
{"Time":"2026-10-07T15:28:49.422782-04:00","Action":"run","Package":"fairdrop","Test":"TestStageTransferRefusesSelectedSymlinkAndPreservesTraversalRefusals/directory-link"}
{"Time":"2026-10-07T15:28:49.422794-04:00","Action":"output","Package":"fairdrop","Test":"TestStageTransferRefusesSelectedSymlinkAndPreservesTraversalRefusals/directory-link","Output":"=== RUN   TestStageTransferRefusesSelectedSymlinkAndPreservesTraversalRefusals/directory-link\n","OutputType":"frame"}
{"Time":"2026-10-07T15:28:49.429985-04:00","Action":"output","Package":"fairdrop","Test":"TestStageTransferRefusesSelectedSymlinkAndPreservesTraversalRefusals/directory-link","Output":"    native_matrix_test.go:557: entry resolution changed traversal refusal: code= want=path_unsupported\n","OutputType":"error"}
{"Time":"2026-10-07T15:28:49.430137-04:00","Action":"output","Package":"fairdrop","Test":"TestStageTransferRefusesSelectedSymlinkAndPreservesTraversalRefusals/directory-link","Output":"--- FAIL: TestStageTransferRefusesSelectedSymlinkAndPreservesTraversalRefusals/directory-link (0.01s)\n","OutputType":"frame"}
{"Time":"2026-10-07T15:28:49.430154-04:00","Action":"fail","Package":"fairdrop","Test":"TestStageTransferRefusesSelectedSymlinkAndPreservesTraversalRefusals/directory-link","Elapsed":0.01}
{"Time":"2026-10-07T15:28:49.43017-04:00","Action":"run","Package":"fairdrop","Test":"TestStageTransferRefusesSelectedSymlinkAndPreservesTraversalRefusals/file-link"}
{"Time":"2026-10-07T15:28:49.430174-04:00","Action":"output","Package":"fairdrop","Test":"TestStageTransferRefusesSelectedSymlinkAndPreservesTraversalRefusals/file-link","Output":"=== RUN   TestStageTransferRefusesSelectedSymlinkAndPreservesTraversalRefusals/file-link\n","OutputType":"frame"}
{"Time":"2026-10-07T15:28:49.436376-04:00","Action":"output","Package":"fairdrop","Test":"TestStageTransferRefusesSelectedSymlinkAndPreservesTraversalRefusals/file-link","Output":"    native_matrix_test.go:557: entry resolution changed traversal refusal: code= want=path_unsupported\n","OutputType":"error"}
{"Time":"2026-10-07T15:28:49.436447-04:00","Action":"output","Package":"fairdrop","Test":"TestStageTransferRefusesSelectedSymlinkAndPreservesTraversalRefusals/file-link","Output":"--- FAIL: TestStageTransferRefusesSelectedSymlinkAndPreservesTraversalRefusals/file-link (0.01s)\n","OutputType":"frame"}
{"Time":"2026-10-07T15:28:49.436455-04:00","Action":"fail","Package":"fairdrop","Test":"TestStageTransferRefusesSelectedSymlinkAndPreservesTraversalRefusals/file-link","Elapsed":0.01}
{"Time":"2026-10-07T15:28:49.436469-04:00","Action":"run","Package":"fairdrop","Test":"TestStageTransferRefusesSelectedSymlinkAndPreservesTraversalRefusals/trailing-link"}
{"Time":"2026-10-07T15:28:49.436473-04:00","Action":"output","Package":"fairdrop","Test":"TestStageTransferRefusesSelectedSymlinkAndPreservesTraversalRefusals/trailing-link","Output":"=== RUN   TestStageTransferRefusesSelectedSymlinkAndPreservesTraversalRefusals/trailing-link\n","OutputType":"frame"}
{"Time":"2026-10-07T15:28:49.442326-04:00","Action":"output","Package":"fairdrop","Test":"TestStageTransferRefusesSelectedSymlinkAndPreservesTraversalRefusals/trailing-link","Output":"    native_matrix_test.go:557: entry resolution changed traversal refusal: code= want=path_unsupported\n","OutputType":"error"}
{"Time":"2026-10-07T15:28:49.44238-04:00","Action":"output","Package":"fairdrop","Test":"TestStageTransferRefusesSelectedSymlinkAndPreservesTraversalRefusals/trailing-link","Output":"--- FAIL: TestStageTransferRefusesSelectedSymlinkAndPreservesTraversalRefusals/trailing-link (0.01s)\n","OutputType":"frame"}
{"Time":"2026-10-07T15:28:49.442392-04:00","Action":"fail","Package":"fairdrop","Test":"TestStageTransferRefusesSelectedSymlinkAndPreservesTraversalRefusals/trailing-link","Elapsed":0.01}
{"Time":"2026-10-07T15:28:49.442398-04:00","Action":"run","Package":"fairdrop","Test":"TestStageTransferRefusesSelectedSymlinkAndPreservesTraversalRefusals/link-dot"}
{"Time":"2026-10-07T15:28:49.442401-04:00","Action":"output","Package":"fairdrop","Test":"TestStageTransferRefusesSelectedSymlinkAndPreservesTraversalRefusals/link-dot","Output":"=== RUN   TestStageTransferRefusesSelectedSymlinkAndPreservesTraversalRefusals/link-dot\n","OutputType":"frame"}
{"Time":"2026-10-07T15:28:49.442488-04:00","Action":"output","Package":"fairdrop","Test":"TestStageTransferRefusesSelectedSymlinkAndPreservesTraversalRefusals/link-dot","Output":"--- PASS: TestStageTransferRefusesSelectedSymlinkAndPreservesTraversalRefusals/link-dot (0.00s)\n","OutputType":"frame"}
{"Time":"2026-10-07T15:28:49.442494-04:00","Action":"pass","Package":"fairdrop","Test":"TestStageTransferRefusesSelectedSymlinkAndPreservesTraversalRefusals/link-dot","Elapsed":0}
{"Time":"2026-10-07T15:28:49.442507-04:00","Action":"run","Package":"fairdrop","Test":"TestStageTransferRefusesSelectedSymlinkAndPreservesTraversalRefusals/link-parent"}
{"Time":"2026-10-07T15:28:49.442511-04:00","Action":"output","Package":"fairdrop","Test":"TestStageTransferRefusesSelectedSymlinkAndPreservesTraversalRefusals/link-parent","Output":"=== RUN   TestStageTransferRefusesSelectedSymlinkAndPreservesTraversalRefusals/link-parent\n","OutputType":"frame"}
{"Time":"2026-10-07T15:28:49.442567-04:00","Action":"output","Package":"fairdrop","Test":"TestStageTransferRefusesSelectedSymlinkAndPreservesTraversalRefusals/link-parent","Output":"--- PASS: TestStageTransferRefusesSelectedSymlinkAndPreservesTraversalRefusals/link-parent (0.00s)\n","OutputType":"frame"}
{"Time":"2026-10-07T15:28:49.442583-04:00","Action":"pass","Package":"fairdrop","Test":"TestStageTransferRefusesSelectedSymlinkAndPreservesTraversalRefusals/link-parent","Elapsed":0}
{"Time":"2026-10-07T15:28:49.44259-04:00","Action":"run","Package":"fairdrop","Test":"TestStageTransferRefusesSelectedSymlinkAndPreservesTraversalRefusals/trailing-file"}
{"Time":"2026-10-07T15:28:49.442593-04:00","Action":"output","Package":"fairdrop","Test":"TestStageTransferRefusesSelectedSymlinkAndPreservesTraversalRefusals/trailing-file","Output":"=== RUN   TestStageTransferRefusesSelectedSymlinkAndPreservesTraversalRefusals/trailing-file\n","OutputType":"frame"}
{"Time":"2026-10-07T15:28:49.442679-04:00","Action":"output","Package":"fairdrop","Test":"TestStageTransferRefusesSelectedSymlinkAndPreservesTraversalRefusals/trailing-file","Output":"--- PASS: TestStageTransferRefusesSelectedSymlinkAndPreservesTraversalRefusals/trailing-file (0.00s)\n","OutputType":"frame"}
{"Time":"2026-10-07T15:28:49.442686-04:00","Action":"pass","Package":"fairdrop","Test":"TestStageTransferRefusesSelectedSymlinkAndPreservesTraversalRefusals/trailing-file","Elapsed":0}
{"Time":"2026-10-07T15:28:49.44269-04:00","Action":"run","Package":"fairdrop","Test":"TestStageTransferRefusesSelectedSymlinkAndPreservesTraversalRefusals/file-parent"}
{"Time":"2026-10-07T15:28:49.442693-04:00","Action":"output","Package":"fairdrop","Test":"TestStageTransferRefusesSelectedSymlinkAndPreservesTraversalRefusals/file-parent","Output":"=== RUN   TestStageTransferRefusesSelectedSymlinkAndPreservesTraversalRefusals/file-parent\n","OutputType":"frame"}
{"Time":"2026-10-07T15:28:49.44277-04:00","Action":"output","Package":"fairdrop","Test":"TestStageTransferRefusesSelectedSymlinkAndPreservesTraversalRefusals/file-parent","Output":"--- PASS: TestStageTransferRefusesSelectedSymlinkAndPreservesTraversalRefusals/file-parent (0.00s)\n","OutputType":"frame"}
{"Time":"2026-10-07T15:28:49.442776-04:00","Action":"pass","Package":"fairdrop","Test":"TestStageTransferRefusesSelectedSymlinkAndPreservesTraversalRefusals/file-parent","Elapsed":0}
{"Time":"2026-10-07T15:28:49.443184-04:00","Action":"output","Package":"fairdrop","Test":"TestStageTransferRefusesSelectedSymlinkAndPreservesTraversalRefusals","Output":"--- FAIL: TestStageTransferRefusesSelectedSymlinkAndPreservesTraversalRefusals (0.02s)\n","OutputType":"frame"}
{"Time":"2026-10-07T15:28:49.443194-04:00","Action":"fail","Package":"fairdrop","Test":"TestStageTransferRefusesSelectedSymlinkAndPreservesTraversalRefusals","Elapsed":0.02}
{"Time":"2026-10-07T15:28:49.443199-04:00","Action":"output","Package":"fairdrop","Output":"FAIL\n","OutputType":"frame"}
{"Time":"2026-10-07T15:28:49.444291-04:00","Action":"output","Package":"fairdrop","Output":"FAIL\tfairdrop\t0.279s\n","OutputType":"frame"}
{"Time":"2026-10-07T15:28:49.444311-04:00","Action":"fail","Package":"fairdrop","Elapsed":0.279}
KILLED: resolve the selected leaf by TestStageTransferRefusesSelectedSymlinkAndPreservesTraversalRefusals (expected injected assertion failure, not a product failure)
EXPECTED INJECTED FAILURE: remove Linux adapter job; requires 'Linux adapter verification job is missing' in a failing test/subtest of TestVerifyWorkflowLinuxJobIsAdapterVerificationOnly
{"Time":"2026-10-07T15:28:50.173663-04:00","Action":"start","Package":"fairdrop"}
{"Time":"2026-10-07T15:28:50.420488-04:00","Action":"run","Package":"fairdrop","Test":"TestVerifyWorkflowLinuxJobIsAdapterVerificationOnly"}
{"Time":"2026-10-07T15:28:50.420558-04:00","Action":"output","Package":"fairdrop","Test":"TestVerifyWorkflowLinuxJobIsAdapterVerificationOnly","Output":"=== RUN   TestVerifyWorkflowLinuxJobIsAdapterVerificationOnly\n","OutputType":"frame"}
{"Time":"2026-10-07T15:28:50.420683-04:00","Action":"output","Package":"fairdrop","Test":"TestVerifyWorkflowLinuxJobIsAdapterVerificationOnly","Output":"    verify_workflow_test.go:118: Linux adapter verification job is missing\n","OutputType":"error"}
{"Time":"2026-10-07T15:28:50.4208-04:00","Action":"output","Package":"fairdrop","Test":"TestVerifyWorkflowLinuxJobIsAdapterVerificationOnly","Output":"--- FAIL: TestVerifyWorkflowLinuxJobIsAdapterVerificationOnly (0.00s)\n","OutputType":"frame"}
{"Time":"2026-10-07T15:28:50.420809-04:00","Action":"fail","Package":"fairdrop","Test":"TestVerifyWorkflowLinuxJobIsAdapterVerificationOnly","Elapsed":0}
{"Time":"2026-10-07T15:28:50.420827-04:00","Action":"output","Package":"fairdrop","Output":"FAIL\n","OutputType":"frame"}
{"Time":"2026-10-07T15:28:50.421401-04:00","Action":"output","Package":"fairdrop","Output":"FAIL\tfairdrop\t0.247s\n","OutputType":"frame"}
{"Time":"2026-10-07T15:28:50.421415-04:00","Action":"fail","Package":"fairdrop","Elapsed":0.248}
KILLED: remove Linux adapter job by TestVerifyWorkflowLinuxJobIsAdapterVerificationOnly (expected injected assertion failure, not a product failure)
EXPECTED INJECTED FAILURE: remove native lock smoke; requires 'native proof gates missing or misplaced: [Native macOS unusable-lock launch smoke]' in a failing test/subtest of TestVerifyWorkflowPinsNativeProofGatesToTheirJobsAndPlatforms
{"Time":"2026-10-07T15:28:51.173707-04:00","Action":"start","Package":"fairdrop"}
{"Time":"2026-10-07T15:28:51.413574-04:00","Action":"run","Package":"fairdrop","Test":"TestVerifyWorkflowPinsNativeProofGatesToTheirJobsAndPlatforms"}
{"Time":"2026-10-07T15:28:51.413669-04:00","Action":"output","Package":"fairdrop","Test":"TestVerifyWorkflowPinsNativeProofGatesToTheirJobsAndPlatforms","Output":"=== RUN   TestVerifyWorkflowPinsNativeProofGatesToTheirJobsAndPlatforms\n","OutputType":"frame"}
{"Time":"2026-10-07T15:28:51.413926-04:00","Action":"output","Package":"fairdrop","Test":"TestVerifyWorkflowPinsNativeProofGatesToTheirJobsAndPlatforms","Output":"    verify_workflow_test.go:278: native proof gates missing or misplaced: [Native macOS unusable-lock launch smoke]\n","OutputType":"error"}
{"Time":"2026-10-07T15:28:51.413998-04:00","Action":"output","Package":"fairdrop","Test":"TestVerifyWorkflowPinsNativeProofGatesToTheirJobsAndPlatforms","Output":"--- FAIL: TestVerifyWorkflowPinsNativeProofGatesToTheirJobsAndPlatforms (0.00s)\n","OutputType":"frame"}
{"Time":"2026-10-07T15:28:51.414026-04:00","Action":"fail","Package":"fairdrop","Test":"TestVerifyWorkflowPinsNativeProofGatesToTheirJobsAndPlatforms","Elapsed":0}
{"Time":"2026-10-07T15:28:51.414038-04:00","Action":"output","Package":"fairdrop","Output":"FAIL\n","OutputType":"frame"}
{"Time":"2026-10-07T15:28:51.414727-04:00","Action":"output","Package":"fairdrop","Output":"FAIL\tfairdrop\t0.241s\n","OutputType":"frame"}
{"Time":"2026-10-07T15:28:51.414742-04:00","Action":"fail","Package":"fairdrop","Elapsed":0.241}
KILLED: remove native lock smoke by TestVerifyWorkflowPinsNativeProofGatesToTheirJobsAndPlatforms (expected injected assertion failure, not a product failure)
EXPECTED INJECTED FAILURE: remove mutation gates; requires 'native proof gates missing or misplaced: [Prove native acceptance tests detect broken guards' in a failing test/subtest of TestVerifyWorkflowPinsNativeProofGatesToTheirJobsAndPlatforms
{"Time":"2026-10-07T15:28:52.17017-04:00","Action":"start","Package":"fairdrop"}
{"Time":"2026-10-07T15:28:52.415494-04:00","Action":"run","Package":"fairdrop","Test":"TestVerifyWorkflowPinsNativeProofGatesToTheirJobsAndPlatforms"}
{"Time":"2026-10-07T15:28:52.415569-04:00","Action":"output","Package":"fairdrop","Test":"TestVerifyWorkflowPinsNativeProofGatesToTheirJobsAndPlatforms","Output":"=== RUN   TestVerifyWorkflowPinsNativeProofGatesToTheirJobsAndPlatforms\n","OutputType":"frame"}
{"Time":"2026-10-07T15:28:52.415855-04:00","Action":"output","Package":"fairdrop","Test":"TestVerifyWorkflowPinsNativeProofGatesToTheirJobsAndPlatforms","Output":"    verify_workflow_test.go:278: native proof gates missing or misplaced: [Prove native acceptance tests detect broken guards Prove native acceptance tests detect broken guards]\n","OutputType":"error"}
{"Time":"2026-10-07T15:28:52.415927-04:00","Action":"output","Package":"fairdrop","Test":"TestVerifyWorkflowPinsNativeProofGatesToTheirJobsAndPlatforms","Output":"--- FAIL: TestVerifyWorkflowPinsNativeProofGatesToTheirJobsAndPlatforms (0.00s)\n","OutputType":"frame"}
{"Time":"2026-10-07T15:28:52.415938-04:00","Action":"fail","Package":"fairdrop","Test":"TestVerifyWorkflowPinsNativeProofGatesToTheirJobsAndPlatforms","Elapsed":0}
{"Time":"2026-10-07T15:28:52.415957-04:00","Action":"output","Package":"fairdrop","Output":"FAIL\n","OutputType":"frame"}
{"Time":"2026-10-07T15:28:52.416605-04:00","Action":"output","Package":"fairdrop","Output":"FAIL\tfairdrop\t0.246s\n","OutputType":"frame"}
{"Time":"2026-10-07T15:28:52.41662-04:00","Action":"fail","Package":"fairdrop","Elapsed":0.246}
KILLED: remove mutation gates by TestVerifyWorkflowPinsNativeProofGatesToTheirJobsAndPlatforms (expected injected assertion failure, not a product failure)
EXPECTED INJECTED FAILURE: hide TCP half-close; requires 'finalizing connection hid TCP CloseWrite' in a failing test/subtest of TestHTTPRejectionsPreserveTCPHalfClose
{"Time":"2026-10-07T15:28:53.067729-04:00","Action":"start","Package":"fairdrop/internal/server"}
{"Time":"2026-10-07T15:28:53.31177-04:00","Action":"run","Package":"fairdrop/internal/server","Test":"TestHTTPRejectionsPreserveTCPHalfClose"}
{"Time":"2026-10-07T15:28:53.311852-04:00","Action":"output","Package":"fairdrop/internal/server","Test":"TestHTTPRejectionsPreserveTCPHalfClose","Output":"=== RUN   TestHTTPRejectionsPreserveTCPHalfClose\n","OutputType":"frame"}
{"Time":"2026-10-07T15:28:53.311902-04:00","Action":"run","Package":"fairdrop/internal/server","Test":"TestHTTPRejectionsPreserveTCPHalfClose/unread-body"}
{"Time":"2026-10-07T15:28:53.311912-04:00","Action":"output","Package":"fairdrop/internal/server","Test":"TestHTTPRejectionsPreserveTCPHalfClose/unread-body","Output":"=== RUN   TestHTTPRejectionsPreserveTCPHalfClose/unread-body\n","OutputType":"frame"}
{"Time":"2026-10-07T15:28:54.315025-04:00","Action":"output","Package":"fairdrop/internal/server","Test":"TestHTTPRejectionsPreserveTCPHalfClose/unread-body","Output":"    finalization_test.go:386: finalizing connection hid TCP CloseWrite\n","OutputType":"error"}
{"Time":"2026-10-07T15:28:54.31517-04:00","Action":"output","Package":"fairdrop/internal/server","Test":"TestHTTPRejectionsPreserveTCPHalfClose/unread-body","Output":"--- FAIL: TestHTTPRejectionsPreserveTCPHalfClose/unread-body (1.00s)\n","OutputType":"frame"}
{"Time":"2026-10-07T15:28:54.315186-04:00","Action":"fail","Package":"fairdrop/internal/server","Test":"TestHTTPRejectionsPreserveTCPHalfClose/unread-body","Elapsed":1}
{"Time":"2026-10-07T15:28:54.315213-04:00","Action":"run","Package":"fairdrop/internal/server","Test":"TestHTTPRejectionsPreserveTCPHalfClose/oversized-header"}
{"Time":"2026-10-07T15:28:54.315227-04:00","Action":"output","Package":"fairdrop/internal/server","Test":"TestHTTPRejectionsPreserveTCPHalfClose/oversized-header","Output":"=== RUN   TestHTTPRejectionsPreserveTCPHalfClose/oversized-header\n","OutputType":"frame"}
{"Time":"2026-10-07T15:28:54.817856-04:00","Action":"output","Package":"fairdrop/internal/server","Test":"TestHTTPRejectionsPreserveTCPHalfClose/oversized-header","Output":"    finalization_test.go:381: HTTP rejection truncated with an unread request\n","OutputType":"error"}
{"Time":"2026-10-07T15:28:54.817919-04:00","Action":"output","Package":"fairdrop/internal/server","Test":"TestHTTPRejectionsPreserveTCPHalfClose/oversized-header","Output":"--- FAIL: TestHTTPRejectionsPreserveTCPHalfClose/oversized-header (0.50s)\n","OutputType":"frame"}
{"Time":"2026-10-07T15:28:54.81793-04:00","Action":"fail","Package":"fairdrop/internal/server","Test":"TestHTTPRejectionsPreserveTCPHalfClose/oversized-header","Elapsed":0.5}
{"Time":"2026-10-07T15:28:54.817944-04:00","Action":"output","Package":"fairdrop/internal/server","Test":"TestHTTPRejectionsPreserveTCPHalfClose","Output":"--- FAIL: TestHTTPRejectionsPreserveTCPHalfClose (1.51s)\n","OutputType":"frame"}
{"Time":"2026-10-07T15:28:54.817953-04:00","Action":"fail","Package":"fairdrop/internal/server","Test":"TestHTTPRejectionsPreserveTCPHalfClose","Elapsed":1.51}
{"Time":"2026-10-07T15:28:54.817963-04:00","Action":"output","Package":"fairdrop/internal/server","Output":"FAIL\n","OutputType":"frame"}
{"Time":"2026-10-07T15:28:54.818612-04:00","Action":"output","Package":"fairdrop/internal/server","Output":"FAIL\tfairdrop/internal/server\t1.751s\n","OutputType":"frame"}
{"Time":"2026-10-07T15:28:54.818644-04:00","Action":"fail","Package":"fairdrop/internal/server","Elapsed":1.751}
KILLED: hide TCP half-close by TestHTTPRejectionsPreserveTCPHalfClose (expected injected assertion failure, not a product failure)
EXPECTED INJECTED FAILURE: admit multiple unresolved calls; requires 'retry admitted additional unresolved filesystem work' in a failing test/subtest of TestSelectionResolutionHonoursAdmissionAndCancellation
{"Time":"2026-10-07T15:28:57.033199-04:00","Action":"start","Package":"fairdrop"}
{"Time":"2026-10-07T15:28:57.310696-04:00","Action":"run","Package":"fairdrop","Test":"TestSelectionResolutionHonoursAdmissionAndCancellation"}
{"Time":"2026-10-07T15:28:57.310757-04:00","Action":"output","Package":"fairdrop","Test":"TestSelectionResolutionHonoursAdmissionAndCancellation","Output":"=== RUN   TestSelectionResolutionHonoursAdmissionAndCancellation\n","OutputType":"frame"}
{"Time":"2026-10-07T15:28:57.310818-04:00","Action":"run","Package":"fairdrop","Test":"TestSelectionResolutionHonoursAdmissionAndCancellation/caller"}
{"Time":"2026-10-07T15:28:57.310839-04:00","Action":"output","Package":"fairdrop","Test":"TestSelectionResolutionHonoursAdmissionAndCancellation/caller","Output":"=== RUN   TestSelectionResolutionHonoursAdmissionAndCancellation/caller\n","OutputType":"frame"}
{"Time":"2026-10-07T15:28:58.31227-04:00","Action":"output","Package":"fairdrop","Test":"TestSelectionResolutionHonoursAdmissionAndCancellation/caller","Output":"    selection_source_test.go:76: retry admitted additional unresolved filesystem work\n","OutputType":"error"}
{"Time":"2026-10-07T15:28:58.312368-04:00","Action":"output","Package":"fairdrop","Test":"TestSelectionResolutionHonoursAdmissionAndCancellation/caller","Output":"--- FAIL: TestSelectionResolutionHonoursAdmissionAndCancellation/caller (1.00s)\n","OutputType":"frame"}
{"Time":"2026-10-07T15:28:58.312381-04:00","Action":"fail","Package":"fairdrop","Test":"TestSelectionResolutionHonoursAdmissionAndCancellation/caller","Elapsed":1}
{"Time":"2026-10-07T15:28:58.312407-04:00","Action":"run","Package":"fairdrop","Test":"TestSelectionResolutionHonoursAdmissionAndCancellation/cancel"}
{"Time":"2026-10-07T15:28:58.312412-04:00","Action":"output","Package":"fairdrop","Test":"TestSelectionResolutionHonoursAdmissionAndCancellation/cancel","Output":"=== RUN   TestSelectionResolutionHonoursAdmissionAndCancellation/cancel\n","OutputType":"frame"}
{"Time":"2026-10-07T15:28:59.314386-04:00","Action":"output","Package":"fairdrop","Test":"TestSelectionResolutionHonoursAdmissionAndCancellation/cancel","Output":"    selection_source_test.go:76: retry admitted additional unresolved filesystem work\n","OutputType":"error"}
{"Time":"2026-10-07T15:28:59.314431-04:00","Action":"output","Package":"fairdrop","Test":"TestSelectionResolutionHonoursAdmissionAndCancellation/cancel","Output":"--- FAIL: TestSelectionResolutionHonoursAdmissionAndCancellation/cancel (1.00s)\n","OutputType":"frame"}
{"Time":"2026-10-07T15:28:59.314443-04:00","Action":"fail","Package":"fairdrop","Test":"TestSelectionResolutionHonoursAdmissionAndCancellation/cancel","Elapsed":1}
{"Time":"2026-10-07T15:28:59.31445-04:00","Action":"run","Package":"fairdrop","Test":"TestSelectionResolutionHonoursAdmissionAndCancellation/shutdown"}
{"Time":"2026-10-07T15:28:59.314455-04:00","Action":"output","Package":"fairdrop","Test":"TestSelectionResolutionHonoursAdmissionAndCancellation/shutdown","Output":"=== RUN   TestSelectionResolutionHonoursAdmissionAndCancellation/shutdown\n","OutputType":"frame"}
{"Time":"2026-10-07T15:28:59.314506-04:00","Action":"output","Package":"fairdrop","Test":"TestSelectionResolutionHonoursAdmissionAndCancellation/shutdown","Output":"--- PASS: TestSelectionResolutionHonoursAdmissionAndCancellation/shutdown (0.00s)\n","OutputType":"frame"}
{"Time":"2026-10-07T15:28:59.314535-04:00","Action":"pass","Package":"fairdrop","Test":"TestSelectionResolutionHonoursAdmissionAndCancellation/shutdown","Elapsed":0}
{"Time":"2026-10-07T15:28:59.314543-04:00","Action":"output","Package":"fairdrop","Test":"TestSelectionResolutionHonoursAdmissionAndCancellation","Output":"--- FAIL: TestSelectionResolutionHonoursAdmissionAndCancellation (2.00s)\n","OutputType":"frame"}
{"Time":"2026-10-07T15:28:59.314548-04:00","Action":"fail","Package":"fairdrop","Test":"TestSelectionResolutionHonoursAdmissionAndCancellation","Elapsed":2}
{"Time":"2026-10-07T15:28:59.314555-04:00","Action":"output","Package":"fairdrop","Output":"FAIL\n","OutputType":"frame"}
{"Time":"2026-10-07T15:28:59.315374-04:00","Action":"output","Package":"fairdrop","Output":"FAIL\tfairdrop\t2.282s\n","OutputType":"frame"}
{"Time":"2026-10-07T15:28:59.3154-04:00","Action":"fail","Package":"fairdrop","Elapsed":2.282}
KILLED: admit multiple unresolved calls by TestSelectionResolutionHonoursAdmissionAndCancellation (expected injected assertion failure, not a product failure)
EXPECTED INJECTED FAILURE: ignore cancellation at result delivery; requires 'cancelled result reached raw Inspect or network instead of cancelled refusal' in a failing test/subtest of TestSelectionResolutionCancellationImmediatelyBeforeResult
{"Time":"2026-10-07T15:29:01.480686-04:00","Action":"start","Package":"fairdrop"}
{"Time":"2026-10-07T15:29:01.752445-04:00","Action":"run","Package":"fairdrop","Test":"TestSelectionResolutionCancellationImmediatelyBeforeResult"}
{"Time":"2026-10-07T15:29:01.752546-04:00","Action":"output","Package":"fairdrop","Test":"TestSelectionResolutionCancellationImmediatelyBeforeResult","Output":"=== RUN   TestSelectionResolutionCancellationImmediatelyBeforeResult\n","OutputType":"frame"}
{"Time":"2026-10-07T15:29:01.752806-04:00","Action":"output","Package":"fairdrop","Test":"TestSelectionResolutionCancellationImmediatelyBeforeResult","Output":"    selection_source_test.go:341: cancelled result reached raw Inspect or network instead of cancelled refusal\n","OutputType":"error"}
{"Time":"2026-10-07T15:29:01.752967-04:00","Action":"output","Package":"fairdrop","Test":"TestSelectionResolutionCancellationImmediatelyBeforeResult","Output":"--- FAIL: TestSelectionResolutionCancellationImmediatelyBeforeResult (0.00s)\n","OutputType":"frame"}
{"Time":"2026-10-07T15:29:01.752986-04:00","Action":"fail","Package":"fairdrop","Test":"TestSelectionResolutionCancellationImmediatelyBeforeResult","Elapsed":0}
{"Time":"2026-10-07T15:29:01.753-04:00","Action":"output","Package":"fairdrop","Output":"FAIL\n","OutputType":"frame"}
{"Time":"2026-10-07T15:29:01.753883-04:00","Action":"output","Package":"fairdrop","Output":"FAIL\tfairdrop\t0.273s\n","OutputType":"frame"}
{"Time":"2026-10-07T15:29:01.753911-04:00","Action":"fail","Package":"fairdrop","Elapsed":0.273}
KILLED: ignore cancellation at result delivery by TestSelectionResolutionCancellationImmediatelyBeforeResult (expected injected assertion failure, not a product failure)
EXPECTED INJECTED FAILURE: bypass result acceptance gate; requires 'production result arm bypasses cancellation acceptance gate' in a failing test/subtest of TestSelectionResolutionCancellationImmediatelyBeforeResult
{"Time":"2026-10-07T15:29:03.794433-04:00","Action":"start","Package":"fairdrop"}
{"Time":"2026-10-07T15:29:04.07317-04:00","Action":"run","Package":"fairdrop","Test":"TestSelectionResolutionCancellationImmediatelyBeforeResult"}
{"Time":"2026-10-07T15:29:04.07325-04:00","Action":"output","Package":"fairdrop","Test":"TestSelectionResolutionCancellationImmediatelyBeforeResult","Output":"=== RUN   TestSelectionResolutionCancellationImmediatelyBeforeResult\n","OutputType":"frame"}
{"Time":"2026-10-07T15:29:04.073701-04:00","Action":"output","Package":"fairdrop","Test":"TestSelectionResolutionCancellationImmediatelyBeforeResult","Output":"    selection_source_test.go:348: production result arm bypasses cancellation acceptance gate\n","OutputType":"error"}
{"Time":"2026-10-07T15:29:04.073837-04:00","Action":"output","Package":"fairdrop","Test":"TestSelectionResolutionCancellationImmediatelyBeforeResult","Output":"--- FAIL: TestSelectionResolutionCancellationImmediatelyBeforeResult (0.00s)\n","OutputType":"frame"}
{"Time":"2026-10-07T15:29:04.073848-04:00","Action":"fail","Package":"fairdrop","Test":"TestSelectionResolutionCancellationImmediatelyBeforeResult","Elapsed":0}
{"Time":"2026-10-07T15:29:04.07387-04:00","Action":"output","Package":"fairdrop","Output":"FAIL\n","OutputType":"frame"}
{"Time":"2026-10-07T15:29:04.074856-04:00","Action":"output","Package":"fairdrop","Output":"FAIL\tfairdrop\t0.280s\n","OutputType":"frame"}
{"Time":"2026-10-07T15:29:04.074884-04:00","Action":"fail","Package":"fairdrop","Elapsed":0.28}
KILLED: bypass result acceptance gate by TestSelectionResolutionCancellationImmediatelyBeforeResult (expected injected assertion failure, not a product failure)
EXPECTED INJECTED FAILURE: canonicalize away root escape; requires 'root escape must remain path_unsupported' in a failing test/subtest of TestNativeRootEscapeRemainsPathUnsupported
{"Time":"2026-10-07T15:29:06.09338-04:00","Action":"start","Package":"fairdrop"}
{"Time":"2026-10-07T15:29:06.374931-04:00","Action":"run","Package":"fairdrop","Test":"TestNativeRootEscapeRemainsPathUnsupported"}
{"Time":"2026-10-07T15:29:06.375047-04:00","Action":"output","Package":"fairdrop","Test":"TestNativeRootEscapeRemainsPathUnsupported","Output":"=== RUN   TestNativeRootEscapeRemainsPathUnsupported\n","OutputType":"frame"}
{"Time":"2026-10-07T15:29:06.375819-04:00","Action":"run","Package":"fairdrop","Test":"TestNativeRootEscapeRemainsPathUnsupported/0"}
{"Time":"2026-10-07T15:29:06.375833-04:00","Action":"output","Package":"fairdrop","Test":"TestNativeRootEscapeRemainsPathUnsupported/0","Output":"=== RUN   TestNativeRootEscapeRemainsPathUnsupported/0\n","OutputType":"frame"}
{"Time":"2026-10-07T15:29:06.388095-04:00","Action":"output","Package":"fairdrop","Test":"TestNativeRootEscapeRemainsPathUnsupported/0","Output":"    native_matrix_test.go:585: root escape must remain path_unsupported: code=\n","OutputType":"error"}
{"Time":"2026-10-07T15:29:06.388316-04:00","Action":"output","Package":"fairdrop","Test":"TestNativeRootEscapeRemainsPathUnsupported/0","Output":"--- FAIL: TestNativeRootEscapeRemainsPathUnsupported/0 (0.01s)\n","OutputType":"frame"}
{"Time":"2026-10-07T15:29:06.388333-04:00","Action":"fail","Package":"fairdrop","Test":"TestNativeRootEscapeRemainsPathUnsupported/0","Elapsed":0.01}
{"Time":"2026-10-07T15:29:06.388709-04:00","Action":"output","Package":"fairdrop","Test":"TestNativeRootEscapeRemainsPathUnsupported","Output":"--- FAIL: TestNativeRootEscapeRemainsPathUnsupported (0.01s)\n","OutputType":"frame"}
{"Time":"2026-10-07T15:29:06.38872-04:00","Action":"fail","Package":"fairdrop","Test":"TestNativeRootEscapeRemainsPathUnsupported","Elapsed":0.01}
{"Time":"2026-10-07T15:29:06.388729-04:00","Action":"output","Package":"fairdrop","Output":"FAIL\n","OutputType":"frame"}
{"Time":"2026-10-07T15:29:06.389693-04:00","Action":"output","Package":"fairdrop","Output":"FAIL\tfairdrop\t0.296s\n","OutputType":"frame"}
{"Time":"2026-10-07T15:29:06.389715-04:00","Action":"fail","Package":"fairdrop","Elapsed":0.296}
KILLED: canonicalize away root escape by TestNativeRootEscapeRemainsPathUnsupported (expected injected assertion failure, not a product failure)
EXPECTED INJECTED FAILURE: ignore empty-file header short write; requires 'failed empty-file final write was not reported as transfer_failed' in a failing test/subtest of TestHeaderOnlyFinalizationWaitsAndRetainsFailureCodes
{"Time":"2026-10-07T15:29:06.856057-04:00","Action":"start","Package":"fairdrop/internal/server"}
{"Time":"2026-10-07T15:29:07.10165-04:00","Action":"run","Package":"fairdrop/internal/server","Test":"TestHeaderOnlyFinalizationWaitsAndRetainsFailureCodes"}
{"Time":"2026-10-07T15:29:07.101769-04:00","Action":"output","Package":"fairdrop/internal/server","Test":"TestHeaderOnlyFinalizationWaitsAndRetainsFailureCodes","Output":"=== RUN   TestHeaderOnlyFinalizationWaitsAndRetainsFailureCodes\n","OutputType":"frame"}
{"Time":"2026-10-07T15:29:07.101879-04:00","Action":"run","Package":"fairdrop/internal/server","Test":"TestHeaderOnlyFinalizationWaitsAndRetainsFailureCodes/empty-file/success"}
{"Time":"2026-10-07T15:29:07.101902-04:00","Action":"output","Package":"fairdrop/internal/server","Test":"TestHeaderOnlyFinalizationWaitsAndRetainsFailureCodes/empty-file/success","Output":"=== RUN   TestHeaderOnlyFinalizationWaitsAndRetainsFailureCodes/empty-file/success\n","OutputType":"frame"}
{"Time":"2026-10-07T15:29:07.104622-04:00","Action":"output","Package":"fairdrop/internal/server","Test":"TestHeaderOnlyFinalizationWaitsAndRetainsFailureCodes/empty-file/success","Output":"--- PASS: TestHeaderOnlyFinalizationWaitsAndRetainsFailureCodes/empty-file/success (0.00s)\n","OutputType":"frame"}
{"Time":"2026-10-07T15:29:07.104638-04:00","Action":"pass","Package":"fairdrop/internal/server","Test":"TestHeaderOnlyFinalizationWaitsAndRetainsFailureCodes/empty-file/success","Elapsed":0}
{"Time":"2026-10-07T15:29:07.104657-04:00","Action":"run","Package":"fairdrop/internal/server","Test":"TestHeaderOnlyFinalizationWaitsAndRetainsFailureCodes/empty-file/write-error"}
{"Time":"2026-10-07T15:29:07.104665-04:00","Action":"output","Package":"fairdrop/internal/server","Test":"TestHeaderOnlyFinalizationWaitsAndRetainsFailureCodes/empty-file/write-error","Output":"=== RUN   TestHeaderOnlyFinalizationWaitsAndRetainsFailureCodes/empty-file/write-error\n","OutputType":"frame"}
{"Time":"2026-10-07T15:29:07.105332-04:00","Action":"output","Package":"fairdrop/internal/server","Test":"TestHeaderOnlyFinalizationWaitsAndRetainsFailureCodes/empty-file/write-error","Output":"--- PASS: TestHeaderOnlyFinalizationWaitsAndRetainsFailureCodes/empty-file/write-error (0.00s)\n","OutputType":"frame"}
{"Time":"2026-10-07T15:29:07.105352-04:00","Action":"pass","Package":"fairdrop/internal/server","Test":"TestHeaderOnlyFinalizationWaitsAndRetainsFailureCodes/empty-file/write-error","Elapsed":0}
{"Time":"2026-10-07T15:29:07.105372-04:00","Action":"run","Package":"fairdrop/internal/server","Test":"TestHeaderOnlyFinalizationWaitsAndRetainsFailureCodes/empty-file/short-write"}
{"Time":"2026-10-07T15:29:07.105382-04:00","Action":"output","Package":"fairdrop/internal/server","Test":"TestHeaderOnlyFinalizationWaitsAndRetainsFailureCodes/empty-file/short-write","Output":"=== RUN   TestHeaderOnlyFinalizationWaitsAndRetainsFailureCodes/empty-file/short-write\n","OutputType":"frame"}
{"Time":"2026-10-07T15:29:07.105822-04:00","Action":"output","Package":"fairdrop/internal/server","Test":"TestHeaderOnlyFinalizationWaitsAndRetainsFailureCodes/empty-file/short-write","Output":"    finalization_test.go:204: failed empty-file final write was not reported as transfer_failed\n","OutputType":"error"}
{"Time":"2026-10-07T15:29:07.105837-04:00","Action":"output","Package":"fairdrop/internal/server","Test":"TestHeaderOnlyFinalizationWaitsAndRetainsFailureCodes/empty-file/short-write","Output":"--- FAIL: TestHeaderOnlyFinalizationWaitsAndRetainsFailureCodes/empty-file/short-write (0.00s)\n","OutputType":"frame"}
{"Time":"2026-10-07T15:29:07.105847-04:00","Action":"fail","Package":"fairdrop/internal/server","Test":"TestHeaderOnlyFinalizationWaitsAndRetainsFailureCodes/empty-file/short-write","Elapsed":0}
{"Time":"2026-10-07T15:29:07.105854-04:00","Action":"run","Package":"fairdrop/internal/server","Test":"TestHeaderOnlyFinalizationWaitsAndRetainsFailureCodes/empty-file/cancel"}
{"Time":"2026-10-07T15:29:07.105872-04:00","Action":"output","Package":"fairdrop/internal/server","Test":"TestHeaderOnlyFinalizationWaitsAndRetainsFailureCodes/empty-file/cancel","Output":"=== RUN   TestHeaderOnlyFinalizationWaitsAndRetainsFailureCodes/empty-file/cancel\n","OutputType":"frame"}
{"Time":"2026-10-07T15:29:07.106385-04:00","Action":"output","Package":"fairdrop/internal/server","Test":"TestHeaderOnlyFinalizationWaitsAndRetainsFailureCodes/empty-file/cancel","Output":"--- PASS: TestHeaderOnlyFinalizationWaitsAndRetainsFailureCodes/empty-file/cancel (0.00s)\n","OutputType":"frame"}
{"Time":"2026-10-07T15:29:07.106395-04:00","Action":"pass","Package":"fairdrop/internal/server","Test":"TestHeaderOnlyFinalizationWaitsAndRetainsFailureCodes/empty-file/cancel","Elapsed":0}
{"Time":"2026-10-07T15:29:07.106405-04:00","Action":"run","Package":"fairdrop/internal/server","Test":"TestHeaderOnlyFinalizationWaitsAndRetainsFailureCodes/preparation-failure/success"}
{"Time":"2026-10-07T15:29:07.10641-04:00","Action":"output","Package":"fairdrop/internal/server","Test":"TestHeaderOnlyFinalizationWaitsAndRetainsFailureCodes/preparation-failure/success","Output":"=== RUN   TestHeaderOnlyFinalizationWaitsAndRetainsFailureCodes/preparation-failure/success\n","OutputType":"frame"}
{"Time":"2026-10-07T15:29:07.106845-04:00","Action":"output","Package":"fairdrop/internal/server","Test":"TestHeaderOnlyFinalizationWaitsAndRetainsFailureCodes/preparation-failure/success","Output":"--- PASS: TestHeaderOnlyFinalizationWaitsAndRetainsFailureCodes/preparation-failure/success (0.00s)\n","OutputType":"frame"}
{"Time":"2026-10-07T15:29:07.106854-04:00","Action":"pass","Package":"fairdrop/internal/server","Test":"TestHeaderOnlyFinalizationWaitsAndRetainsFailureCodes/preparation-failure/success","Elapsed":0}
{"Time":"2026-10-07T15:29:07.106866-04:00","Action":"run","Package":"fairdrop/internal/server","Test":"TestHeaderOnlyFinalizationWaitsAndRetainsFailureCodes/preparation-failure/write-error"}
{"Time":"2026-10-07T15:29:07.106874-04:00","Action":"output","Package":"fairdrop/internal/server","Test":"TestHeaderOnlyFinalizationWaitsAndRetainsFailureCodes/preparation-failure/write-error","Output":"=== RUN   TestHeaderOnlyFinalizationWaitsAndRetainsFailureCodes/preparation-failure/write-error\n","OutputType":"frame"}
{"Time":"2026-10-07T15:29:07.10732-04:00","Action":"output","Package":"fairdrop/internal/server","Test":"TestHeaderOnlyFinalizationWaitsAndRetainsFailureCodes/preparation-failure/write-error","Output":"--- PASS: TestHeaderOnlyFinalizationWaitsAndRetainsFailureCodes/preparation-failure/write-error (0.00s)\n","OutputType":"frame"}
{"Time":"2026-10-07T15:29:07.107332-04:00","Action":"pass","Package":"fairdrop/internal/server","Test":"TestHeaderOnlyFinalizationWaitsAndRetainsFailureCodes/preparation-failure/write-error","Elapsed":0}
{"Time":"2026-10-07T15:29:07.107346-04:00","Action":"run","Package":"fairdrop/internal/server","Test":"TestHeaderOnlyFinalizationWaitsAndRetainsFailureCodes/preparation-failure/short-write"}
{"Time":"2026-10-07T15:29:07.107353-04:00","Action":"output","Package":"fairdrop/internal/server","Test":"TestHeaderOnlyFinalizationWaitsAndRetainsFailureCodes/preparation-failure/short-write","Output":"=== RUN   TestHeaderOnlyFinalizationWaitsAndRetainsFailureCodes/preparation-failure/short-write\n","OutputType":"frame"}
{"Time":"2026-10-07T15:29:07.107752-04:00","Action":"output","Package":"fairdrop/internal/server","Test":"TestHeaderOnlyFinalizationWaitsAndRetainsFailureCodes/preparation-failure/short-write","Output":"--- PASS: TestHeaderOnlyFinalizationWaitsAndRetainsFailureCodes/preparation-failure/short-write (0.00s)\n","OutputType":"frame"}
{"Time":"2026-10-07T15:29:07.107763-04:00","Action":"pass","Package":"fairdrop/internal/server","Test":"TestHeaderOnlyFinalizationWaitsAndRetainsFailureCodes/preparation-failure/short-write","Elapsed":0}
{"Time":"2026-10-07T15:29:07.107769-04:00","Action":"run","Package":"fairdrop/internal/server","Test":"TestHeaderOnlyFinalizationWaitsAndRetainsFailureCodes/preparation-failure/cancel"}
{"Time":"2026-10-07T15:29:07.107774-04:00","Action":"output","Package":"fairdrop/internal/server","Test":"TestHeaderOnlyFinalizationWaitsAndRetainsFailureCodes/preparation-failure/cancel","Output":"=== RUN   TestHeaderOnlyFinalizationWaitsAndRetainsFailureCodes/preparation-failure/cancel\n","OutputType":"frame"}
{"Time":"2026-10-07T15:29:07.108231-04:00","Action":"output","Package":"fairdrop/internal/server","Test":"TestHeaderOnlyFinalizationWaitsAndRetainsFailureCodes/preparation-failure/cancel","Output":"--- PASS: TestHeaderOnlyFinalizationWaitsAndRetainsFailureCodes/preparation-failure/cancel (0.00s)\n","OutputType":"frame"}
{"Time":"2026-10-07T15:29:07.10824-04:00","Action":"pass","Package":"fairdrop/internal/server","Test":"TestHeaderOnlyFinalizationWaitsAndRetainsFailureCodes/preparation-failure/cancel","Elapsed":0}
{"Time":"2026-10-07T15:29:07.108247-04:00","Action":"output","Package":"fairdrop/internal/server","Test":"TestHeaderOnlyFinalizationWaitsAndRetainsFailureCodes","Output":"--- FAIL: TestHeaderOnlyFinalizationWaitsAndRetainsFailureCodes (0.01s)\n","OutputType":"frame"}
{"Time":"2026-10-07T15:29:07.108253-04:00","Action":"fail","Package":"fairdrop/internal/server","Test":"TestHeaderOnlyFinalizationWaitsAndRetainsFailureCodes","Elapsed":0.01}
{"Time":"2026-10-07T15:29:07.108264-04:00","Action":"output","Package":"fairdrop/internal/server","Output":"FAIL\n","OutputType":"frame"}
{"Time":"2026-10-07T15:29:07.109278-04:00","Action":"output","Package":"fairdrop/internal/server","Output":"FAIL\tfairdrop/internal/server\t0.253s\n","OutputType":"frame"}
{"Time":"2026-10-07T15:29:07.109303-04:00","Action":"fail","Package":"fairdrop/internal/server","Elapsed":0.253}
KILLED: ignore empty-file header short write by TestHeaderOnlyFinalizationWaitsAndRetainsFailureCodes (expected injected assertion failure, not a product failure)
EXPECTED INJECTED FAILURE: replace executable vet with comment; requires 'executable gate fields differ' in a failing test/subtest of TestVerifyWorkflowExecutesGateCommandsInActiveFields
{"Time":"2026-10-07T15:29:07.807415-04:00","Action":"start","Package":"fairdrop"}
{"Time":"2026-10-07T15:29:08.073692-04:00","Action":"run","Package":"fairdrop","Test":"TestVerifyWorkflowExecutesGateCommandsInActiveFields"}
{"Time":"2026-10-07T15:29:08.073793-04:00","Action":"output","Package":"fairdrop","Test":"TestVerifyWorkflowExecutesGateCommandsInActiveFields","Output":"=== RUN   TestVerifyWorkflowExecutesGateCommandsInActiveFields\n","OutputType":"frame"}
{"Time":"2026-10-07T15:29:08.074683-04:00","Action":"output","Package":"fairdrop","Test":"TestVerifyWorkflowExecutesGateCommandsInActiveFields","Output":"    verify_workflow_test.go:386: executable gate fields differ: [verify/go vet]\n","OutputType":"error"}
{"Time":"2026-10-07T15:29:08.074734-04:00","Action":"output","Package":"fairdrop","Test":"TestVerifyWorkflowExecutesGateCommandsInActiveFields","Output":"--- FAIL: TestVerifyWorkflowExecutesGateCommandsInActiveFields (0.00s)\n","OutputType":"frame"}
{"Time":"2026-10-07T15:29:08.074745-04:00","Action":"fail","Package":"fairdrop","Test":"TestVerifyWorkflowExecutesGateCommandsInActiveFields","Elapsed":0}
{"Time":"2026-10-07T15:29:08.074762-04:00","Action":"output","Package":"fairdrop","Output":"FAIL\n","OutputType":"frame"}
{"Time":"2026-10-07T15:29:08.076439-04:00","Action":"output","Package":"fairdrop","Output":"FAIL\tfairdrop\t0.269s\n","OutputType":"frame"}
{"Time":"2026-10-07T15:29:08.076469-04:00","Action":"fail","Package":"fairdrop","Elapsed":0.269}
KILLED: replace executable vet with comment by TestVerifyWorkflowExecutesGateCommandsInActiveFields (expected injected assertion failure, not a product failure)
EXPECTED INJECTED FAILURE: exceed retained handle cap; requires 'want "path_unsupported"' in a failing test/subtest of TestDirectoryHandleBudgetIncludesAncestorsAndPreparedPin
{"Time":"2026-10-07T15:29:08.541175-04:00","Action":"start","Package":"fairdrop/internal/source"}
{"Time":"2026-10-07T15:29:08.752984-04:00","Action":"run","Package":"fairdrop/internal/source","Test":"TestDirectoryHandleBudgetIncludesAncestorsAndPreparedPin"}
{"Time":"2026-10-07T15:29:08.753115-04:00","Action":"output","Package":"fairdrop/internal/source","Test":"TestDirectoryHandleBudgetIncludesAncestorsAndPreparedPin","Output":"=== RUN   TestDirectoryHandleBudgetIncludesAncestorsAndPreparedPin\n","OutputType":"frame"}
{"Time":"2026-10-07T15:29:08.753194-04:00","Action":"run","Package":"fairdrop/internal/source","Test":"TestDirectoryHandleBudgetIncludesAncestorsAndPreparedPin/53"}
{"Time":"2026-10-07T15:29:08.753204-04:00","Action":"output","Package":"fairdrop/internal/source","Test":"TestDirectoryHandleBudgetIncludesAncestorsAndPreparedPin/53","Output":"=== RUN   TestDirectoryHandleBudgetIncludesAncestorsAndPreparedPin/53\n","OutputType":"frame"}
{"Time":"2026-10-07T15:29:08.75363-04:00","Action":"output","Package":"fairdrop/internal/source","Test":"TestDirectoryHandleBudgetIncludesAncestorsAndPreparedPin/53","Output":"--- PASS: TestDirectoryHandleBudgetIncludesAncestorsAndPreparedPin/53 (0.00s)\n","OutputType":"frame"}
{"Time":"2026-10-07T15:29:08.753645-04:00","Action":"pass","Package":"fairdrop/internal/source","Test":"TestDirectoryHandleBudgetIncludesAncestorsAndPreparedPin/53","Elapsed":0}
{"Time":"2026-10-07T15:29:08.753672-04:00","Action":"run","Package":"fairdrop/internal/source","Test":"TestDirectoryHandleBudgetIncludesAncestorsAndPreparedPin/54"}
{"Time":"2026-10-07T15:29:08.75368-04:00","Action":"output","Package":"fairdrop/internal/source","Test":"TestDirectoryHandleBudgetIncludesAncestorsAndPreparedPin/54","Output":"=== RUN   TestDirectoryHandleBudgetIncludesAncestorsAndPreparedPin/54\n","OutputType":"frame"}
{"Time":"2026-10-07T15:29:08.753974-04:00","Action":"output","Package":"fairdrop/internal/source","Test":"TestDirectoryHandleBudgetIncludesAncestorsAndPreparedPin/54","Output":"    hardening_test.go:41: error = \u003cnil\u003e, code = \"\", want \"path_unsupported\"\n","OutputType":"error"}
{"Time":"2026-10-07T15:29:08.753996-04:00","Action":"output","Package":"fairdrop/internal/source","Test":"TestDirectoryHandleBudgetIncludesAncestorsAndPreparedPin/54","Output":"--- FAIL: TestDirectoryHandleBudgetIncludesAncestorsAndPreparedPin/54 (0.00s)\n","OutputType":"frame"}
{"Time":"2026-10-07T15:29:08.754005-04:00","Action":"fail","Package":"fairdrop/internal/source","Test":"TestDirectoryHandleBudgetIncludesAncestorsAndPreparedPin/54","Elapsed":0}
{"Time":"2026-10-07T15:29:08.754015-04:00","Action":"output","Package":"fairdrop/internal/source","Test":"TestDirectoryHandleBudgetIncludesAncestorsAndPreparedPin","Output":"--- FAIL: TestDirectoryHandleBudgetIncludesAncestorsAndPreparedPin (0.00s)\n","OutputType":"frame"}
{"Time":"2026-10-07T15:29:08.754024-04:00","Action":"fail","Package":"fairdrop/internal/source","Test":"TestDirectoryHandleBudgetIncludesAncestorsAndPreparedPin","Elapsed":0}
{"Time":"2026-10-07T15:29:08.754035-04:00","Action":"output","Package":"fairdrop/internal/source","Output":"FAIL\n","OutputType":"frame"}
{"Time":"2026-10-07T15:29:08.754887-04:00","Action":"output","Package":"fairdrop/internal/source","Output":"FAIL\tfairdrop/internal/source\t0.213s\n","OutputType":"frame"}
{"Time":"2026-10-07T15:29:08.754908-04:00","Action":"fail","Package":"fairdrop/internal/source","Elapsed":0.214}
KILLED: exceed retained handle cap by TestDirectoryHandleBudgetIncludesAncestorsAndPreparedPin (expected injected assertion failure, not a product failure)
pin reservation mutation did not match
